HomePlanet,CryoSleep,Destination,Age,VIP,RoomService,FoodCourt,ShoppingMall,Spa,VRDeck,Transported,Deck,Num,Side
Earth,False,TRAPPIST-1e,28.0,False,0.0,55.0,0.0,656.0,0.0,False,,,
Earth,False,TRAPPIST-1e,17.0,False,0.0,1195.0,31.0,0.0,0.0,False,F,575,P
Europa,True,55 Cancri e,28.0,False,0.0,0.0,0.0,0.0,0.0,True,C,329,S
Mars,False,TRAPPIST-1e,20.0,False,,2.0,289.0,976.0,0.0,True,F,1800,P
Europa,True,55 Cancri e,36.0,False,0.0,0.0,0.0,0.0,0.0,True,C,18,P
Mars,False,TRAPPIST-1e,37.0,False,1000.0,0.0,80.0,40.0,0.0,False,F,1601,P
Mars,True,55 Cancri e,25.0,False,0.0,0.0,0.0,0.0,,True,F,86,S
Earth,True,TRAPPIST-1e,32.0,False,0.0,0.0,0.0,0.0,0.0,True,G,1122,P
Europa,True,TRAPPIST-1e,32.0,False,0.0,0.0,0.0,0.0,0.0,False,B,261,P
Earth,False,TRAPPIST-1e,21.0,False,644.0,0.0,0.0,0.0,2.0,False,F,1561,S
Europa,False,TRAPPIST-1e,40.0,True,0.0,11.0,0.0,2205.0,1295.0,True,C,105,S
Earth,False,TRAPPIST-1e,15.0,False,0.0,610.0,267.0,,0.0,False,F,1469,P
Mars,False,TRAPPIST-1e,31.0,False,915.0,0.0,1313.0,370.0,0.0,False,F,1278,P
Mars,False,TRAPPIST-1e,41.0,False,396.0,0.0,653.0,0.0,0.0,False,E,529,P
Mars,False,TRAPPIST-1e,30.0,False,531.0,807.0,35.0,200.0,0.0,False,F,893,S
,False,PSO J318.5-22,32.0,False,0.0,58.0,0.0,0.0,642.0,True,G,330,P
Mars,False,TRAPPIST-1e,38.0,True,66.0,0.0,991.0,0.0,0.0,False,D,113,P
Earth,True,55 Cancri e,27.0,False,0.0,0.0,0.0,0.0,0.0,True,G,376,P
Earth,False,55 Cancri e,4.0,False,0.0,0.0,0.0,0.0,0.0,False,G,1417,S
Earth,False,TRAPPIST-1e,20.0,False,0.0,52.0,0.0,110.0,614.0,False,F,1545,S
Earth,False,TRAPPIST-1e,45.0,False,2.0,338.0,307.0,64.0,0.0,False,F,1746,S
Europa,False,TRAPPIST-1e,46.0,False,0.0,3477.0,0.0,1.0,5543.0,False,D,171,S
Mars,False,TRAPPIST-1e,58.0,False,55.0,0.0,756.0,246.0,100.0,False,F,211,S
Earth,True,TRAPPIST-1e,2.0,False,0.0,0.0,0.0,0.0,0.0,True,G,660,S
Europa,True,55 Cancri e,45.0,False,0.0,0.0,0.0,0.0,0.0,True,B,119,P
Earth,False,55 Cancri e,13.0,False,8.0,1385.0,1445.0,250.0,8.0,True,F,872,S
Europa,True,TRAPPIST-1e,32.0,False,,0.0,0.0,0.0,0.0,True,E,426,P
Mars,False,TRAPPIST-1e,,False,236.0,699.0,332.0,31.0,0.0,True,E,406,S
Mars,False,TRAPPIST-1e,22.0,False,804.0,0.0,378.0,0.0,0.0,False,E,352,P
Europa,True,TRAPPIST-1e,29.0,False,0.0,0.0,0.0,0.0,0.0,True,E,6,S
Earth,False,55 Cancri e,19.0,False,0.0,0.0,717.0,1.0,0.0,True,E,579,S
Europa,False,TRAPPIST-1e,31.0,False,0.0,2520.0,1.0,1.0,0.0,True,B,183,S
Earth,False,TRAPPIST-1e,30.0,False,0.0,495.0,,0.0,153.0,False,F,295,P
Europa,True,55 Cancri e,,False,0.0,0.0,0.0,0.0,,True,D,20,S
Earth,False,PSO J318.5-22,28.0,False,545.0,0.0,501.0,0.0,0.0,False,F,1400,P
Mars,True,TRAPPIST-1e,44.0,False,0.0,0.0,0.0,0.0,0.0,True,F,1779,S
Earth,False,TRAPPIST-1e,18.0,False,0.0,18.0,73.0,2134.0,25.0,False,F,1427,P
Mars,True,TRAPPIST-1e,16.0,False,0.0,0.0,0.0,0.0,0.0,True,F,416,S
Earth,False,TRAPPIST-1e,7.0,False,0.0,0.0,0.0,0.0,0.0,True,G,94,P
Earth,False,TRAPPIST-1e,19.0,False,0.0,0.0,79.0,,0.0,False,F,499,P
Europa,False,TRAPPIST-1e,40.0,False,0.0,1674.0,0.0,269.0,4.0,True,C,339,S
Earth,,PSO J318.5-22,23.0,False,64.0,4.0,0.0,1125.0,,False,F,1463,P
Europa,True,55 Cancri e,29.0,False,0.0,0.0,0.0,0.0,0.0,True,B,86,S
Europa,True,55 Cancri e,35.0,False,0.0,0.0,0.0,0.0,0.0,True,D,250,P
Mars,False,TRAPPIST-1e,56.0,False,4694.0,0.0,2661.0,51.0,0.0,False,F,356,P
Earth,True,TRAPPIST-1e,20.0,False,0.0,0.0,0.0,0.0,0.0,True,G,1349,S
Earth,False,55 Cancri e,31.0,False,23.0,0.0,0.0,,17.0,False,G,731,S
Earth,True,PSO J318.5-22,26.0,False,0.0,0.0,0.0,0.0,0.0,False,G,81,P
Earth,True,TRAPPIST-1e,51.0,False,0.0,0.0,0.0,0.0,0.0,False,G,1137,P
Earth,False,PSO J318.5-22,22.0,False,0.0,0.0,0.0,48.0,653.0,True,G,1020,S
Earth,True,PSO J318.5-22,27.0,False,0.0,,0.0,0.0,0.0,False,G,36,S
Earth,False,TRAPPIST-1e,20.0,False,0.0,142.0,0.0,3528.0,92.0,False,G,1317,P
Earth,True,TRAPPIST-1e,19.0,False,0.0,0.0,0.0,0.0,0.0,False,G,1312,S
Earth,False,TRAPPIST-1e,9.0,False,0.0,0.0,0.0,0.0,,True,G,926,S
Earth,False,TRAPPIST-1e,27.0,False,0.0,0.0,0.0,545.0,89.0,False,F,1805,P
Europa,True,55 Cancri e,26.0,False,0.0,0.0,0.0,0.0,0.0,True,C,268,P
Earth,False,TRAPPIST-1e,24.0,False,47.0,0.0,10.0,139.0,1406.0,False,E,66,S
Earth,False,TRAPPIST-1e,18.0,False,0.0,0.0,0.0,702.0,0.0,False,F,998,P
Europa,False,TRAPPIST-1e,55.0,False,0.0,5971.0,158.0,4125.0,1984.0,False,C,112,P
Earth,True,TRAPPIST-1e,15.0,False,0.0,0.0,0.0,0.0,0.0,True,G,1078,S
Earth,False,PSO J318.5-22,24.0,False,16.0,0.0,1136.0,0.0,40.0,True,F,826,P
Earth,True,TRAPPIST-1e,13.0,False,0.0,0.0,0.0,0.0,0.0,True,,,
Earth,False,TRAPPIST-1e,14.0,False,0.0,476.0,249.0,177.0,0.0,False,F,1538,S
Earth,False,TRAPPIST-1e,19.0,False,294.0,79.0,536.0,0.0,0.0,False,G,1194,P
Europa,False,TRAPPIST-1e,44.0,False,18.0,1451.0,0.0,279.0,64.0,False,A,94,S
Earth,False,TRAPPIST-1e,21.0,False,0.0,681.0,51.0,131.0,1.0,True,F,887,S
Earth,False,TRAPPIST-1e,56.0,False,0.0,1721.0,0.0,96.0,0.0,False,G,443,S
Europa,False,TRAPPIST-1e,26.0,False,0.0,0.0,0.0,0.0,0.0,False,D,110,P
Earth,False,TRAPPIST-1e,38.0,False,32.0,1163.0,0.0,52.0,1935.0,False,F,1794,P
Earth,False,PSO J318.5-22,56.0,False,46.0,11.0,0.0,622.0,0.0,False,G,63,S
Earth,False,TRAPPIST-1e,7.0,False,0.0,0.0,0.0,0.0,0.0,True,G,214,S
Earth,,PSO J318.5-22,17.0,False,0.0,0.0,0.0,0.0,0.0,True,G,1442,S
Mars,False,TRAPPIST-1e,45.0,False,2103.0,6.0,0.0,0.0,0.0,False,E,8,S
Europa,True,TRAPPIST-1e,17.0,False,0.0,0.0,0.0,0.0,0.0,True,B,99,S
Europa,False,55 Cancri e,34.0,False,,5637.0,45.0,1936.0,56.0,False,C,13,P
Mars,,TRAPPIST-1e,26.0,False,0.0,0.0,0.0,0.0,,True,F,24,P
Europa,False,TRAPPIST-1e,37.0,False,6.0,437.0,,54.0,3030.0,False,A,23,P
Europa,False,TRAPPIST-1e,56.0,False,0.0,0.0,0.0,0.0,0.0,False,A,20,S
Europa,True,55 Cancri e,41.0,True,0.0,0.0,0.0,0.0,,True,A,67,P
Earth,False,TRAPPIST-1e,20.0,False,310.0,0.0,374.0,0.0,5.0,False,F,617,P
Mars,False,TRAPPIST-1e,34.0,False,1547.0,485.0,97.0,59.0,0.0,False,F,1131,S
Earth,False,PSO J318.5-22,21.0,False,1.0,22.0,0.0,649.0,2.0,False,,,
Earth,True,TRAPPIST-1e,11.0,False,0.0,0.0,0.0,0.0,0.0,True,G,765,S
Europa,False,TRAPPIST-1e,50.0,False,52.0,996.0,0.0,700.0,1.0,False,E,449,S
Earth,True,TRAPPIST-1e,37.0,False,0.0,0.0,0.0,0.0,0.0,True,G,890,P
Earth,False,TRAPPIST-1e,28.0,False,0.0,0.0,285.0,136.0,337.0,False,F,1454,P
Earth,True,PSO J318.5-22,0.0,False,0.0,0.0,0.0,0.0,0.0,True,G,266,P
Earth,False,TRAPPIST-1e,,False,0.0,11.0,793.0,0.0,84.0,True,G,1168,S
Mars,False,55 Cancri e,27.0,False,63.0,0.0,1970.0,0.0,0.0,True,F,1749,S
Mars,False,TRAPPIST-1e,0.0,False,0.0,0.0,0.0,0.0,0.0,True,F,124,P
Earth,False,TRAPPIST-1e,20.0,False,1.0,760.0,,21.0,0.0,False,G,554,S
Earth,True,55 Cancri e,15.0,False,0.0,0.0,0.0,0.0,0.0,True,G,1424,S
Earth,False,TRAPPIST-1e,46.0,False,430.0,0.0,340.0,52.0,61.0,False,G,334,P
Earth,False,TRAPPIST-1e,32.0,False,0.0,810.0,0.0,0.0,2.0,False,G,536,S
Earth,False,TRAPPIST-1e,27.0,False,0.0,6.0,0.0,814.0,107.0,True,G,889,S
Mars,True,TRAPPIST-1e,61.0,False,0.0,0.0,0.0,0.0,0.0,True,F,1736,P
Mars,True,TRAPPIST-1e,42.0,False,0.0,0.0,0.0,0.0,,True,E,94,P
Earth,False,TRAPPIST-1e,23.0,False,0.0,334.0,310.0,0.0,0.0,True,F,116,P
Earth,True,PSO J318.5-22,29.0,False,0.0,0.0,0.0,0.0,0.0,True,G,535,P
,False,TRAPPIST-1e,30.0,False,2.0,0.0,5.0,1.0,962.0,False,F,1411,S
Earth,True,TRAPPIST-1e,9.0,False,0.0,0.0,0.0,0.0,0.0,False,G,1448,S
Earth,False,TRAPPIST-1e,19.0,False,260.0,0.0,238.0,139.0,8.0,False,F,626,S
Mars,True,TRAPPIST-1e,24.0,False,0.0,0.0,0.0,0.0,0.0,True,F,1339,P
Europa,True,TRAPPIST-1e,13.0,False,0.0,0.0,0.0,0.0,0.0,True,B,63,S
Earth,True,TRAPPIST-1e,12.0,False,0.0,0.0,0.0,0.0,0.0,False,,,
Mars,True,TRAPPIST-1e,28.0,False,0.0,0.0,0.0,0.0,0.0,False,E,184,S
Earth,False,55 Cancri e,27.0,False,1.0,299.0,1.0,380.0,13.0,False,F,251,S
Earth,False,TRAPPIST-1e,49.0,False,820.0,1.0,690.0,292.0,13.0,False,G,740,P
Earth,True,PSO J318.5-22,27.0,False,0.0,0.0,0.0,0.0,0.0,False,G,559,P
Earth,True,TRAPPIST-1e,52.0,False,0.0,0.0,0.0,0.0,0.0,True,G,1154,S
Earth,False,TRAPPIST-1e,47.0,False,397.0,0.0,321.0,0.0,5.0,True,G,1278,P
Europa,,55 Cancri e,32.0,False,54.0,3782.0,0.0,21.0,5.0,True,A,17,S
Mars,True,TRAPPIST-1e,23.0,False,0.0,0.0,0.0,0.0,0.0,True,F,1828,P
Europa,True,TRAPPIST-1e,15.0,False,0.0,0.0,0.0,0.0,0.0,True,B,323,S
Earth,False,TRAPPIST-1e,39.0,False,0.0,0.0,0.0,0.0,0.0,True,G,74,S
Europa,True,55 Cancri e,40.0,False,0.0,0.0,0.0,0.0,0.0,True,E,445,S
Earth,False,TRAPPIST-1e,15.0,False,0.0,0.0,787.0,0.0,0.0,False,E,120,P
Mars,False,TRAPPIST-1e,38.0,False,48.0,2318.0,5.0,11.0,0.0,True,D,295,P
Earth,False,TRAPPIST-1e,16.0,False,891.0,0.0,831.0,0.0,0.0,False,G,137,P
Earth,False,TRAPPIST-1e,25.0,False,0.0,0.0,1938.0,0.0,1.0,True,F,11,S
Earth,True,TRAPPIST-1e,30.0,,0.0,0.0,0.0,0.0,0.0,True,G,318,P
Earth,True,TRAPPIST-1e,46.0,False,0.0,0.0,0.0,0.0,0.0,False,G,791,P
Earth,False,TRAPPIST-1e,45.0,False,65.0,63.0,3.0,713.0,27.0,False,F,871,S
Earth,False,,41.0,False,7.0,0.0,297.0,108.0,361.0,False,G,717,S
Mars,True,TRAPPIST-1e,28.0,False,0.0,0.0,0.0,0.0,0.0,True,F,1111,S
Europa,False,TRAPPIST-1e,64.0,False,0.0,1737.0,11.0,401.0,752.0,False,B,19,S
Europa,True,TRAPPIST-1e,28.0,False,0.0,0.0,0.0,0.0,0.0,True,C,192,S
Earth,False,TRAPPIST-1e,25.0,False,0.0,3.0,23.0,693.0,0.0,False,F,897,S
Europa,,TRAPPIST-1e,30.0,False,0.0,3208.0,0.0,2.0,330.0,True,A,97,P
Europa,True,TRAPPIST-1e,22.0,False,0.0,0.0,0.0,0.0,0.0,True,C,135,P
Mars,False,TRAPPIST-1e,43.0,False,24.0,1.0,1167.0,0.0,0.0,True,F,1282,P
Earth,False,55 Cancri e,47.0,False,0.0,231.0,592.0,0.0,0.0,True,F,52,S
Europa,False,TRAPPIST-1e,42.0,False,1.0,8397.0,0.0,0.0,506.0,True,C,3,S
Earth,False,TRAPPIST-1e,29.0,False,1434.0,5.0,0.0,0.0,0.0,False,G,312,S
Earth,True,TRAPPIST-1e,2.0,False,0.0,0.0,0.0,0.0,0.0,True,G,289,S
Earth,False,TRAPPIST-1e,20.0,False,721.0,122.0,0.0,0.0,0.0,False,G,1304,P
Earth,False,TRAPPIST-1e,25.0,False,0.0,,699.0,43.0,22.0,False,G,140,S
Mars,True,PSO J318.5-22,38.0,False,0.0,0.0,0.0,0.0,0.0,True,F,147,S
Earth,True,TRAPPIST-1e,26.0,False,0.0,0.0,0.0,0.0,0.0,False,G,933,P
Europa,True,TRAPPIST-1e,16.0,False,0.0,0.0,0.0,0.0,0.0,True,D,122,P
Earth,True,PSO J318.5-22,29.0,False,0.0,0.0,0.0,0.0,0.0,True,G,659,P
Earth,False,TRAPPIST-1e,31.0,False,779.0,0.0,3.0,57.0,0.0,False,G,1298,S
Earth,False,55 Cancri e,16.0,False,0.0,0.0,694.0,0.0,102.0,False,F,1313,P
Earth,True,55 Cancri e,58.0,False,0.0,0.0,0.0,0.0,0.0,True,G,348,S
Earth,True,TRAPPIST-1e,14.0,False,0.0,0.0,0.0,0.0,0.0,True,G,581,P
Earth,False,TRAPPIST-1e,15.0,False,2156.0,0.0,0.0,59.0,2.0,False,F,84,S
Mars,True,TRAPPIST-1e,11.0,False,0.0,0.0,0.0,0.0,0.0,True,F,44,P
Earth,False,TRAPPIST-1e,0.0,False,0.0,0.0,0.0,0.0,0.0,False,G,739,P
Europa,False,TRAPPIST-1e,33.0,False,0.0,397.0,0.0,1249.0,845.0,False,B,282,S
Mars,True,55 Cancri e,14.0,,0.0,0.0,0.0,0.0,0.0,True,F,47,S
Earth,False,,30.0,False,77.0,2325.0,5.0,117.0,1.0,True,F,948,P
Mars,True,TRAPPIST-1e,43.0,False,0.0,0.0,0.0,0.0,0.0,True,F,429,P
Mars,False,TRAPPIST-1e,19.0,False,0.0,0.0,0.0,0.0,0.0,False,E,44,P
Europa,False,TRAPPIST-1e,23.0,False,0.0,24.0,0.0,55.0,7516.0,False,C,42,S
Earth,False,TRAPPIST-1e,21.0,False,691.0,0.0,0.0,,15.0,False,G,1288,S
Earth,False,TRAPPIST-1e,24.0,False,482.0,967.0,349.0,19.0,0.0,False,G,1269,S
,True,55 Cancri e,39.0,False,0.0,0.0,0.0,0.0,0.0,True,F,1108,S
Europa,False,TRAPPIST-1e,31.0,False,0.0,910.0,58.0,1654.0,1217.0,False,B,311,S
Europa,False,TRAPPIST-1e,39.0,False,0.0,2804.0,0.0,130.0,139.0,True,C,116,P
Earth,False,TRAPPIST-1e,21.0,,0.0,198.0,559.0,19.0,44.0,True,F,912,S
Europa,False,TRAPPIST-1e,43.0,False,0.0,8948.0,0.0,153.0,872.0,True,B,300,S
Mars,True,TRAPPIST-1e,30.0,False,0.0,0.0,0.0,0.0,0.0,True,F,175,P
Earth,False,55 Cancri e,26.0,False,333.0,1819.0,0.0,1.0,0.0,True,F,311,P
Europa,False,TRAPPIST-1e,60.0,False,0.0,3435.0,0.0,5458.0,10.0,False,C,269,S
Europa,True,55 Cancri e,46.0,False,0.0,0.0,0.0,0.0,0.0,True,B,163,S
Mars,False,TRAPPIST-1e,25.0,False,1734.0,1.0,189.0,1.0,0.0,False,F,488,S
Earth,False,TRAPPIST-1e,,False,3.0,791.0,0.0,362.0,0.0,True,F,1175,S
Earth,False,TRAPPIST-1e,29.0,False,89.0,1725.0,,0.0,3.0,True,G,962,P
Earth,False,TRAPPIST-1e,36.0,False,0.0,0.0,0.0,0.0,1583.0,False,F,229,S
Mars,True,TRAPPIST-1e,30.0,False,0.0,0.0,0.0,0.0,0.0,True,E,422,P
Mars,False,TRAPPIST-1e,42.0,False,1318.0,0.0,1386.0,,,False,D,233,P
Earth,False,TRAPPIST-1e,15.0,False,0.0,6.0,0.0,981.0,0.0,False,E,508,P
Earth,False,TRAPPIST-1e,55.0,False,1028.0,18.0,0.0,0.0,0.0,False,F,977,P
Mars,True,TRAPPIST-1e,15.0,False,0.0,0.0,0.0,0.0,0.0,True,F,14,S
Earth,False,TRAPPIST-1e,21.0,False,0.0,,0.0,0.0,0.0,False,G,526,P
Earth,True,TRAPPIST-1e,21.0,False,0.0,0.0,0.0,0.0,0.0,True,G,423,S
Earth,False,55 Cancri e,26.0,False,12.0,71.0,0.0,103.0,624.0,False,,,
Mars,False,TRAPPIST-1e,22.0,False,715.0,0.0,726.0,325.0,0.0,False,D,103,P
Europa,False,TRAPPIST-1e,33.0,False,0.0,1554.0,3813.0,0.0,1435.0,True,C,97,S
Mars,True,TRAPPIST-1e,50.0,False,0.0,0.0,0.0,0.0,0.0,True,E,600,S
Europa,False,55 Cancri e,43.0,False,0.0,1706.0,0.0,274.0,2056.0,False,B,201,P
Earth,False,TRAPPIST-1e,19.0,False,23.0,659.0,0.0,15.0,113.0,False,G,1441,P
Earth,True,55 Cancri e,9.0,False,0.0,0.0,0.0,0.0,0.0,True,G,18,S
Europa,True,55 Cancri e,19.0,False,0.0,0.0,0.0,0.0,0.0,True,B,227,S
Earth,False,55 Cancri e,18.0,False,187.0,12.0,0.0,1277.0,0.0,False,F,209,P
Mars,False,TRAPPIST-1e,26.0,False,2832.0,107.0,4447.0,15.0,4.0,False,F,82,P
Earth,True,TRAPPIST-1e,29.0,False,0.0,0.0,0.0,0.0,0.0,False,G,561,S
Earth,False,TRAPPIST-1e,38.0,False,553.0,0.0,0.0,87.0,243.0,False,G,280,P
Earth,True,,15.0,False,0.0,0.0,0.0,0.0,0.0,True,G,135,P
Earth,True,PSO J318.5-22,18.0,False,0.0,0.0,0.0,0.0,0.0,True,G,716,S
Earth,False,55 Cancri e,23.0,False,0.0,0.0,478.0,4560.0,0.0,False,G,1037,S
Earth,False,TRAPPIST-1e,19.0,False,1.0,219.0,673.0,2.0,11.0,True,G,26,P
Europa,False,TRAPPIST-1e,58.0,False,2.0,1.0,14.0,2.0,1153.0,False,A,29,S
Mars,False,TRAPPIST-1e,28.0,False,523.0,0.0,0.0,970.0,0.0,False,F,600,P
Earth,True,TRAPPIST-1e,15.0,False,0.0,0.0,0.0,0.0,0.0,True,G,963,S
Europa,True,55 Cancri e,47.0,True,0.0,0.0,0.0,0.0,0.0,True,A,96,S
Europa,False,TRAPPIST-1e,48.0,False,0.0,0.0,0.0,0.0,0.0,False,C,32,P
Europa,False,TRAPPIST-1e,46.0,False,0.0,3259.0,761.0,4423.0,0.0,False,B,230,S
Earth,False,TRAPPIST-1e,63.0,False,0.0,123.0,956.0,25.0,,True,F,137,P
Earth,False,,28.0,False,229.0,761.0,0.0,0.0,6.0,True,E,377,S
Earth,False,TRAPPIST-1e,48.0,False,2.0,0.0,83.0,589.0,233.0,False,G,711,P
Europa,True,55 Cancri e,41.0,False,0.0,0.0,0.0,0.0,0.0,True,C,157,P
Europa,False,TRAPPIST-1e,22.0,False,0.0,8882.0,21.0,2204.0,19.0,True,D,56,P
Europa,False,TRAPPIST-1e,30.0,True,0.0,632.0,0.0,673.0,2272.0,False,C,91,P
Earth,False,TRAPPIST-1e,40.0,False,0.0,0.0,56.0,1.0,642.0,False,F,1099,S
Mars,False,TRAPPIST-1e,55.0,False,376.0,0.0,858.0,0.0,31.0,True,D,232,S
Earth,False,TRAPPIST-1e,19.0,False,78.0,0.0,0.0,550.0,0.0,False,G,348,P
Earth,True,PSO J318.5-22,22.0,False,0.0,0.0,0.0,0.0,0.0,True,G,186,P
Europa,False,TRAPPIST-1e,26.0,False,0.0,690.0,1.0,1030.0,2273.0,False,A,101,S
Europa,False,TRAPPIST-1e,32.0,False,0.0,89.0,0.0,8330.0,1.0,False,C,255,S
Europa,True,55 Cancri e,20.0,False,0.0,0.0,0.0,0.0,0.0,True,B,150,P
Earth,False,TRAPPIST-1e,22.0,False,0.0,5.0,0.0,1619.0,0.0,False,E,30,P
Earth,False,55 Cancri e,0.0,False,0.0,0.0,0.0,0.0,0.0,True,G,1023,P
,True,TRAPPIST-1e,28.0,False,0.0,0.0,,0.0,0.0,False,G,369,S
Earth,False,TRAPPIST-1e,19.0,False,26.0,313.0,470.0,0.0,0.0,False,G,362,S
Europa,True,TRAPPIST-1e,21.0,False,0.0,,0.0,0.0,0.0,True,C,86,P
Earth,False,TRAPPIST-1e,7.0,False,0.0,0.0,0.0,0.0,0.0,True,G,92,S
Earth,True,TRAPPIST-1e,22.0,False,0.0,0.0,0.0,0.0,0.0,False,G,619,P
Earth,False,TRAPPIST-1e,10.0,False,0.0,0.0,0.0,0.0,0.0,True,G,1271,P
Mars,False,TRAPPIST-1e,19.0,True,61.0,783.0,110.0,0.0,0.0,True,E,396,P
Earth,False,TRAPPIST-1e,19.0,False,0.0,0.0,699.0,18.0,86.0,True,F,917,S
Europa,True,TRAPPIST-1e,27.0,False,0.0,0.0,0.0,0.0,0.0,True,D,72,S
Earth,False,TRAPPIST-1e,4.0,False,0.0,0.0,0.0,0.0,0.0,False,G,188,S
Mars,False,55 Cancri e,24.0,False,612.0,326.0,46.0,87.0,0.0,True,F,859,P
Earth,,TRAPPIST-1e,33.0,False,1060.0,403.0,1.0,0.0,145.0,False,E,587,P
Mars,True,TRAPPIST-1e,39.0,False,0.0,0.0,0.0,0.0,,True,F,508,S
Mars,False,TRAPPIST-1e,32.0,True,2492.0,0.0,,136.0,4.0,False,F,189,P
Earth,False,PSO J318.5-22,36.0,False,735.0,0.0,2.0,0.0,0.0,False,F,822,S
Earth,False,TRAPPIST-1e,46.0,False,0.0,0.0,1.0,0.0,1778.0,False,G,1215,S
Mars,False,TRAPPIST-1e,33.0,False,105.0,0.0,1087.0,0.0,0.0,False,F,115,S
Earth,False,TRAPPIST-1e,38.0,False,1.0,0.0,288.0,0.0,556.0,True,G,461,S
Earth,True,TRAPPIST-1e,15.0,False,0.0,0.0,0.0,0.0,0.0,False,G,99,S
Earth,False,55 Cancri e,32.0,False,1.0,0.0,,9.0,663.0,False,F,1666,P
,True,TRAPPIST-1e,20.0,False,0.0,0.0,0.0,0.0,0.0,False,G,305,S
Mars,True,TRAPPIST-1e,42.0,False,0.0,0.0,0.0,0.0,0.0,True,E,423,S
Mars,False,55 Cancri e,19.0,False,203.0,0.0,172.0,1460.0,151.0,False,F,1789,P
Mars,False,TRAPPIST-1e,26.0,True,1297.0,0.0,62.0,0.0,364.0,False,D,286,P
Mars,,55 Cancri e,19.0,False,0.0,0.0,0.0,0.0,0.0,True,F,144,S
Mars,False,TRAPPIST-1e,25.0,False,922.0,0.0,1.0,91.0,0.0,False,E,327,P
Earth,False,TRAPPIST-1e,18.0,False,595.0,134.0,7.0,0.0,0.0,False,F,1669,P
Europa,True,55 Cancri e,24.0,False,0.0,0.0,0.0,0.0,0.0,True,B,78,P
Europa,True,55 Cancri e,22.0,False,0.0,0.0,0.0,0.0,0.0,True,B,269,S
Earth,False,TRAPPIST-1e,21.0,False,128.0,108.0,8.0,3.0,522.0,False,G,1461,P
Earth,True,TRAPPIST-1e,21.0,False,0.0,0.0,0.0,0.0,0.0,True,G,1000,P
Europa,True,55 Cancri e,48.0,False,0.0,0.0,0.0,0.0,0.0,True,A,82,S
Europa,True,55 Cancri e,18.0,False,0.0,0.0,0.0,0.0,0.0,True,B,177,P
Mars,True,55 Cancri e,56.0,False,0.0,0.0,0.0,0.0,0.0,True,D,96,P
Earth,False,TRAPPIST-1e,19.0,False,,2.0,14.0,755.0,0.0,False,G,608,P
Europa,True,TRAPPIST-1e,40.0,False,0.0,0.0,0.0,0.0,0.0,True,A,96,S
Mars,True,TRAPPIST-1e,46.0,False,0.0,0.0,0.0,0.0,,True,F,712,S
Earth,False,TRAPPIST-1e,35.0,False,702.0,104.0,5.0,76.0,0.0,True,G,885,S
Europa,False,55 Cancri e,33.0,False,0.0,2020.0,0.0,1817.0,182.0,False,A,51,S
Europa,False,TRAPPIST-1e,31.0,False,,927.0,0.0,2760.0,1.0,False,C,327,S
Earth,False,TRAPPIST-1e,55.0,False,53.0,790.0,37.0,0.0,0.0,True,F,108,S
Earth,False,PSO J318.5-22,25.0,False,21.0,746.0,55.0,0.0,4.0,False,F,563,P
Europa,False,55 Cancri e,36.0,True,0.0,13248.0,100.0,1953.0,1.0,True,C,29,P
Mars,False,PSO J318.5-22,34.0,False,162.0,0.0,690.0,28.0,0.0,False,D,177,S
Mars,True,TRAPPIST-1e,22.0,False,0.0,0.0,0.0,0.0,0.0,True,F,1293,P
,False,TRAPPIST-1e,31.0,False,0.0,1000.0,0.0,19.0,1776.0,False,B,288,S
Earth,False,TRAPPIST-1e,19.0,False,0.0,810.0,21.0,788.0,,False,E,590,S
Earth,False,55 Cancri e,15.0,False,36.0,841.0,0.0,0.0,0.0,True,F,803,S
Mars,False,TRAPPIST-1e,28.0,False,0.0,79.0,2003.0,0.0,0.0,True,E,289,P
Earth,False,TRAPPIST-1e,42.0,False,0.0,3.0,0.0,898.0,1.0,False,F,694,P
Earth,False,PSO J318.5-22,8.0,False,0.0,0.0,0.0,0.0,0.0,True,G,221,S
Europa,True,55 Cancri e,37.0,False,0.0,0.0,0.0,0.0,0.0,True,B,203,S
Earth,False,TRAPPIST-1e,20.0,False,0.0,0.0,558.0,0.0,230.0,False,E,22,P
Earth,False,TRAPPIST-1e,29.0,False,28.0,0.0,561.0,203.0,0.0,False,E,98,S
Earth,True,TRAPPIST-1e,35.0,False,0.0,0.0,0.0,0.0,0.0,False,G,1063,P
Earth,True,PSO J318.5-22,52.0,False,0.0,0.0,0.0,0.0,0.0,True,G,946,S
Earth,True,TRAPPIST-1e,38.0,False,0.0,0.0,0.0,0.0,0.0,True,G,1272,P
,True,55 Cancri e,33.0,False,0.0,0.0,0.0,0.0,0.0,True,D,41,P
Earth,False,55 Cancri e,28.0,False,34.0,0.0,0.0,0.0,658.0,False,F,1797,P
Europa,True,TRAPPIST-1e,26.0,False,0.0,0.0,0.0,0.0,0.0,True,A,8,S
Mars,False,TRAPPIST-1e,13.0,False,157.0,0.0,1199.0,0.0,14.0,False,E,390,S
,False,TRAPPIST-1e,21.0,False,1046.0,1.0,0.0,1.0,0.0,False,E,482,S
Earth,True,TRAPPIST-1e,38.0,False,0.0,0.0,0.0,0.0,0.0,True,G,1316,S
Europa,True,TRAPPIST-1e,14.0,False,0.0,0.0,0.0,0.0,0.0,True,C,247,P
Europa,False,55 Cancri e,44.0,True,3010.0,26.0,0.0,62.0,904.0,False,C,285,S
Earth,False,TRAPPIST-1e,14.0,False,3.0,0.0,881.0,25.0,0.0,True,G,56,S
Earth,True,TRAPPIST-1e,7.0,False,0.0,0.0,0.0,0.0,0.0,True,G,256,P
Earth,False,PSO J318.5-22,35.0,False,635.0,3.0,0.0,,25.0,False,F,1549,S
Mars,False,55 Cancri e,28.0,False,2484.0,136.0,42.0,0.0,0.0,False,F,1452,S
Europa,False,55 Cancri e,37.0,False,18.0,4754.0,1.0,1254.0,2.0,True,C,283,P
Europa,False,55 Cancri e,18.0,False,0.0,3492.0,0.0,506.0,8.0,True,C,258,P
Earth,True,55 Cancri e,14.0,False,0.0,0.0,0.0,0.0,0.0,True,G,1101,S
Earth,False,TRAPPIST-1e,62.0,False,712.0,2.0,322.0,0.0,517.0,False,F,154,P
Mars,True,TRAPPIST-1e,16.0,False,0.0,0.0,0.0,0.0,0.0,True,D,247,S
Europa,False,55 Cancri e,44.0,False,36.0,588.0,0.0,1675.0,3597.0,False,B,161,S
Europa,True,55 Cancri e,20.0,False,0.0,0.0,0.0,0.0,0.0,True,B,292,P
Mars,True,,39.0,False,0.0,0.0,0.0,0.0,0.0,True,D,176,S
Europa,False,TRAPPIST-1e,39.0,False,0.0,266.0,0.0,1254.0,197.0,False,A,37,P
Mars,False,TRAPPIST-1e,18.0,False,5.0,25.0,616.0,0.0,1042.0,False,F,121,P
Mars,True,55 Cancri e,17.0,False,0.0,0.0,0.0,0.0,0.0,True,D,107,S
Earth,False,TRAPPIST-1e,25.0,False,10.0,0.0,908.0,5.0,0.0,True,F,1064,P
Europa,False,TRAPPIST-1e,18.0,False,20.0,1064.0,0.0,0.0,11643.0,False,B,92,S
Europa,True,TRAPPIST-1e,32.0,False,0.0,0.0,0.0,0.0,0.0,True,E,322,S
Earth,False,55 Cancri e,6.0,False,0.0,0.0,0.0,0.0,0.0,False,G,542,S
Earth,False,TRAPPIST-1e,32.0,False,4518.0,914.0,0.0,93.0,0.0,False,G,954,S
Europa,False,TRAPPIST-1e,46.0,False,0.0,131.0,,8873.0,469.0,False,A,27,P
Earth,False,TRAPPIST-1e,4.0,False,0.0,0.0,0.0,0.0,0.0,True,G,1313,P
Earth,False,TRAPPIST-1e,30.0,False,0.0,1.0,0.0,870.0,0.0,False,F,1067,S
Mars,False,TRAPPIST-1e,28.0,False,0.0,0.0,0.0,0.0,0.0,False,E,339,S
Earth,False,TRAPPIST-1e,22.0,False,401.0,0.0,196.0,0.0,126.0,False,F,1398,S
Earth,True,TRAPPIST-1e,15.0,False,0.0,0.0,0.0,0.0,0.0,True,G,982,S
Earth,True,TRAPPIST-1e,34.0,False,0.0,0.0,0.0,0.0,0.0,True,G,173,S
Europa,False,TRAPPIST-1e,32.0,False,8151.0,2052.0,1919.0,7352.0,754.0,False,E,315,P
Mars,False,TRAPPIST-1e,23.0,False,24.0,1.0,1264.0,0.0,0.0,True,F,642,S
Earth,False,TRAPPIST-1e,9.0,False,0.0,0.0,0.0,0.0,0.0,True,G,732,S
Europa,True,TRAPPIST-1e,19.0,False,0.0,0.0,0.0,0.0,0.0,True,B,14,S
Mars,False,TRAPPIST-1e,33.0,False,3361.0,0.0,13.0,15.0,0.0,False,D,128,P
Mars,False,TRAPPIST-1e,21.0,False,1507.0,,3.0,2.0,1196.0,False,D,100,P
Earth,False,TRAPPIST-1e,25.0,False,764.0,16.0,0.0,8.0,0.0,False,E,202,P
Earth,False,55 Cancri e,0.0,False,0.0,0.0,0.0,0.0,0.0,False,,,
Earth,False,TRAPPIST-1e,34.0,False,223.0,0.0,13.0,514.0,41.0,False,E,376,P
Mars,False,TRAPPIST-1e,13.0,False,974.0,0.0,1883.0,0.0,505.0,False,D,124,S
Earth,False,TRAPPIST-1e,38.0,False,0.0,1025.0,23.0,0.0,0.0,True,F,723,P
Europa,True,55 Cancri e,40.0,False,0.0,0.0,0.0,0.0,0.0,True,B,94,P
Europa,False,TRAPPIST-1e,37.0,False,1577.0,11396.0,0.0,1014.0,560.0,True,B,283,S
Earth,True,TRAPPIST-1e,26.0,False,0.0,0.0,0.0,0.0,0.0,False,G,270,P
Earth,False,TRAPPIST-1e,0.0,False,0.0,0.0,0.0,0.0,0.0,True,G,240,P
Mars,False,TRAPPIST-1e,4.0,False,0.0,0.0,0.0,0.0,0.0,True,F,938,S
,False,TRAPPIST-1e,18.0,False,102.0,3.0,186.0,2287.0,0.0,False,D,195,P
Earth,,TRAPPIST-1e,40.0,False,0.0,0.0,895.0,0.0,0.0,True,G,518,S
Europa,True,55 Cancri e,53.0,False,0.0,0.0,0.0,0.0,0.0,True,C,58,P
Mars,False,TRAPPIST-1e,46.0,False,247.0,0.0,418.0,480.0,36.0,False,D,142,P
Earth,True,PSO J318.5-22,0.0,False,0.0,0.0,0.0,0.0,0.0,True,G,1319,S
Earth,True,55 Cancri e,14.0,False,0.0,0.0,0.0,0.0,0.0,True,G,217,P
Mars,False,PSO J318.5-22,29.0,False,4.0,0.0,421.0,435.0,19.0,False,D,38,P
Earth,True,TRAPPIST-1e,60.0,False,0.0,0.0,0.0,0.0,0.0,False,G,186,S
,True,TRAPPIST-1e,38.0,False,0.0,0.0,0.0,0.0,0.0,True,G,788,P
Earth,False,55 Cancri e,29.0,False,30.0,0.0,0.0,0.0,780.0,False,G,1284,S
Mars,False,TRAPPIST-1e,10.0,False,0.0,0.0,0.0,0.0,0.0,True,F,90,S
,False,TRAPPIST-1e,25.0,False,1258.0,0.0,22.0,19.0,0.0,False,E,582,P
Mars,True,TRAPPIST-1e,35.0,False,0.0,0.0,0.0,0.0,0.0,False,F,482,P
Mars,False,TRAPPIST-1e,29.0,False,257.0,0.0,782.0,8.0,3.0,False,D,274,P
Earth,False,PSO J318.5-22,29.0,False,631.0,,0.0,40.0,0.0,False,F,545,S
Mars,True,TRAPPIST-1e,37.0,False,0.0,0.0,0.0,0.0,0.0,True,D,193,S
Europa,True,55 Cancri e,68.0,False,0.0,0.0,0.0,0.0,0.0,True,B,18,P
Earth,True,55 Cancri e,16.0,False,0.0,0.0,0.0,0.0,0.0,True,G,1191,S
Earth,False,TRAPPIST-1e,65.0,False,259.0,0.0,0.0,0.0,1916.0,False,F,280,P
Earth,True,55 Cancri e,2.0,False,0.0,0.0,0.0,0.0,0.0,True,E,82,P
Earth,False,55 Cancri e,16.0,False,0.0,0.0,623.0,40.0,209.0,True,F,731,S
Earth,True,PSO J318.5-22,27.0,False,0.0,0.0,0.0,0.0,0.0,True,G,990,P
Europa,True,TRAPPIST-1e,57.0,False,0.0,0.0,0.0,0.0,0.0,True,C,176,S
Earth,False,TRAPPIST-1e,21.0,False,11.0,0.0,0.0,839.0,0.0,False,G,1369,S
Earth,False,TRAPPIST-1e,45.0,False,10.0,0.0,0.0,,0.0,True,E,118,P
Mars,True,TRAPPIST-1e,1.0,False,0.0,0.0,0.0,0.0,0.0,True,F,972,P
Mars,True,55 Cancri e,24.0,False,0.0,0.0,0.0,0.0,,True,F,592,S
Earth,True,TRAPPIST-1e,,False,0.0,0.0,0.0,0.0,0.0,True,G,323,S
Mars,False,TRAPPIST-1e,26.0,False,164.0,0.0,853.0,0.0,39.0,True,D,168,P
Earth,False,TRAPPIST-1e,30.0,False,4.0,0.0,442.0,2441.0,0.0,False,F,1674,P
Earth,,55 Cancri e,28.0,False,613.0,22.0,0.0,0.0,0.0,False,F,477,P
Earth,False,TRAPPIST-1e,27.0,False,0.0,253.0,0.0,79.0,421.0,False,G,631,P
Earth,False,TRAPPIST-1e,25.0,False,980.0,0.0,3.0,0.0,0.0,False,E,394,P
Europa,False,55 Cancri e,43.0,False,1365.0,3106.0,0.0,50.0,2313.0,False,C,49,P
Earth,False,TRAPPIST-1e,36.0,False,0.0,0.0,33.0,677.0,0.0,False,G,868,S
Earth,False,TRAPPIST-1e,20.0,False,792.0,0.0,0.0,0.0,0.0,False,E,53,P
Earth,True,PSO J318.5-22,0.0,False,,0.0,0.0,0.0,0.0,True,G,1442,S
Earth,False,TRAPPIST-1e,24.0,False,45.0,138.0,1.0,0.0,530.0,False,F,520,S
Earth,True,55 Cancri e,47.0,False,0.0,0.0,0.0,0.0,0.0,False,G,532,S
Europa,True,TRAPPIST-1e,39.0,False,0.0,0.0,0.0,0.0,0.0,True,D,230,S
Mars,False,TRAPPIST-1e,27.0,False,1.0,1.0,2196.0,372.0,0.0,False,F,1132,P
Earth,False,TRAPPIST-1e,22.0,False,1.0,0.0,10.0,625.0,0.0,False,F,1178,S
Earth,False,TRAPPIST-1e,,False,233.0,0.0,0.0,0.0,488.0,False,G,170,S
Europa,True,55 Cancri e,17.0,False,0.0,0.0,0.0,0.0,0.0,True,C,120,S
Mars,True,TRAPPIST-1e,29.0,False,0.0,0.0,0.0,0.0,0.0,True,F,1268,S
Mars,False,TRAPPIST-1e,32.0,False,598.0,0.0,138.0,0.0,624.0,False,E,155,P
Earth,False,TRAPPIST-1e,7.0,False,0.0,0.0,0.0,0.0,,False,G,292,S
Earth,False,55 Cancri e,7.0,False,0.0,0.0,0.0,0.0,,True,G,408,S
Mars,False,TRAPPIST-1e,21.0,False,2947.0,0.0,287.0,27.0,0.0,False,D,8,P
Europa,False,55 Cancri e,32.0,False,0.0,4176.0,0.0,183.0,6.0,True,A,72,S
Earth,False,TRAPPIST-1e,21.0,False,0.0,0.0,901.0,3.0,0.0,False,F,1428,P
Mars,False,TRAPPIST-1e,43.0,False,1448.0,0.0,150.0,0.0,0.0,False,F,755,S
Earth,False,TRAPPIST-1e,26.0,False,113.0,38.0,0.0,0.0,630.0,False,F,1411,P
Earth,False,TRAPPIST-1e,20.0,False,0.0,97.0,725.0,26.0,104.0,True,G,1097,P
Earth,False,TRAPPIST-1e,24.0,False,1158.0,193.0,798.0,2.0,0.0,False,F,319,P
Earth,False,TRAPPIST-1e,24.0,False,4.0,7.0,0.0,713.0,79.0,False,F,43,S
Europa,False,TRAPPIST-1e,20.0,False,1883.0,0.0,,8810.0,0.0,False,C,185,P
Europa,True,TRAPPIST-1e,26.0,False,0.0,0.0,0.0,0.0,0.0,True,C,91,P
Earth,False,TRAPPIST-1e,46.0,False,135.0,0.0,0.0,0.0,928.0,False,F,1661,S
Earth,False,55 Cancri e,14.0,False,0.0,885.0,8.0,0.0,0.0,True,G,141,P
Earth,False,TRAPPIST-1e,24.0,False,1.0,194.0,0.0,0.0,632.0,True,E,463,P
Europa,False,TRAPPIST-1e,39.0,False,1.0,2972.0,0.0,3175.0,1.0,False,B,82,S
Earth,True,TRAPPIST-1e,20.0,False,0.0,0.0,0.0,0.0,0.0,False,G,1208,S
Earth,False,TRAPPIST-1e,18.0,False,0.0,30.0,0.0,756.0,5.0,False,E,200,P
Earth,False,55 Cancri e,33.0,False,0.0,36.0,0.0,280.0,417.0,True,F,68,S
Earth,False,TRAPPIST-1e,20.0,False,213.0,0.0,,0.0,584.0,False,F,261,P
Mars,True,TRAPPIST-1e,20.0,False,0.0,0.0,0.0,0.0,0.0,True,F,1062,S
Earth,False,,31.0,False,25.0,712.0,0.0,16.0,0.0,True,G,833,S
Earth,False,TRAPPIST-1e,32.0,False,600.0,670.0,0.0,187.0,0.0,False,F,238,P
Europa,True,55 Cancri e,25.0,False,0.0,0.0,0.0,0.0,0.0,True,B,310,S
Europa,False,TRAPPIST-1e,49.0,False,4.0,44.0,1401.0,1043.0,0.0,False,A,91,P
Earth,True,55 Cancri e,22.0,False,0.0,0.0,0.0,0.0,0.0,True,G,788,S
Mars,False,TRAPPIST-1e,16.0,False,915.0,0.0,221.0,234.0,0.0,False,E,13,S
Earth,False,TRAPPIST-1e,43.0,False,224.0,0.0,623.0,0.0,62.0,False,G,1460,P
Earth,,TRAPPIST-1e,27.0,False,663.0,1111.0,0.0,0.0,2.0,False,G,123,P
Earth,True,TRAPPIST-1e,25.0,False,0.0,0.0,0.0,0.0,0.0,False,G,112,P
Earth,False,TRAPPIST-1e,32.0,False,0.0,0.0,,365.0,1216.0,False,E,514,P
Earth,False,TRAPPIST-1e,40.0,False,889.0,185.0,0.0,0.0,28.0,True,F,238,S
Earth,False,TRAPPIST-1e,23.0,False,576.0,207.0,0.0,0.0,9.0,False,E,323,P
Europa,False,55 Cancri e,42.0,False,1751.0,516.0,0.0,12.0,672.0,False,A,68,P
Earth,False,TRAPPIST-1e,21.0,False,365.0,52.0,0.0,0.0,288.0,True,,,
,False,TRAPPIST-1e,44.0,False,0.0,0.0,0.0,729.0,397.0,True,F,1316,P
Earth,False,TRAPPIST-1e,39.0,False,657.0,225.0,0.0,,0.0,True,G,989,S
Earth,False,TRAPPIST-1e,40.0,False,0.0,175.0,0.0,11.0,537.0,False,F,1305,P
Earth,False,TRAPPIST-1e,15.0,False,0.0,706.0,0.0,,0.0,True,G,938,S
Earth,True,TRAPPIST-1e,13.0,False,0.0,0.0,0.0,0.0,0.0,False,G,37,P
Earth,False,55 Cancri e,23.0,False,42.0,0.0,0.0,765.0,2.0,False,G,746,S
Earth,False,55 Cancri e,35.0,False,0.0,1328.0,5.0,0.0,7.0,True,F,235,P
Earth,False,TRAPPIST-1e,65.0,False,0.0,0.0,521.0,105.0,0.0,False,G,86,P
Europa,False,TRAPPIST-1e,25.0,False,0.0,4384.0,4285.0,812.0,360.0,True,C,158,S
Europa,False,TRAPPIST-1e,56.0,False,0.0,10.0,0.0,9319.0,1225.0,False,A,44,P
Europa,False,TRAPPIST-1e,28.0,False,0.0,0.0,0.0,0.0,0.0,False,A,25,P
Mars,True,TRAPPIST-1e,27.0,False,0.0,0.0,0.0,0.0,0.0,True,E,147,P
Earth,False,PSO J318.5-22,18.0,False,0.0,,0.0,150.0,0.0,True,F,1101,P
Europa,False,TRAPPIST-1e,26.0,False,0.0,1583.0,0.0,232.0,8040.0,False,B,187,P
Mars,True,TRAPPIST-1e,32.0,False,0.0,0.0,0.0,0.0,0.0,True,F,965,P
,True,PSO J318.5-22,57.0,False,0.0,0.0,0.0,0.0,0.0,False,G,373,P
Earth,False,TRAPPIST-1e,37.0,False,0.0,0.0,11.0,1028.0,7.0,False,F,1808,P
Mars,False,TRAPPIST-1e,23.0,True,3.0,0.0,0.0,1677.0,,False,F,1670,P
Europa,True,55 Cancri e,30.0,False,0.0,0.0,0.0,0.0,0.0,True,C,25,S
Earth,False,TRAPPIST-1e,18.0,False,0.0,0.0,662.0,30.0,0.0,True,F,1567,S
Mars,False,,18.0,False,885.0,0.0,32.0,0.0,0.0,False,D,39,P
Mars,True,TRAPPIST-1e,7.0,False,0.0,0.0,0.0,0.0,0.0,True,F,115,S
Earth,True,55 Cancri e,12.0,False,0.0,0.0,0.0,0.0,0.0,True,G,1086,S
Earth,False,55 Cancri e,17.0,False,0.0,262.0,0.0,0.0,502.0,True,F,888,S
Mars,False,TRAPPIST-1e,43.0,False,828.0,25.0,545.0,107.0,0.0,False,,,
Earth,True,55 Cancri e,21.0,False,0.0,0.0,0.0,0.0,0.0,True,G,1294,P
Europa,False,TRAPPIST-1e,37.0,False,1.0,477.0,0.0,0.0,7087.0,False,C,173,S
Earth,True,PSO J318.5-22,61.0,False,0.0,0.0,0.0,0.0,0.0,True,G,764,P
Mars,True,TRAPPIST-1e,35.0,False,0.0,0.0,0.0,0.0,0.0,True,F,968,P
Earth,True,TRAPPIST-1e,30.0,False,0.0,0.0,0.0,0.0,0.0,True,G,515,S
Earth,False,TRAPPIST-1e,34.0,False,0.0,0.0,880.0,22.0,0.0,True,F,1703,P
Earth,,55 Cancri e,19.0,False,179.0,16.0,246.0,280.0,0.0,False,F,1802,P
Earth,,PSO J318.5-22,27.0,False,32.0,8.0,5.0,588.0,18.0,False,F,1844,P
Mars,False,TRAPPIST-1e,27.0,False,441.0,0.0,397.0,471.0,0.0,False,F,1140,S
Europa,True,55 Cancri e,45.0,False,0.0,0.0,0.0,0.0,0.0,True,B,213,S
Europa,True,TRAPPIST-1e,50.0,False,0.0,0.0,0.0,0.0,0.0,True,B,20,S
Earth,True,TRAPPIST-1e,1.0,False,0.0,0.0,0.0,0.0,0.0,True,G,220,P
Earth,False,TRAPPIST-1e,42.0,False,0.0,29.0,317.0,434.0,45.0,True,G,915,P
Earth,False,55 Cancri e,31.0,False,15.0,679.0,89.0,6.0,0.0,True,E,604,S
Earth,False,TRAPPIST-1e,22.0,False,245.0,0.0,0.0,661.0,1.0,False,G,1124,P
Earth,False,TRAPPIST-1e,51.0,False,152.0,55.0,25.0,74.0,289.0,False,F,1225,P
Earth,False,TRAPPIST-1e,37.0,False,0.0,0.0,115.0,671.0,0.0,False,G,698,P
Mars,False,TRAPPIST-1e,18.0,False,490.0,355.0,298.0,245.0,0.0,False,F,226,P
Earth,False,TRAPPIST-1e,19.0,False,64.0,0.0,453.0,174.0,6.0,False,F,619,S
Earth,True,TRAPPIST-1e,28.0,False,0.0,0.0,0.0,0.0,0.0,False,G,409,P
Earth,True,PSO J318.5-22,14.0,False,0.0,0.0,0.0,0.0,0.0,True,G,579,P
Europa,True,TRAPPIST-1e,51.0,False,0.0,0.0,,0.0,0.0,True,B,92,P
Earth,True,TRAPPIST-1e,15.0,False,0.0,0.0,0.0,0.0,0.0,True,G,432,S
Europa,False,TRAPPIST-1e,25.0,False,0.0,3.0,0.0,763.0,3541.0,False,B,171,P
Europa,False,55 Cancri e,23.0,False,0.0,587.0,0.0,1497.0,1014.0,False,D,100,S
Earth,True,TRAPPIST-1e,18.0,False,0.0,0.0,0.0,0.0,0.0,False,G,1458,P
Mars,False,TRAPPIST-1e,61.0,False,1114.0,0.0,68.0,0.0,0.0,False,D,48,P
Earth,False,55 Cancri e,17.0,False,0.0,11.0,493.0,0.0,372.0,False,F,468,S
Earth,False,TRAPPIST-1e,15.0,False,12.0,25.0,197.0,631.0,0.0,False,F,381,S
Earth,False,TRAPPIST-1e,2.0,False,0.0,0.0,0.0,0.0,0.0,True,G,602,P
Earth,False,TRAPPIST-1e,19.0,False,16.0,1739.0,9.0,5.0,8.0,True,G,1436,S
Earth,False,TRAPPIST-1e,,False,0.0,0.0,486.0,324.0,0.0,False,G,1342,P
Europa,True,55 Cancri e,32.0,False,0.0,0.0,0.0,0.0,0.0,True,B,24,P
Earth,False,TRAPPIST-1e,30.0,False,32.0,180.0,497.0,0.0,99.0,True,G,1410,S
Earth,False,,23.0,False,0.0,93.0,1.0,0.0,542.0,False,F,738,S
Earth,False,TRAPPIST-1e,79.0,False,610.0,,0.0,200.0,5.0,False,G,806,P
Earth,False,PSO J318.5-22,39.0,False,0.0,0.0,1.0,0.0,2330.0,False,G,709,S
Earth,False,TRAPPIST-1e,30.0,False,467.0,0.0,0.0,0.0,287.0,False,G,1341,S
Mars,False,TRAPPIST-1e,32.0,False,288.0,0.0,592.0,670.0,40.0,False,E,459,P
Earth,True,TRAPPIST-1e,21.0,False,0.0,0.0,0.0,0.0,0.0,False,G,567,P
Earth,False,55 Cancri e,24.0,False,700.0,0.0,0.0,0.0,0.0,False,F,1395,P
Europa,False,55 Cancri e,27.0,False,0.0,44.0,4761.0,5.0,41.0,True,A,75,P
Europa,False,TRAPPIST-1e,34.0,False,0.0,48.0,2067.0,3.0,6.0,True,C,152,P
Europa,True,TRAPPIST-1e,23.0,False,0.0,0.0,0.0,0.0,0.0,True,C,303,P
Earth,False,PSO J318.5-22,45.0,False,1.0,15.0,44.0,0.0,1541.0,False,E,466,S
Earth,True,TRAPPIST-1e,14.0,False,0.0,0.0,0.0,0.0,0.0,True,G,916,S
Europa,False,TRAPPIST-1e,30.0,False,4531.0,212.0,10.0,157.0,12.0,False,C,153,P
Earth,False,55 Cancri e,15.0,False,254.0,0.0,10.0,180.0,0.0,False,G,439,S
Europa,False,TRAPPIST-1e,31.0,False,0.0,0.0,0.0,0.0,0.0,False,B,207,P
Earth,False,,0.0,False,0.0,0.0,0.0,0.0,0.0,True,G,633,S
Earth,False,TRAPPIST-1e,19.0,False,0.0,0.0,0.0,804.0,5.0,False,G,1136,S
Earth,True,55 Cancri e,28.0,False,0.0,0.0,0.0,0.0,0.0,True,G,258,S
Earth,False,TRAPPIST-1e,25.0,False,11.0,780.0,0.0,0.0,0.0,True,E,523,P
Earth,True,TRAPPIST-1e,13.0,False,0.0,0.0,0.0,0.0,0.0,True,G,825,S
Mars,True,TRAPPIST-1e,2.0,False,0.0,0.0,0.0,0.0,0.0,True,F,1118,S
Europa,True,TRAPPIST-1e,34.0,False,0.0,0.0,0.0,0.0,0.0,True,B,121,S
Earth,False,55 Cancri e,15.0,False,0.0,20.0,816.0,39.0,1.0,False,F,1743,S
Earth,True,PSO J318.5-22,15.0,False,0.0,0.0,0.0,0.0,0.0,False,G,279,S
Earth,False,55 Cancri e,14.0,False,0.0,166.0,603.0,1.0,0.0,True,G,755,S
Earth,False,TRAPPIST-1e,22.0,False,0.0,40.0,689.0,0.0,79.0,True,G,964,P
Europa,True,TRAPPIST-1e,33.0,False,0.0,0.0,0.0,0.0,0.0,True,B,272,P
Earth,False,TRAPPIST-1e,40.0,False,0.0,0.0,433.0,343.0,0.0,False,F,1230,S
Europa,False,TRAPPIST-1e,2.0,False,0.0,0.0,0.0,0.0,0.0,True,C,14,S
Earth,False,TRAPPIST-1e,29.0,False,767.0,16.0,9.0,0.0,0.0,False,E,496,P
Earth,False,TRAPPIST-1e,62.0,False,0.0,592.0,0.0,17.0,25.0,False,F,13,S
Mars,True,TRAPPIST-1e,54.0,False,0.0,0.0,0.0,0.0,0.0,True,D,176,S
Europa,True,55 Cancri e,35.0,False,0.0,0.0,0.0,0.0,0.0,True,C,104,S
Mars,False,TRAPPIST-1e,53.0,False,0.0,0.0,0.0,0.0,0.0,False,E,438,P
Mars,False,TRAPPIST-1e,27.0,False,2.0,0.0,1320.0,0.0,26.0,True,F,1106,P
Mars,False,TRAPPIST-1e,5.0,False,0.0,0.0,0.0,0.0,0.0,True,E,233,P
Europa,True,TRAPPIST-1e,58.0,False,,0.0,0.0,0.0,0.0,True,C,102,S
Europa,True,TRAPPIST-1e,32.0,False,0.0,,0.0,0.0,0.0,True,A,58,P
Earth,False,PSO J318.5-22,40.0,False,0.0,0.0,310.0,1.0,421.0,False,F,825,P
Europa,False,55 Cancri e,28.0,False,0.0,3345.0,0.0,2143.0,27.0,False,B,141,P
Europa,False,55 Cancri e,22.0,False,1961.0,82.0,0.0,3025.0,2406.0,False,A,62,S
Earth,True,TRAPPIST-1e,7.0,False,0.0,0.0,0.0,0.0,0.0,False,G,105,P
Earth,True,TRAPPIST-1e,16.0,False,0.0,0.0,0.0,0.0,0.0,True,G,225,P
Europa,False,TRAPPIST-1e,26.0,False,0.0,13.0,0.0,3803.0,3557.0,False,C,302,S
Europa,True,55 Cancri e,22.0,False,0.0,0.0,0.0,0.0,0.0,True,C,132,S
Earth,True,TRAPPIST-1e,30.0,False,0.0,0.0,0.0,0.0,0.0,False,G,762,P
Mars,,TRAPPIST-1e,20.0,False,457.0,0.0,170.0,1132.0,0.0,False,F,150,P
Earth,False,TRAPPIST-1e,,False,0.0,654.0,22.0,146.0,4.0,True,E,28,P
Europa,False,TRAPPIST-1e,40.0,False,2.0,76.0,0.0,201.0,,False,C,165,S
Europa,True,TRAPPIST-1e,21.0,False,0.0,0.0,0.0,0.0,0.0,True,B,247,S
Earth,False,TRAPPIST-1e,18.0,False,428.0,0.0,36.0,0.0,424.0,False,G,246,S
Earth,True,TRAPPIST-1e,6.0,False,0.0,0.0,0.0,0.0,0.0,False,G,129,S
Europa,True,TRAPPIST-1e,17.0,False,0.0,0.0,0.0,0.0,0.0,True,B,59,P
,True,TRAPPIST-1e,13.0,False,0.0,,0.0,,0.0,True,G,620,P
Earth,False,55 Cancri e,36.0,False,207.0,0.0,450.0,94.0,0.0,True,G,1183,S
Earth,False,55 Cancri e,29.0,False,270.0,0.0,0.0,25.0,343.0,False,F,402,S
Earth,False,TRAPPIST-1e,50.0,False,0.0,896.0,1.0,0.0,5.0,True,F,1257,S
Earth,False,TRAPPIST-1e,55.0,False,0.0,0.0,5.0,0.0,2409.0,False,F,596,S
Europa,True,TRAPPIST-1e,27.0,False,0.0,0.0,0.0,0.0,0.0,True,B,199,P
Mars,False,TRAPPIST-1e,54.0,False,704.0,0.0,431.0,0.0,47.0,False,D,44,S
Europa,False,55 Cancri e,30.0,False,0.0,138.0,0.0,5467.0,112.0,False,D,53,S
Mars,False,TRAPPIST-1e,27.0,False,20.0,0.0,1000.0,36.0,0.0,True,D,206,S
Mars,True,TRAPPIST-1e,27.0,False,0.0,0.0,0.0,0.0,0.0,True,E,203,S
Mars,,TRAPPIST-1e,39.0,False,0.0,0.0,0.0,0.0,0.0,True,E,45,S
Mars,True,TRAPPIST-1e,75.0,False,0.0,0.0,0.0,0.0,0.0,True,F,906,P
Earth,False,TRAPPIST-1e,,False,0.0,24.0,0.0,732.0,0.0,False,G,276,S
Mars,False,TRAPPIST-1e,30.0,False,616.0,0.0,185.0,210.0,475.0,False,F,457,P
Earth,True,PSO J318.5-22,29.0,False,0.0,0.0,0.0,0.0,0.0,True,G,1113,S
Europa,True,TRAPPIST-1e,29.0,False,0.0,0.0,0.0,0.0,0.0,True,C,227,P
Europa,False,TRAPPIST-1e,29.0,False,0.0,577.0,0.0,5568.0,432.0,False,,,
Earth,False,TRAPPIST-1e,27.0,False,1.0,697.0,31.0,188.0,0.0,False,F,20,S
Earth,False,TRAPPIST-1e,68.0,False,0.0,0.0,970.0,0.0,0.0,True,F,1076,S
Earth,False,TRAPPIST-1e,37.0,False,389.0,0.0,1.0,3369.0,3.0,False,G,873,S
Earth,False,PSO J318.5-22,21.0,False,0.0,27.0,1181.0,0.0,513.0,False,G,479,S
Earth,True,PSO J318.5-22,39.0,False,0.0,0.0,0.0,0.0,0.0,True,G,1394,P
Europa,True,TRAPPIST-1e,42.0,False,0.0,0.0,0.0,0.0,0.0,True,B,15,S
Earth,True,TRAPPIST-1e,,False,0.0,0.0,0.0,0.0,0.0,True,G,981,S
Mars,True,TRAPPIST-1e,31.0,False,0.0,0.0,0.0,0.0,0.0,False,E,256,S
Earth,True,55 Cancri e,43.0,False,0.0,0.0,0.0,0.0,0.0,False,G,53,P
Mars,False,TRAPPIST-1e,22.0,False,0.0,0.0,0.0,0.0,0.0,False,E,592,P
Europa,True,TRAPPIST-1e,19.0,False,0.0,0.0,,0.0,0.0,True,C,58,P
Europa,True,55 Cancri e,,False,0.0,0.0,0.0,0.0,0.0,True,C,301,S
Europa,False,TRAPPIST-1e,32.0,False,0.0,0.0,0.0,241.0,4757.0,False,B,226,S
Earth,False,55 Cancri e,17.0,False,68.0,0.0,0.0,0.0,795.0,True,E,106,P
Earth,False,TRAPPIST-1e,6.0,False,0.0,0.0,0.0,0.0,0.0,True,G,709,P
Earth,True,TRAPPIST-1e,56.0,False,0.0,0.0,0.0,0.0,0.0,False,G,1380,P
Mars,False,TRAPPIST-1e,,False,1150.0,0.0,6.0,4.0,0.0,True,F,312,S
Europa,False,TRAPPIST-1e,25.0,False,0.0,115.0,0.0,1823.0,4041.0,False,A,89,S
Europa,False,TRAPPIST-1e,39.0,False,0.0,2576.0,0.0,234.0,237.0,False,B,118,P
Earth,True,TRAPPIST-1e,35.0,False,0.0,0.0,0.0,0.0,0.0,False,G,339,S
Europa,True,55 Cancri e,40.0,False,0.0,0.0,0.0,0.0,0.0,True,B,59,P
,True,TRAPPIST-1e,36.0,False,0.0,0.0,0.0,0.0,0.0,True,F,86,S
Europa,True,TRAPPIST-1e,27.0,False,0.0,0.0,0.0,0.0,0.0,True,C,219,S
Earth,True,TRAPPIST-1e,26.0,False,0.0,0.0,,0.0,0.0,False,G,530,S
Europa,False,55 Cancri e,31.0,False,0.0,1604.0,4058.0,4094.0,124.0,False,C,218,P
Mars,False,TRAPPIST-1e,45.0,False,2.0,36.0,1110.0,9.0,0.0,False,F,1431,S
Mars,True,TRAPPIST-1e,7.0,False,0.0,0.0,0.0,0.0,0.0,True,F,508,P
Earth,True,TRAPPIST-1e,0.0,False,0.0,0.0,0.0,0.0,0.0,True,G,943,S
Europa,False,,44.0,False,0.0,1482.0,127.0,1555.0,1257.0,False,B,77,P
Earth,False,55 Cancri e,21.0,False,0.0,150.0,0.0,567.0,0.0,False,F,72,S
Mars,False,TRAPPIST-1e,13.0,False,217.0,7.0,928.0,0.0,728.0,False,F,1684,S
Europa,False,TRAPPIST-1e,25.0,False,0.0,0.0,0.0,0.0,0.0,False,B,226,P
Earth,False,,29.0,False,0.0,61.0,942.0,2.0,0.0,True,F,1029,S
Earth,False,,40.0,False,661.0,0.0,830.0,0.0,6.0,False,F,1203,P
Earth,False,PSO J318.5-22,48.0,False,0.0,0.0,501.0,242.0,0.0,False,F,1627,P
Europa,False,TRAPPIST-1e,38.0,False,0.0,354.0,0.0,1806.0,0.0,True,C,72,S
Earth,True,TRAPPIST-1e,16.0,False,0.0,0.0,0.0,0.0,0.0,True,G,863,S
Europa,False,55 Cancri e,53.0,False,8.0,1489.0,0.0,2723.0,7401.0,False,C,247,P
Europa,True,55 Cancri e,25.0,False,0.0,0.0,0.0,0.0,0.0,True,D,282,P
Earth,True,TRAPPIST-1e,21.0,False,0.0,0.0,0.0,0.0,0.0,False,G,1453,P
Europa,True,TRAPPIST-1e,30.0,False,0.0,0.0,0.0,0.0,0.0,True,D,87,S
Europa,False,TRAPPIST-1e,21.0,False,12.0,1855.0,0.0,1381.0,358.0,False,B,192,S
Mars,False,TRAPPIST-1e,24.0,False,261.0,0.0,780.0,0.0,0.0,True,F,935,S
,False,TRAPPIST-1e,19.0,False,3.0,785.0,0.0,0.0,0.0,True,E,398,S
Earth,False,TRAPPIST-1e,19.0,False,879.0,0.0,0.0,10.0,0.0,False,G,1200,P
Mars,False,TRAPPIST-1e,24.0,False,158.0,0.0,1594.0,1.0,0.0,True,F,1077,S
Europa,True,55 Cancri e,30.0,False,0.0,0.0,0.0,0.0,0.0,True,C,227,S
Earth,False,TRAPPIST-1e,29.0,False,324.0,0.0,546.0,0.0,0.0,False,F,1621,S
Europa,False,55 Cancri e,28.0,False,550.0,5203.0,0.0,2244.0,1624.0,False,D,176,P
Earth,True,TRAPPIST-1e,4.0,False,0.0,0.0,0.0,0.0,,True,G,261,P
Europa,True,TRAPPIST-1e,30.0,False,0.0,0.0,0.0,0.0,0.0,True,C,92,S
Earth,False,PSO J318.5-22,26.0,False,148.0,0.0,453.0,0.0,88.0,False,F,66,S
Earth,False,TRAPPIST-1e,41.0,False,2.0,0.0,551.0,5577.0,68.0,False,G,351,P
Earth,True,55 Cancri e,15.0,False,0.0,0.0,0.0,0.0,0.0,False,G,1227,S
Europa,False,55 Cancri e,34.0,False,0.0,5.0,11.0,62.0,5804.0,False,C,307,P
Earth,False,TRAPPIST-1e,44.0,False,657.0,0.0,103.0,0.0,394.0,False,F,1560,P
Earth,False,TRAPPIST-1e,25.0,False,1339.0,1.0,360.0,0.0,0.0,False,G,665,P
Earth,False,TRAPPIST-1e,24.0,False,0.0,1049.0,1.0,0.0,0.0,False,F,1301,P
Earth,False,TRAPPIST-1e,26.0,False,14.0,0.0,0.0,857.0,0.0,False,F,474,P
Earth,False,TRAPPIST-1e,27.0,False,82.0,157.0,429.0,238.0,1.0,False,G,20,S
Earth,True,TRAPPIST-1e,31.0,False,0.0,0.0,0.0,0.0,0.0,False,G,674,P
Mars,False,PSO J318.5-22,40.0,True,301.0,0.0,1310.0,4.0,,True,F,1287,P
Earth,False,55 Cancri e,8.0,False,0.0,0.0,0.0,0.0,0.0,True,G,178,S
Earth,,TRAPPIST-1e,30.0,False,0.0,0.0,0.0,0.0,0.0,False,G,383,S
Europa,False,TRAPPIST-1e,45.0,False,0.0,2524.0,0.0,166.0,1.0,True,B,129,P
Earth,False,TRAPPIST-1e,19.0,False,112.0,0.0,265.0,396.0,0.0,False,G,1354,S
Europa,True,TRAPPIST-1e,13.0,False,0.0,0.0,0.0,0.0,0.0,True,B,210,S
Europa,False,55 Cancri e,38.0,False,0.0,1198.0,48.0,278.0,1244.0,False,B,218,S
Mars,True,TRAPPIST-1e,41.0,False,0.0,0.0,0.0,0.0,0.0,False,E,77,P
Earth,False,TRAPPIST-1e,36.0,False,357.0,0.0,114.0,0.0,,False,F,784,P
Earth,False,TRAPPIST-1e,46.0,False,0.0,0.0,533.0,277.0,0.0,False,G,237,S
Earth,False,TRAPPIST-1e,41.0,False,85.0,804.0,0.0,0.0,0.0,True,G,1201,S
Mars,True,TRAPPIST-1e,5.0,False,0.0,0.0,0.0,0.0,0.0,True,F,1550,P
Earth,True,PSO J318.5-22,22.0,False,0.0,0.0,0.0,0.0,0.0,False,G,1504,P
Earth,True,PSO J318.5-22,18.0,False,0.0,0.0,0.0,0.0,0.0,False,G,1499,S
Earth,False,55 Cancri e,14.0,False,363.0,44.0,0.0,0.0,512.0,True,G,778,P
Mars,False,PSO J318.5-22,37.0,False,3.0,0.0,800.0,76.0,0.0,True,D,117,P
Mars,True,TRAPPIST-1e,36.0,False,0.0,0.0,0.0,0.0,0.0,False,E,411,P
Mars,False,TRAPPIST-1e,1.0,False,0.0,0.0,0.0,0.0,0.0,True,F,1387,P
Europa,False,55 Cancri e,58.0,True,0.0,279.0,3627.0,122.0,30.0,True,B,132,P
Mars,True,,43.0,False,0.0,0.0,0.0,0.0,0.0,True,E,311,S
Europa,True,55 Cancri e,36.0,False,0.0,0.0,0.0,0.0,0.0,True,E,302,P
Mars,True,TRAPPIST-1e,33.0,False,0.0,0.0,0.0,0.0,0.0,True,F,1145,P
Europa,False,55 Cancri e,42.0,False,0.0,1209.0,0.0,1026.0,636.0,False,B,105,P
Europa,False,TRAPPIST-1e,20.0,False,13.0,817.0,0.0,1435.0,22.0,True,E,116,S
Mars,True,TRAPPIST-1e,27.0,False,0.0,0.0,0.0,0.0,0.0,True,F,480,S
Earth,True,TRAPPIST-1e,22.0,False,0.0,0.0,0.0,0.0,0.0,False,G,1402,P
Europa,False,TRAPPIST-1e,27.0,False,0.0,31.0,0.0,1.0,11378.0,False,B,65,S
Earth,False,TRAPPIST-1e,21.0,False,0.0,820.0,0.0,45.0,0.0,True,F,423,S
Earth,False,TRAPPIST-1e,24.0,False,332.0,9.0,356.0,0.0,0.0,False,F,1462,P
Earth,False,55 Cancri e,36.0,False,0.0,0.0,0.0,725.0,2.0,False,F,945,P
Earth,False,TRAPPIST-1e,22.0,,769.0,0.0,0.0,1.0,729.0,False,F,1494,S
Earth,True,PSO J318.5-22,14.0,False,0.0,0.0,0.0,0.0,0.0,False,G,1465,S
Mars,False,TRAPPIST-1e,32.0,False,47.0,0.0,2552.0,0.0,0.0,True,F,167,S
Europa,False,TRAPPIST-1e,31.0,False,1.0,104.0,1338.0,698.0,126.0,True,C,339,S
,False,TRAPPIST-1e,32.0,False,0.0,243.0,0.0,0.0,776.0,False,G,1138,S
Earth,True,TRAPPIST-1e,1.0,False,,0.0,0.0,0.0,0.0,True,G,1455,P
Earth,False,55 Cancri e,22.0,False,23.0,100.0,1353.0,0.0,0.0,True,F,1856,P
Mars,False,TRAPPIST-1e,34.0,False,470.0,0.0,,45.0,539.0,False,D,205,S
Earth,False,TRAPPIST-1e,39.0,False,19.0,102.0,0.0,678.0,0.0,False,F,1405,S
Earth,False,TRAPPIST-1e,27.0,False,0.0,118.0,0.0,5.0,665.0,False,E,28,S
Earth,True,TRAPPIST-1e,23.0,False,0.0,0.0,0.0,0.0,0.0,True,G,754,S
,False,TRAPPIST-1e,67.0,False,143.0,68.0,496.0,182.0,9.0,True,,,
Earth,True,PSO J318.5-22,26.0,False,,0.0,0.0,0.0,0.0,False,G,1299,S
Earth,True,PSO J318.5-22,67.0,False,0.0,0.0,0.0,0.0,0.0,True,G,1231,S
Europa,True,TRAPPIST-1e,56.0,False,0.0,0.0,0.0,0.0,0.0,True,B,11,S
Earth,False,TRAPPIST-1e,16.0,False,0.0,0.0,722.0,0.0,1.0,True,G,577,P
Mars,True,55 Cancri e,16.0,False,0.0,0.0,0.0,0.0,0.0,True,F,988,S
Europa,True,55 Cancri e,35.0,False,0.0,0.0,0.0,0.0,0.0,True,D,227,P
Earth,,55 Cancri e,35.0,False,0.0,0.0,0.0,0.0,0.0,True,G,230,S
Mars,False,TRAPPIST-1e,2.0,False,0.0,0.0,0.0,0.0,0.0,True,F,9,P
Earth,False,TRAPPIST-1e,0.0,False,0.0,0.0,0.0,0.0,0.0,True,G,1161,P
Earth,False,TRAPPIST-1e,30.0,False,59.0,0.0,0.0,0.0,1611.0,False,E,407,P
Europa,False,55 Cancri e,21.0,False,0.0,878.0,82.0,360.0,1784.0,False,C,103,P
Earth,False,55 Cancri e,32.0,False,0.0,0.0,0.0,817.0,8.0,True,G,240,P
Mars,True,TRAPPIST-1e,0.0,False,0.0,0.0,0.0,0.0,0.0,True,F,972,P
Earth,True,PSO J318.5-22,45.0,False,0.0,0.0,0.0,0.0,0.0,True,G,371,S
Mars,True,TRAPPIST-1e,2.0,False,0.0,0.0,0.0,0.0,0.0,True,F,743,S
Earth,True,55 Cancri e,17.0,False,,0.0,0.0,0.0,0.0,False,G,145,S
Earth,False,TRAPPIST-1e,55.0,False,506.0,0.0,456.0,0.0,0.0,False,F,1677,S
Earth,,PSO J318.5-22,35.0,False,0.0,0.0,0.0,0.0,0.0,False,G,1483,S
Earth,False,TRAPPIST-1e,27.0,False,1007.0,0.0,0.0,9.0,0.0,False,G,1337,P
Europa,True,TRAPPIST-1e,17.0,False,0.0,0.0,0.0,0.0,0.0,True,C,86,S
Earth,False,TRAPPIST-1e,64.0,False,313.0,782.0,8.0,0.0,0.0,False,F,686,P
Earth,False,55 Cancri e,21.0,False,2.0,,0.0,634.0,0.0,False,G,1413,S
Earth,True,TRAPPIST-1e,22.0,False,0.0,0.0,,0.0,0.0,True,G,913,P
Mars,False,TRAPPIST-1e,14.0,False,928.0,852.0,81.0,0.0,0.0,False,F,100,P
Mars,True,TRAPPIST-1e,23.0,False,0.0,0.0,0.0,0.0,0.0,True,F,1721,S
Earth,,PSO J318.5-22,20.0,False,0.0,0.0,0.0,0.0,0.0,True,G,648,P
Mars,True,55 Cancri e,50.0,False,0.0,0.0,0.0,0.0,0.0,True,F,1527,S
Earth,,TRAPPIST-1e,35.0,False,0.0,0.0,0.0,0.0,0.0,True,G,505,P
Mars,False,TRAPPIST-1e,22.0,False,100.0,0.0,1050.0,0.0,23.0,False,E,466,P
Europa,False,TRAPPIST-1e,42.0,False,0.0,802.0,0.0,2622.0,671.0,False,C,103,S
Europa,False,55 Cancri e,30.0,True,1250.0,865.0,0.0,3725.0,5416.0,False,B,60,P
Mars,False,TRAPPIST-1e,51.0,False,1644.0,0.0,234.0,157.0,64.0,False,E,187,P
Earth,False,PSO J318.5-22,25.0,False,11.0,44.0,397.0,0.0,0.0,False,G,297,S
Europa,False,TRAPPIST-1e,45.0,False,0.0,0.0,0.0,0.0,0.0,False,B,116,P
Earth,False,TRAPPIST-1e,22.0,False,0.0,269.0,0.0,100.0,28.0,False,G,543,S
Europa,True,55 Cancri e,45.0,False,0.0,0.0,0.0,0.0,0.0,True,A,30,S
Earth,False,TRAPPIST-1e,36.0,False,0.0,281.0,0.0,0.0,632.0,False,G,1476,S
Earth,,TRAPPIST-1e,51.0,False,0.0,0.0,689.0,0.0,32.0,False,G,1455,S
Europa,True,TRAPPIST-1e,32.0,False,0.0,0.0,0.0,0.0,0.0,True,A,27,S
Earth,False,TRAPPIST-1e,22.0,False,0.0,,692.0,18.0,0.0,True,G,1259,S
Earth,False,TRAPPIST-1e,24.0,False,0.0,0.0,124.0,4.0,471.0,False,F,1694,S
Mars,False,TRAPPIST-1e,18.0,False,594.0,0.0,555.0,0.0,0.0,False,F,196,P
Mars,True,TRAPPIST-1e,23.0,False,0.0,0.0,0.0,0.0,0.0,False,E,316,S
Europa,False,TRAPPIST-1e,48.0,False,0.0,,0.0,408.0,293.0,True,E,548,S
Mars,False,TRAPPIST-1e,35.0,,1228.0,0.0,0.0,0.0,0.0,False,F,576,S
Europa,False,55 Cancri e,53.0,False,0.0,1127.0,0.0,3939.0,,False,,,
Mars,True,TRAPPIST-1e,19.0,False,0.0,0.0,0.0,0.0,0.0,True,F,737,P
Earth,False,TRAPPIST-1e,7.0,False,0.0,0.0,0.0,0.0,0.0,False,G,734,S
Earth,True,TRAPPIST-1e,24.0,False,0.0,0.0,0.0,0.0,0.0,True,G,437,P
Earth,False,TRAPPIST-1e,27.0,False,158.0,0.0,1271.0,0.0,71.0,False,F,610,S
,False,TRAPPIST-1e,25.0,False,9.0,852.0,73.0,12.0,57.0,True,F,357,P
Europa,True,55 Cancri e,24.0,False,0.0,0.0,0.0,0.0,0.0,True,C,48,S
Earth,False,55 Cancri e,41.0,False,682.0,0.0,0.0,0.0,17.0,False,F,476,S
Mars,True,TRAPPIST-1e,1.0,False,0.0,0.0,0.0,0.0,0.0,True,F,1466,P
Earth,True,TRAPPIST-1e,10.0,False,0.0,0.0,0.0,0.0,0.0,True,G,1245,S
Europa,True,55 Cancri e,13.0,False,0.0,0.0,0.0,0.0,0.0,True,B,205,S
Earth,True,TRAPPIST-1e,4.0,False,0.0,0.0,0.0,0.0,0.0,True,G,593,S
Earth,True,PSO J318.5-22,32.0,False,0.0,0.0,0.0,0.0,0.0,True,G,1083,P
Europa,False,TRAPPIST-1e,46.0,False,0.0,4524.0,,243.0,7730.0,False,B,185,P
Earth,True,TRAPPIST-1e,5.0,False,0.0,0.0,0.0,0.0,0.0,True,G,1046,S
Europa,True,TRAPPIST-1e,32.0,False,0.0,0.0,0.0,0.0,0.0,True,C,293,S
Earth,True,TRAPPIST-1e,34.0,False,0.0,0.0,0.0,0.0,0.0,True,G,1026,S
Mars,False,TRAPPIST-1e,64.0,False,2147.0,0.0,191.0,59.0,0.0,False,D,154,S
Europa,False,55 Cancri e,19.0,False,0.0,748.0,158.0,5037.0,44.0,False,D,59,P
Mars,True,TRAPPIST-1e,,False,0.0,0.0,0.0,0.0,0.0,True,F,705,P
Europa,True,TRAPPIST-1e,23.0,False,0.0,0.0,0.0,0.0,0.0,True,B,106,P
,True,TRAPPIST-1e,54.0,False,0.0,0.0,0.0,0.0,0.0,True,B,154,P
Earth,True,TRAPPIST-1e,20.0,False,0.0,0.0,0.0,0.0,0.0,False,G,146,S
Mars,False,TRAPPIST-1e,53.0,False,24.0,0.0,1105.0,0.0,0.0,False,F,1841,P
Earth,False,PSO J318.5-22,42.0,False,0.0,168.0,0.0,113.0,461.0,False,F,1284,P
Earth,True,PSO J318.5-22,19.0,False,0.0,0.0,0.0,0.0,0.0,False,G,1361,P
Europa,False,TRAPPIST-1e,28.0,False,0.0,6921.0,0.0,29.0,45.0,True,A,57,P
Earth,False,55 Cancri e,31.0,False,0.0,14.0,671.0,1.0,3.0,False,F,438,S
Earth,,TRAPPIST-1e,20.0,False,0.0,1.0,0.0,905.0,0.0,False,E,122,S
Europa,False,TRAPPIST-1e,20.0,False,0.0,1131.0,3783.0,161.0,0.0,True,E,310,S
Earth,True,TRAPPIST-1e,19.0,,0.0,0.0,0.0,0.0,0.0,True,G,830,P
,False,TRAPPIST-1e,40.0,False,666.0,4.0,83.0,0.0,50.0,True,F,631,S
Earth,False,TRAPPIST-1e,,False,86.0,218.0,0.0,0.0,479.0,False,G,631,S
Earth,False,TRAPPIST-1e,34.0,False,228.0,0.0,150.0,15.0,1.0,False,G,1060,P
Earth,True,TRAPPIST-1e,16.0,False,0.0,0.0,0.0,0.0,0.0,True,G,1061,S
Earth,False,TRAPPIST-1e,19.0,False,0.0,,957.0,4.0,0.0,False,F,225,S
Europa,True,55 Cancri e,28.0,False,0.0,0.0,0.0,0.0,0.0,True,C,151,S
Earth,False,TRAPPIST-1e,25.0,False,12.0,6.0,2817.0,342.0,0.0,False,,,
Europa,True,55 Cancri e,13.0,False,0.0,0.0,0.0,,0.0,True,B,150,S
Earth,True,TRAPPIST-1e,49.0,False,0.0,0.0,0.0,0.0,0.0,False,G,1276,P
Earth,False,PSO J318.5-22,22.0,False,0.0,17.0,0.0,620.0,0.0,False,F,1740,S
Europa,False,TRAPPIST-1e,26.0,False,0.0,3818.0,0.0,1877.0,136.0,False,D,203,P
Earth,False,TRAPPIST-1e,21.0,False,0.0,918.0,0.0,0.0,0.0,True,F,54,S
Mars,False,TRAPPIST-1e,25.0,False,750.0,0.0,109.0,368.0,0.0,False,F,927,S
,False,TRAPPIST-1e,26.0,False,0.0,0.0,1352.0,5.0,0.0,False,F,659,P
Europa,False,TRAPPIST-1e,29.0,True,267.0,1418.0,257.0,843.0,0.0,True,C,155,S
Earth,False,TRAPPIST-1e,45.0,False,0.0,0.0,2332.0,84.0,0.0,True,F,1087,S
,True,TRAPPIST-1e,33.0,False,0.0,0.0,0.0,0.0,0.0,True,B,218,S
Earth,True,TRAPPIST-1e,1.0,False,0.0,0.0,0.0,0.0,0.0,True,G,765,S
Mars,False,PSO J318.5-22,30.0,False,51.0,0.0,1373.0,0.0,5.0,True,F,1404,P
Earth,False,TRAPPIST-1e,43.0,False,0.0,0.0,0.0,0.0,1544.0,False,F,1112,P
Earth,False,TRAPPIST-1e,46.0,False,0.0,98.0,2077.0,0.0,0.0,True,F,1205,P
Mars,True,55 Cancri e,2.0,False,0.0,0.0,0.0,0.0,0.0,True,F,63,S
Earth,False,TRAPPIST-1e,23.0,False,0.0,0.0,2102.0,0.0,0.0,True,F,953,S
Earth,True,55 Cancri e,,False,0.0,0.0,0.0,0.0,0.0,True,G,600,P
Earth,True,TRAPPIST-1e,0.0,False,0.0,0.0,0.0,0.0,0.0,False,G,839,P
Europa,True,TRAPPIST-1e,29.0,False,0.0,0.0,0.0,0.0,0.0,True,C,223,P
Europa,False,55 Cancri e,31.0,False,65.0,2121.0,0.0,6431.0,1.0,False,B,63,S
Earth,True,,18.0,False,0.0,0.0,0.0,0.0,0.0,True,G,450,S
,True,55 Cancri e,3.0,False,0.0,0.0,0.0,0.0,0.0,True,G,1026,P
Earth,False,TRAPPIST-1e,18.0,False,0.0,157.0,0.0,352.0,60.0,False,F,92,P
Earth,False,TRAPPIST-1e,17.0,False,0.0,0.0,249.0,537.0,5.0,True,E,125,P
Earth,True,PSO J318.5-22,17.0,False,0.0,0.0,0.0,0.0,0.0,False,,,
Mars,False,TRAPPIST-1e,30.0,False,768.0,11.0,2010.0,0.0,0.0,True,E,450,S
Europa,False,55 Cancri e,35.0,False,0.0,5500.0,0.0,180.0,3173.0,False,D,236,S
Earth,False,55 Cancri e,23.0,False,145.0,490.0,17.0,49.0,1.0,False,F,347,P
Earth,False,PSO J318.5-22,39.0,False,0.0,0.0,0.0,7.0,766.0,False,G,117,P
Earth,True,55 Cancri e,34.0,False,0.0,0.0,0.0,0.0,0.0,True,G,642,S
Earth,True,TRAPPIST-1e,23.0,False,0.0,0.0,0.0,0.0,0.0,False,G,1278,P
Earth,True,TRAPPIST-1e,20.0,False,0.0,0.0,0.0,0.0,0.0,True,G,1496,P
Earth,False,TRAPPIST-1e,21.0,False,0.0,5.0,3.0,0.0,,False,G,44,S
Earth,False,TRAPPIST-1e,17.0,False,0.0,0.0,1875.0,142.0,2.0,True,F,922,S
Earth,True,TRAPPIST-1e,9.0,False,0.0,0.0,0.0,0.0,0.0,False,G,529,P
Earth,True,55 Cancri e,21.0,False,0.0,0.0,0.0,0.0,0.0,True,,,
Mars,True,TRAPPIST-1e,27.0,False,0.0,0.0,0.0,0.0,0.0,True,,,
Earth,False,TRAPPIST-1e,32.0,False,125.0,874.0,0.0,180.0,1.0,True,F,1072,S
,True,55 Cancri e,30.0,False,0.0,0.0,0.0,0.0,0.0,True,C,18,P
Mars,False,TRAPPIST-1e,27.0,False,1502.0,1.0,0.0,0.0,0.0,False,F,532,S
Mars,False,TRAPPIST-1e,49.0,False,22.0,0.0,1129.0,0.0,77.0,True,F,813,S
Europa,False,55 Cancri e,38.0,False,55.0,1258.0,0.0,650.0,10786.0,False,C,142,S
Earth,False,TRAPPIST-1e,61.0,False,1215.0,32.0,0.0,0.0,362.0,False,E,118,S
Mars,True,TRAPPIST-1e,1.0,False,0.0,0.0,0.0,0.0,0.0,True,F,938,S
Earth,False,TRAPPIST-1e,18.0,False,789.0,0.0,2.0,0.0,19.0,False,G,195,S
Earth,True,TRAPPIST-1e,24.0,False,0.0,0.0,0.0,0.0,0.0,True,G,1412,S
Earth,False,TRAPPIST-1e,24.0,False,121.0,237.0,4.0,387.0,54.0,False,F,127,S
Mars,True,TRAPPIST-1e,56.0,False,0.0,0.0,0.0,0.0,0.0,True,F,1654,S
Earth,True,PSO J318.5-22,24.0,False,0.0,0.0,0.0,0.0,0.0,True,G,1438,S
Earth,False,TRAPPIST-1e,36.0,False,625.0,0.0,260.0,0.0,0.0,False,G,439,S
Europa,False,55 Cancri e,54.0,True,0.0,2062.0,2.0,19.0,1618.0,False,B,92,P
Earth,True,PSO J318.5-22,23.0,False,0.0,0.0,0.0,0.0,0.0,True,G,840,S
Earth,False,TRAPPIST-1e,36.0,False,0.0,7.0,661.0,0.0,93.0,True,F,1451,S
Europa,True,55 Cancri e,51.0,,0.0,0.0,0.0,0.0,0.0,True,B,50,P
Mars,True,TRAPPIST-1e,18.0,False,0.0,0.0,0.0,0.0,0.0,True,F,1114,P
Mars,True,TRAPPIST-1e,21.0,False,0.0,0.0,0.0,0.0,0.0,True,F,1712,S
Earth,True,PSO J318.5-22,34.0,,0.0,0.0,0.0,0.0,0.0,True,G,191,S
Europa,,55 Cancri e,44.0,False,0.0,0.0,0.0,0.0,0.0,True,C,308,P
Earth,False,TRAPPIST-1e,17.0,False,112.0,56.0,332.0,0.0,606.0,False,F,497,P
Earth,False,PSO J318.5-22,19.0,False,0.0,0.0,747.0,26.0,0.0,True,G,72,P
,False,TRAPPIST-1e,17.0,False,1471.0,0.0,0.0,45.0,16.0,False,F,95,S
Earth,True,55 Cancri e,33.0,False,0.0,0.0,0.0,0.0,0.0,True,G,1146,S
Earth,True,PSO J318.5-22,20.0,False,0.0,0.0,0.0,0.0,0.0,False,G,260,S
Earth,False,TRAPPIST-1e,26.0,False,9.0,0.0,0.0,0.0,878.0,False,G,84,P
Europa,True,55 Cancri e,50.0,False,0.0,0.0,0.0,0.0,0.0,True,C,91,P
Mars,True,TRAPPIST-1e,62.0,False,0.0,,0.0,0.0,0.0,True,F,1220,P
Europa,True,55 Cancri e,20.0,False,,0.0,0.0,0.0,0.0,True,C,198,P
Europa,True,55 Cancri e,38.0,False,0.0,0.0,0.0,0.0,0.0,True,C,26,S
Europa,False,55 Cancri e,47.0,False,0.0,140.0,,85.0,3970.0,False,B,91,S
Mars,False,TRAPPIST-1e,,False,1216.0,0.0,30.0,43.0,0.0,False,F,1341,S
Earth,False,TRAPPIST-1e,28.0,False,766.0,0.0,1.0,258.0,26.0,True,F,735,P
Earth,False,55 Cancri e,15.0,False,6.0,1740.0,2184.0,0.0,0.0,True,G,739,P
Earth,False,TRAPPIST-1e,53.0,False,323.0,120.0,14.0,450.0,0.0,True,G,585,P
,False,,23.0,False,348.0,0.0,0.0,4.0,368.0,False,G,64,P
Earth,True,TRAPPIST-1e,6.0,,0.0,0.0,0.0,0.0,0.0,False,G,1390,S
Earth,True,TRAPPIST-1e,39.0,False,0.0,0.0,0.0,0.0,0.0,True,G,922,S
Earth,False,55 Cancri e,34.0,False,232.0,457.0,1.0,218.0,0.0,True,G,600,S
Mars,True,TRAPPIST-1e,37.0,False,0.0,0.0,0.0,0.0,0.0,True,F,1648,S
Earth,False,TRAPPIST-1e,19.0,False,0.0,789.0,0.0,0.0,0.0,False,E,499,S
Earth,False,TRAPPIST-1e,18.0,False,13.0,822.0,27.0,0.0,46.0,False,G,1445,S
Mars,False,TRAPPIST-1e,27.0,False,434.0,0.0,1434.0,0.0,0.0,False,F,64,S
Earth,True,TRAPPIST-1e,46.0,False,0.0,0.0,0.0,0.0,0.0,False,G,757,S
Earth,False,TRAPPIST-1e,32.0,False,713.0,0.0,2.0,0.0,1.0,False,F,165,P
Earth,False,TRAPPIST-1e,28.0,False,0.0,53.0,0.0,732.0,6.0,False,E,264,P
Earth,False,TRAPPIST-1e,20.0,False,0.0,27.0,1.0,686.0,1.0,False,F,514,S
Mars,False,TRAPPIST-1e,0.0,False,0.0,0.0,0.0,0.0,0.0,True,F,425,S
Earth,True,TRAPPIST-1e,35.0,False,0.0,0.0,0.0,0.0,0.0,True,G,808,P
Earth,True,55 Cancri e,2.0,False,0.0,0.0,0.0,0.0,0.0,True,G,518,S
Earth,False,55 Cancri e,37.0,False,0.0,89.0,15.0,20.0,592.0,False,F,858,P
Mars,False,TRAPPIST-1e,29.0,False,907.0,0.0,0.0,142.0,0.0,False,E,449,P
Europa,False,TRAPPIST-1e,16.0,False,0.0,2002.0,0.0,96.0,69.0,True,B,226,S
Europa,False,55 Cancri e,41.0,False,14.0,6777.0,81.0,604.0,2936.0,False,B,138,P
Europa,True,TRAPPIST-1e,13.0,False,0.0,0.0,0.0,0.0,0.0,True,A,71,P
Earth,False,55 Cancri e,57.0,False,3.0,1281.0,29.0,162.0,13.0,False,F,65,P
Mars,True,TRAPPIST-1e,18.0,False,0.0,0.0,0.0,0.0,0.0,True,F,896,P
Mars,False,TRAPPIST-1e,21.0,False,32.0,0.0,1008.0,0.0,0.0,True,F,1584,S
Europa,True,TRAPPIST-1e,59.0,False,0.0,0.0,0.0,0.0,0.0,True,B,18,P
Europa,False,55 Cancri e,48.0,False,3.0,4089.0,0.0,4368.0,147.0,False,C,235,S
Earth,True,TRAPPIST-1e,22.0,False,0.0,0.0,0.0,0.0,0.0,True,G,888,P
Mars,False,TRAPPIST-1e,31.0,False,162.0,1211.0,4.0,0.0,1.0,True,E,151,S
Mars,True,TRAPPIST-1e,24.0,False,0.0,0.0,0.0,0.0,0.0,True,F,1682,P
Earth,False,TRAPPIST-1e,44.0,False,103.0,0.0,18.0,1197.0,1.0,True,F,133,P
Earth,True,PSO J318.5-22,21.0,False,0.0,0.0,0.0,0.0,0.0,True,G,3,P
Earth,False,55 Cancri e,23.0,False,4.0,,2.0,254.0,521.0,False,F,300,P
Earth,False,55 Cancri e,15.0,False,1006.0,1.0,0.0,0.0,308.0,True,F,333,S
Earth,False,TRAPPIST-1e,54.0,False,724.0,25.0,71.0,0.0,1054.0,False,G,1478,S
Earth,False,55 Cancri e,17.0,False,44.0,1535.0,10.0,51.0,0.0,True,E,150,S
Mars,False,TRAPPIST-1e,2.0,False,0.0,,0.0,0.0,0.0,True,F,765,S
Europa,False,TRAPPIST-1e,26.0,False,0.0,8150.0,0.0,3508.0,99.0,False,C,91,P
Europa,True,55 Cancri e,26.0,False,0.0,0.0,0.0,0.0,0.0,True,D,190,P
Europa,False,55 Cancri e,29.0,False,0.0,12563.0,0.0,3.0,5057.0,False,B,297,P
Europa,True,TRAPPIST-1e,47.0,True,0.0,0.0,0.0,0.0,0.0,True,B,142,P
Mars,False,,45.0,False,10.0,1095.0,1474.0,0.0,0.0,True,D,71,S
Earth,True,TRAPPIST-1e,31.0,False,0.0,0.0,0.0,0.0,0.0,False,G,450,P
Earth,True,TRAPPIST-1e,20.0,False,0.0,0.0,0.0,0.0,0.0,True,G,930,S
Mars,True,55 Cancri e,22.0,False,0.0,0.0,0.0,0.0,0.0,True,F,1780,S
Mars,False,TRAPPIST-1e,42.0,False,954.0,0.0,1.0,0.0,0.0,False,E,283,S
,True,PSO J318.5-22,14.0,False,0.0,0.0,0.0,0.0,0.0,True,E,125,S
Europa,False,TRAPPIST-1e,,False,0.0,0.0,0.0,0.0,0.0,True,B,230,S
Mars,False,TRAPPIST-1e,32.0,False,1331.0,416.0,0.0,665.0,64.0,False,F,868,P
Mars,False,55 Cancri e,54.0,False,433.0,0.0,867.0,19.0,1.0,False,F,926,P
Mars,False,TRAPPIST-1e,3.0,False,0.0,0.0,0.0,0.0,0.0,True,F,937,S
Mars,False,TRAPPIST-1e,54.0,False,1217.0,0.0,1.0,4.0,0.0,False,F,755,S
Earth,False,TRAPPIST-1e,44.0,False,1175.0,0.0,13.0,642.0,498.0,False,G,1071,P
Earth,True,PSO J318.5-22,24.0,False,0.0,0.0,0.0,0.0,0.0,True,G,65,S
Earth,False,TRAPPIST-1e,24.0,False,757.0,0.0,0.0,32.0,0.0,False,E,27,P
Earth,True,TRAPPIST-1e,15.0,False,0.0,0.0,0.0,0.0,0.0,False,G,1320,P
Earth,True,TRAPPIST-1e,23.0,False,0.0,0.0,0.0,0.0,0.0,True,G,562,P
Europa,False,TRAPPIST-1e,40.0,False,773.0,3729.0,43.0,10.0,0.0,True,B,216,P
Earth,False,TRAPPIST-1e,19.0,False,114.0,3.0,622.0,0.0,0.0,False,F,1223,S
Earth,True,TRAPPIST-1e,41.0,False,,0.0,0.0,0.0,0.0,True,G,657,P
Mars,True,TRAPPIST-1e,54.0,False,0.0,,0.0,0.0,0.0,True,F,821,S
Mars,True,TRAPPIST-1e,19.0,False,0.0,0.0,0.0,0.0,0.0,True,F,1476,S
Mars,False,TRAPPIST-1e,20.0,False,1406.0,0.0,0.0,11.0,0.0,False,F,41,S
Earth,False,55 Cancri e,23.0,False,29.0,34.0,1.0,2838.0,0.0,False,F,516,S
Mars,True,TRAPPIST-1e,36.0,False,0.0,0.0,0.0,0.0,0.0,True,F,1259,P
Europa,True,55 Cancri e,26.0,False,0.0,0.0,0.0,0.0,0.0,True,B,309,S
Europa,True,TRAPPIST-1e,29.0,False,0.0,0.0,0.0,0.0,0.0,True,B,221,S
Earth,False,TRAPPIST-1e,49.0,False,20.0,0.0,0.0,769.0,0.0,False,E,381,S
Earth,,TRAPPIST-1e,36.0,False,0.0,3011.0,0.0,0.0,98.0,True,,,
Mars,False,55 Cancri e,19.0,False,1184.0,88.0,0.0,0.0,334.0,True,F,790,S
Earth,True,TRAPPIST-1e,25.0,False,0.0,0.0,,0.0,0.0,True,G,1311,P
Earth,False,TRAPPIST-1e,6.0,False,0.0,0.0,0.0,0.0,0.0,True,G,1351,P
Mars,True,TRAPPIST-1e,17.0,False,0.0,0.0,0.0,0.0,0.0,True,F,1146,P
Earth,False,55 Cancri e,20.0,False,1.0,0.0,0.0,4926.0,1.0,False,G,336,S
Earth,True,55 Cancri e,24.0,False,0.0,0.0,0.0,0.0,0.0,True,G,557,P
Earth,False,,37.0,False,0.0,1368.0,0.0,,960.0,False,G,363,P
Europa,False,TRAPPIST-1e,35.0,False,305.0,3621.0,0.0,320.0,341.0,True,C,60,S
Mars,True,TRAPPIST-1e,34.0,False,0.0,0.0,0.0,0.0,0.0,True,F,223,S
Europa,False,TRAPPIST-1e,57.0,False,0.0,218.0,0.0,8522.0,0.0,False,C,210,P
Mars,False,TRAPPIST-1e,,False,132.0,75.0,849.0,0.0,0.0,True,D,122,S
Mars,False,TRAPPIST-1e,,False,0.0,0.0,0.0,0.0,0.0,True,F,145,P
Europa,False,TRAPPIST-1e,43.0,False,0.0,1440.0,0.0,85.0,150.0,True,B,120,S
Europa,True,TRAPPIST-1e,23.0,False,0.0,0.0,0.0,0.0,0.0,True,C,273,P
Earth,False,TRAPPIST-1e,46.0,False,8.0,652.0,0.0,5.0,90.0,False,G,300,S
Earth,False,TRAPPIST-1e,33.0,False,0.0,763.0,8.0,2.0,30.0,False,F,346,S
Earth,False,55 Cancri e,24.0,False,0.0,58.0,618.0,0.0,41.0,False,F,1334,S
Earth,False,TRAPPIST-1e,14.0,False,30.0,757.0,115.0,0.0,0.0,True,F,1164,P
Earth,False,PSO J318.5-22,55.0,False,0.0,1203.0,0.0,0.0,446.0,False,E,239,P
Europa,False,55 Cancri e,33.0,False,0.0,26.0,1.0,33.0,2439.0,False,D,57,S
Europa,True,55 Cancri e,53.0,False,0.0,0.0,0.0,0.0,0.0,True,C,110,P
Europa,False,TRAPPIST-1e,40.0,False,0.0,553.0,10.0,2787.0,52.0,False,B,199,S
Mars,True,TRAPPIST-1e,29.0,False,0.0,,0.0,0.0,0.0,True,F,472,P
Earth,False,TRAPPIST-1e,35.0,False,202.0,1309.0,60.0,0.0,0.0,True,F,1008,S
Earth,False,55 Cancri e,33.0,False,0.0,53.0,615.0,9.0,0.0,True,F,1614,P
Mars,True,55 Cancri e,3.0,False,0.0,0.0,0.0,0.0,0.0,True,F,1005,P
Europa,False,55 Cancri e,46.0,False,0.0,0.0,0.0,1529.0,3069.0,False,A,39,S
Europa,False,55 Cancri e,67.0,False,76.0,16.0,0.0,2247.0,1166.0,False,C,24,P
Earth,,TRAPPIST-1e,42.0,False,37.0,1670.0,0.0,0.0,0.0,True,G,315,S
Europa,False,TRAPPIST-1e,43.0,False,0.0,1947.0,0.0,0.0,1651.0,True,B,168,S
Earth,False,55 Cancri e,19.0,False,0.0,336.0,508.0,1.0,0.0,True,G,573,S
Earth,False,TRAPPIST-1e,52.0,False,289.0,302.0,0.0,112.0,0.0,False,F,1615,S
Mars,True,TRAPPIST-1e,13.0,False,0.0,0.0,0.0,0.0,0.0,True,F,709,P
Earth,False,TRAPPIST-1e,4.0,False,0.0,0.0,0.0,0.0,0.0,True,G,1402,P
Europa,False,55 Cancri e,33.0,False,5493.0,9401.0,23.0,3013.0,303.0,False,B,136,P
Earth,True,TRAPPIST-1e,7.0,False,0.0,0.0,0.0,0.0,0.0,True,G,970,S
Earth,True,TRAPPIST-1e,51.0,False,0.0,0.0,0.0,0.0,0.0,False,G,532,P
Earth,False,TRAPPIST-1e,32.0,False,3135.0,2.0,0.0,0.0,0.0,False,F,1397,P
Earth,True,PSO J318.5-22,19.0,False,0.0,0.0,0.0,0.0,0.0,False,G,86,S
Earth,True,PSO J318.5-22,33.0,False,0.0,0.0,0.0,0.0,0.0,True,G,936,S
Earth,False,PSO J318.5-22,25.0,False,15.0,3.0,0.0,635.0,0.0,False,F,1557,P
Earth,False,55 Cancri e,22.0,False,0.0,833.0,381.0,0.0,12.0,True,F,1280,S
Earth,False,TRAPPIST-1e,26.0,False,0.0,530.0,2.0,9.0,403.0,False,F,143,P
Europa,True,55 Cancri e,25.0,False,0.0,0.0,0.0,0.0,0.0,True,B,107,P
Earth,False,TRAPPIST-1e,19.0,False,90.0,0.0,0.0,74.0,595.0,False,F,701,P
Earth,False,TRAPPIST-1e,38.0,False,115.0,125.0,0.0,202.0,0.0,True,G,1073,S
Earth,False,TRAPPIST-1e,10.0,False,0.0,0.0,0.0,0.0,0.0,False,G,974,P
Mars,False,TRAPPIST-1e,49.0,False,1624.0,0.0,68.0,,0.0,False,F,412,S
Earth,False,PSO J318.5-22,52.0,False,0.0,652.0,9.0,0.0,0.0,False,F,1328,P
Earth,False,TRAPPIST-1e,27.0,False,0.0,0.0,1020.0,0.0,,True,G,649,P
Earth,False,55 Cancri e,,False,0.0,0.0,0.0,685.0,21.0,False,G,51,S
Earth,False,TRAPPIST-1e,31.0,False,294.0,480.0,31.0,3.0,0.0,True,G,1040,S
Europa,True,55 Cancri e,28.0,False,0.0,0.0,0.0,0.0,0.0,True,C,87,P
Earth,False,TRAPPIST-1e,17.0,False,0.0,432.0,0.0,3003.0,0.0,False,F,690,S
Europa,True,55 Cancri e,15.0,False,0.0,0.0,0.0,0.0,0.0,True,B,251,P
Earth,True,55 Cancri e,11.0,False,0.0,0.0,0.0,0.0,0.0,True,G,943,S
Earth,False,55 Cancri e,36.0,False,0.0,810.0,0.0,0.0,0.0,False,G,387,S
Earth,False,TRAPPIST-1e,37.0,False,18.0,238.0,0.0,528.0,0.0,False,G,1088,P
Earth,False,55 Cancri e,22.0,False,0.0,509.0,2.0,8.0,74.0,True,F,900,S
Mars,,55 Cancri e,46.0,False,1082.0,80.0,1177.0,0.0,323.0,False,F,1026,S
Earth,False,TRAPPIST-1e,35.0,False,1.0,0.0,0.0,0.0,803.0,False,F,1737,S
Earth,False,TRAPPIST-1e,24.0,False,698.0,0.0,51.0,2.0,4.0,True,F,917,P
Earth,True,TRAPPIST-1e,60.0,False,0.0,0.0,,0.0,0.0,True,G,671,S
Europa,False,TRAPPIST-1e,30.0,False,0.0,760.0,234.0,2761.0,81.0,False,B,39,S
Europa,False,TRAPPIST-1e,29.0,True,0.0,920.0,0.0,2052.0,3687.0,False,B,186,S
Earth,True,TRAPPIST-1e,7.0,False,0.0,0.0,0.0,0.0,0.0,False,G,1341,P
Earth,False,PSO J318.5-22,41.0,False,0.0,0.0,687.0,0.0,65.0,True,G,949,P
Mars,True,TRAPPIST-1e,31.0,False,0.0,,0.0,0.0,0.0,True,F,1518,P
Earth,True,PSO J318.5-22,14.0,False,0.0,0.0,0.0,0.0,0.0,False,G,817,P
Mars,False,TRAPPIST-1e,35.0,False,1134.0,113.0,52.0,0.0,0.0,False,E,25,P
Earth,False,TRAPPIST-1e,31.0,False,0.0,243.0,0.0,,0.0,False,E,427,S
,True,TRAPPIST-1e,28.0,False,0.0,0.0,0.0,0.0,0.0,True,G,751,S
Earth,False,TRAPPIST-1e,26.0,False,0.0,0.0,677.0,1.0,108.0,False,G,1120,P
Earth,False,TRAPPIST-1e,32.0,False,0.0,9.0,11.0,784.0,63.0,False,F,525,S
Earth,False,,23.0,False,40.0,4.0,9.0,318.0,1413.0,False,G,1237,P
Earth,False,PSO J318.5-22,24.0,False,154.0,7.0,241.0,213.0,453.0,False,F,888,S
Earth,False,55 Cancri e,16.0,False,43.0,3.0,750.0,0.0,0.0,True,F,1322,S
Earth,False,TRAPPIST-1e,23.0,False,9.0,2.0,1.0,0.0,727.0,False,F,1771,S
Earth,,TRAPPIST-1e,32.0,False,0.0,0.0,0.0,0.0,0.0,False,G,1461,S
Earth,,TRAPPIST-1e,20.0,False,0.0,0.0,0.0,0.0,0.0,True,G,710,P
Earth,True,TRAPPIST-1e,51.0,False,0.0,0.0,0.0,0.0,0.0,False,G,219,S
Earth,False,TRAPPIST-1e,24.0,False,0.0,0.0,718.0,0.0,0.0,False,F,182,S
Earth,False,TRAPPIST-1e,,False,6.0,0.0,0.0,800.0,3.0,False,G,1471,S
Earth,True,PSO J318.5-22,47.0,False,0.0,0.0,0.0,0.0,0.0,False,G,547,P
Earth,True,TRAPPIST-1e,17.0,False,0.0,,0.0,0.0,0.0,True,G,985,P
Earth,True,PSO J318.5-22,43.0,False,0.0,0.0,0.0,0.0,0.0,False,G,1355,S
Mars,False,55 Cancri e,31.0,False,1065.0,13.0,150.0,36.0,0.0,False,D,106,P
Earth,False,TRAPPIST-1e,20.0,False,759.0,0.0,106.0,202.0,0.0,False,F,210,P
Earth,False,TRAPPIST-1e,63.0,False,0.0,216.0,0.0,594.0,0.0,False,G,243,P
Earth,True,PSO J318.5-22,22.0,False,0.0,0.0,,0.0,0.0,True,G,22,S
Europa,False,55 Cancri e,55.0,False,113.0,2492.0,41.0,0.0,2376.0,False,A,6,S
Mars,False,TRAPPIST-1e,19.0,False,164.0,0.0,783.0,0.0,0.0,False,E,49,S
Earth,True,TRAPPIST-1e,3.0,False,0.0,0.0,0.0,0.0,0.0,False,G,1368,P
Earth,False,PSO J318.5-22,31.0,False,0.0,627.0,1.0,0.0,13.0,False,F,717,P
Europa,True,TRAPPIST-1e,16.0,False,0.0,0.0,0.0,0.0,0.0,True,C,198,P
Earth,,55 Cancri e,44.0,False,0.0,0.0,0.0,0.0,0.0,True,G,1025,S
Europa,True,55 Cancri e,26.0,False,0.0,0.0,0.0,0.0,0.0,True,B,94,P
Europa,False,TRAPPIST-1e,16.0,False,0.0,45.0,2.0,5183.0,170.0,False,B,22,P
Europa,True,TRAPPIST-1e,70.0,False,0.0,0.0,0.0,0.0,0.0,True,,,
Europa,False,TRAPPIST-1e,41.0,False,0.0,3216.0,0.0,433.0,517.0,False,D,238,S
Mars,True,TRAPPIST-1e,19.0,False,0.0,0.0,0.0,0.0,0.0,False,E,544,P
Mars,False,TRAPPIST-1e,20.0,False,539.0,1269.0,38.0,0.0,0.0,True,F,299,P
Earth,False,TRAPPIST-1e,29.0,False,0.0,32.0,0.0,4517.0,0.0,False,E,340,S
Earth,True,PSO J318.5-22,28.0,False,0.0,0.0,0.0,0.0,0.0,False,G,1270,S
Europa,True,TRAPPIST-1e,37.0,False,0.0,0.0,0.0,0.0,0.0,True,B,53,P
Earth,False,TRAPPIST-1e,18.0,False,22.0,0.0,681.0,0.0,1.0,True,G,1334,P
Earth,False,PSO J318.5-22,30.0,False,585.0,13.0,122.0,40.0,105.0,True,E,78,P
Mars,False,PSO J318.5-22,43.0,False,817.0,0.0,617.0,0.0,0.0,False,F,1145,P
Earth,False,TRAPPIST-1e,56.0,False,0.0,779.0,12.0,3.0,35.0,False,F,893,P
Europa,False,TRAPPIST-1e,37.0,False,0.0,3603.0,33.0,7113.0,1.0,False,B,175,S
Europa,False,TRAPPIST-1e,23.0,False,2.0,6748.0,0.0,23.0,0.0,True,B,107,P
Earth,False,TRAPPIST-1e,9.0,False,0.0,0.0,0.0,0.0,0.0,True,G,1313,S
Earth,False,TRAPPIST-1e,38.0,False,0.0,668.0,84.0,267.0,0.0,False,G,705,S
Earth,False,PSO J318.5-22,18.0,False,154.0,22.0,77.0,1053.0,0.0,True,F,546,S
Earth,False,TRAPPIST-1e,18.0,False,1194.0,0.0,157.0,6.0,0.0,False,F,60,S
Earth,False,TRAPPIST-1e,38.0,False,6.0,2324.0,0.0,0.0,0.0,True,G,848,P
Mars,False,TRAPPIST-1e,49.0,False,552.0,0.0,7.0,0.0,183.0,False,F,1116,P
Earth,True,PSO J318.5-22,0.0,False,0.0,0.0,0.0,0.0,0.0,True,G,1028,S
Earth,True,PSO J318.5-22,24.0,False,,0.0,0.0,0.0,0.0,True,G,446,P
Europa,False,TRAPPIST-1e,48.0,False,0.0,,0.0,2851.0,1478.0,False,C,178,P
Europa,True,TRAPPIST-1e,17.0,False,0.0,0.0,0.0,0.0,0.0,True,B,44,P
,False,TRAPPIST-1e,24.0,False,,4.0,0.0,670.0,113.0,False,E,39,S
Earth,False,TRAPPIST-1e,0.0,False,0.0,0.0,0.0,0.0,0.0,True,G,283,S
Earth,False,PSO J318.5-22,47.0,False,163.0,2.0,11.0,593.0,0.0,True,G,970,S
Earth,False,TRAPPIST-1e,20.0,False,0.0,0.0,53.0,2.0,754.0,False,G,921,P
Earth,False,,19.0,False,2.0,3.0,450.0,204.0,0.0,True,E,383,S
Europa,True,55 Cancri e,25.0,False,0.0,0.0,0.0,0.0,0.0,True,B,294,S
Europa,True,TRAPPIST-1e,28.0,False,0.0,0.0,0.0,0.0,0.0,True,C,123,S
Europa,False,TRAPPIST-1e,24.0,False,0.0,3385.0,826.0,9.0,793.0,True,C,23,S
,True,TRAPPIST-1e,33.0,False,0.0,0.0,,0.0,0.0,True,E,3,S
Earth,True,TRAPPIST-1e,13.0,False,0.0,0.0,0.0,0.0,0.0,True,G,120,P
Europa,False,TRAPPIST-1e,47.0,False,0.0,10679.0,0.0,273.0,80.0,True,C,127,S
Earth,False,PSO J318.5-22,16.0,False,399.0,0.0,3.0,0.0,137.0,False,G,1098,P
Mars,,TRAPPIST-1e,29.0,False,1052.0,0.0,635.0,0.0,0.0,False,,,
Europa,True,TRAPPIST-1e,18.0,False,0.0,0.0,0.0,0.0,0.0,True,A,59,P
,False,TRAPPIST-1e,61.0,False,0.0,53.0,813.0,3.0,0.0,False,F,1125,P
Mars,True,TRAPPIST-1e,,False,,0.0,0.0,0.0,0.0,True,F,657,P
Europa,,55 Cancri e,26.0,False,1.0,4680.0,25.0,564.0,13.0,False,B,277,P
Earth,False,TRAPPIST-1e,20.0,False,0.0,25.0,0.0,0.0,803.0,True,E,297,S
Mars,False,TRAPPIST-1e,40.0,False,953.0,0.0,356.0,0.0,0.0,False,F,1686,P
Earth,False,TRAPPIST-1e,32.0,False,,5.0,0.0,64.0,0.0,False,E,378,P
Mars,True,TRAPPIST-1e,34.0,False,0.0,0.0,0.0,0.0,0.0,True,F,1863,P
Europa,False,55 Cancri e,63.0,False,0.0,1068.0,0.0,176.0,8188.0,False,C,15,S
Earth,False,TRAPPIST-1e,21.0,False,0.0,13.0,0.0,720.0,170.0,False,F,1464,P
Europa,True,TRAPPIST-1e,33.0,False,0.0,,0.0,0.0,0.0,True,B,235,S
Europa,True,TRAPPIST-1e,26.0,False,0.0,0.0,0.0,0.0,0.0,True,B,229,P
Europa,False,TRAPPIST-1e,19.0,False,0.0,3.0,0.0,918.0,2346.0,False,B,321,S
Europa,False,55 Cancri e,,False,2.0,1720.0,12.0,1125.0,122.0,True,C,9,S
Mars,False,TRAPPIST-1e,24.0,False,439.0,0.0,2140.0,0.0,0.0,True,D,139,S
Earth,True,55 Cancri e,2.0,False,0.0,0.0,0.0,0.0,0.0,False,G,757,P
Earth,False,TRAPPIST-1e,55.0,False,210.0,185.0,188.0,59.0,73.0,False,F,83,S
Mars,False,TRAPPIST-1e,24.0,False,737.0,37.0,1682.0,0.0,0.0,False,F,489,S
Mars,True,TRAPPIST-1e,33.0,False,0.0,0.0,0.0,0.0,0.0,True,F,118,P
Earth,False,PSO J318.5-22,23.0,False,200.0,414.0,73.0,1.0,1.0,False,F,282,S
Europa,False,TRAPPIST-1e,20.0,False,,7759.0,18.0,4925.0,12685.0,False,E,559,P
Mars,True,TRAPPIST-1e,18.0,False,0.0,0.0,0.0,0.0,0.0,True,F,635,S
Europa,True,55 Cancri e,33.0,True,0.0,,0.0,0.0,0.0,True,D,238,S
Europa,False,TRAPPIST-1e,31.0,,0.0,1983.0,0.0,172.0,52.0,True,C,70,S
Earth,False,55 Cancri e,0.0,False,0.0,0.0,0.0,0.0,0.0,True,G,525,S
Europa,False,TRAPPIST-1e,32.0,False,247.0,4651.0,0.0,46.0,202.0,True,C,14,S
Earth,False,TRAPPIST-1e,36.0,False,0.0,0.0,38.0,9.0,943.0,False,E,29,P
Europa,False,55 Cancri e,24.0,False,0.0,284.0,0.0,4614.0,438.0,False,E,60,S
Earth,False,TRAPPIST-1e,8.0,,0.0,0.0,0.0,0.0,0.0,False,G,183,S
Europa,False,55 Cancri e,27.0,False,3340.0,588.0,,173.0,71.0,False,A,43,S
Earth,True,PSO J318.5-22,64.0,False,0.0,0.0,0.0,0.0,0.0,True,G,588,P
Earth,False,TRAPPIST-1e,18.0,False,0.0,0.0,1435.0,0.0,,True,G,545,S
Earth,True,TRAPPIST-1e,52.0,False,0.0,0.0,0.0,0.0,0.0,False,G,331,P
Earth,False,TRAPPIST-1e,41.0,False,1.0,922.0,4.0,55.0,15.0,False,E,41,P
Earth,False,TRAPPIST-1e,58.0,False,,400.0,0.0,690.0,490.0,True,E,142,P
Europa,False,TRAPPIST-1e,54.0,False,0.0,5876.0,0.0,0.0,914.0,True,C,99,S
Mars,False,55 Cancri e,16.0,False,1337.0,0.0,2614.0,0.0,0.0,False,D,212,P
Earth,False,TRAPPIST-1e,55.0,False,0.0,0.0,719.0,274.0,0.0,False,E,428,P
Earth,False,TRAPPIST-1e,40.0,False,0.0,0.0,362.0,272.0,0.0,False,F,565,P
Mars,True,TRAPPIST-1e,19.0,False,0.0,0.0,0.0,0.0,0.0,True,F,761,P
Mars,False,TRAPPIST-1e,4.0,False,0.0,0.0,0.0,0.0,0.0,True,F,1653,P
Earth,False,TRAPPIST-1e,22.0,False,,0.0,137.0,671.0,,False,G,419,S
Earth,False,TRAPPIST-1e,31.0,False,91.0,756.0,0.0,0.0,12.0,True,E,168,P
Earth,False,PSO J318.5-22,27.0,False,0.0,605.0,0.0,0.0,0.0,True,F,1496,S
Mars,False,TRAPPIST-1e,22.0,False,0.0,0.0,0.0,0.0,0.0,False,E,219,S
Mars,False,TRAPPIST-1e,19.0,False,1823.0,36.0,81.0,0.0,0.0,False,D,228,S
Earth,False,TRAPPIST-1e,14.0,False,0.0,0.0,709.0,258.0,3.0,False,F,622,P
Earth,False,55 Cancri e,78.0,False,0.0,213.0,202.0,288.0,0.0,True,F,1238,S
Europa,True,55 Cancri e,44.0,False,0.0,0.0,0.0,0.0,0.0,True,B,166,P
Mars,True,TRAPPIST-1e,5.0,False,0.0,0.0,0.0,0.0,0.0,True,F,120,P
Europa,False,TRAPPIST-1e,25.0,False,0.0,1003.0,1629.0,73.0,748.0,False,E,541,S
Europa,False,TRAPPIST-1e,30.0,False,50.0,1248.0,0.0,1.0,912.0,True,C,55,S
Earth,False,,29.0,False,3.0,0.0,664.0,683.0,34.0,False,F,1366,S
Earth,True,PSO J318.5-22,57.0,False,0.0,0.0,0.0,0.0,0.0,True,G,145,P
Earth,False,55 Cancri e,18.0,False,749.0,0.0,74.0,0.0,0.0,False,F,1154,P
Europa,False,TRAPPIST-1e,40.0,False,1006.0,,0.0,284.0,329.0,True,B,63,S
Mars,True,TRAPPIST-1e,18.0,False,0.0,0.0,0.0,0.0,0.0,True,F,1487,S
Mars,True,TRAPPIST-1e,8.0,False,0.0,0.0,0.0,0.0,0.0,True,D,162,S
,True,TRAPPIST-1e,27.0,False,,0.0,0.0,0.0,0.0,True,F,768,P
Earth,True,TRAPPIST-1e,28.0,False,0.0,0.0,0.0,0.0,0.0,True,G,1160,P
Earth,True,55 Cancri e,15.0,False,0.0,0.0,0.0,0.0,0.0,True,G,789,P
Europa,False,TRAPPIST-1e,29.0,False,387.0,942.0,0.0,9927.0,1341.0,False,D,35,S
Europa,False,TRAPPIST-1e,39.0,False,3926.0,2030.0,0.0,1483.0,611.0,False,B,170,P
Earth,False,TRAPPIST-1e,23.0,False,490.0,313.0,0.0,6.0,0.0,False,G,421,S
Earth,False,TRAPPIST-1e,31.0,False,32.0,0.0,876.0,0.0,0.0,False,,,
Earth,False,TRAPPIST-1e,57.0,False,50.0,1688.0,0.0,,135.0,True,G,28,S
Mars,False,TRAPPIST-1e,39.0,False,197.0,0.0,2401.0,0.0,0.0,True,F,1392,S
Europa,False,55 Cancri e,37.0,False,0.0,100.0,0.0,1402.0,1462.0,False,,,
Mars,True,TRAPPIST-1e,22.0,False,0.0,0.0,0.0,0.0,0.0,True,F,1007,S
Europa,True,TRAPPIST-1e,29.0,False,0.0,0.0,0.0,0.0,0.0,True,B,261,S
Mars,False,TRAPPIST-1e,59.0,False,142.0,0.0,907.0,0.0,0.0,True,E,89,S
Europa,True,TRAPPIST-1e,14.0,False,0.0,0.0,0.0,0.0,0.0,True,C,155,S
Earth,False,55 Cancri e,25.0,False,0.0,83.0,0.0,439.0,0.0,False,G,657,S
Europa,True,55 Cancri e,42.0,False,0.0,0.0,0.0,0.0,0.0,True,C,200,P
Europa,False,55 Cancri e,35.0,False,74.0,5082.0,0.0,893.0,1937.0,True,C,122,S
Earth,True,TRAPPIST-1e,30.0,False,0.0,,0.0,0.0,0.0,False,G,1002,P
Mars,False,TRAPPIST-1e,32.0,False,2616.0,0.0,2.0,5.0,0.0,False,F,577,S
Earth,False,TRAPPIST-1e,0.0,False,0.0,0.0,0.0,0.0,0.0,True,,,
Earth,False,55 Cancri e,2.0,False,0.0,0.0,0.0,0.0,0.0,False,G,636,P
Mars,False,TRAPPIST-1e,33.0,False,1758.0,59.0,4.0,0.0,0.0,False,F,260,P
Earth,False,TRAPPIST-1e,19.0,,3.0,6.0,20.0,60.0,719.0,False,G,323,P
Europa,False,55 Cancri e,36.0,False,13.0,1480.0,1.0,1439.0,1955.0,False,E,310,S
Earth,True,PSO J318.5-22,14.0,False,0.0,0.0,0.0,0.0,0.0,True,G,551,P
Mars,False,TRAPPIST-1e,40.0,False,1268.0,0.0,0.0,0.0,0.0,False,F,868,P
Earth,True,TRAPPIST-1e,14.0,False,0.0,0.0,0.0,0.0,0.0,False,G,1228,S
Mars,,TRAPPIST-1e,22.0,False,223.0,0.0,630.0,14.0,0.0,True,D,161,P
Earth,True,TRAPPIST-1e,7.0,False,0.0,0.0,0.0,0.0,0.0,False,G,1498,P
Earth,False,55 Cancri e,21.0,False,614.0,43.0,0.0,1.0,0.0,False,F,246,P
Mars,False,TRAPPIST-1e,25.0,False,0.0,0.0,0.0,0.0,0.0,False,E,36,P
Europa,False,TRAPPIST-1e,44.0,True,1409.0,910.0,17.0,1452.0,3782.0,False,A,30,S
Europa,False,TRAPPIST-1e,29.0,False,2.0,407.0,4509.0,1433.0,9.0,True,C,134,S
Earth,False,TRAPPIST-1e,1.0,False,0.0,0.0,0.0,0.0,0.0,False,G,485,S
Earth,True,TRAPPIST-1e,28.0,False,0.0,0.0,0.0,0.0,0.0,False,G,591,S
Earth,False,PSO J318.5-22,21.0,False,0.0,0.0,677.0,4.0,0.0,True,E,122,P
Earth,False,TRAPPIST-1e,48.0,False,12.0,0.0,0.0,0.0,796.0,False,G,1077,P
Earth,True,PSO J318.5-22,16.0,False,0.0,0.0,0.0,0.0,0.0,True,,,
Earth,True,TRAPPIST-1e,44.0,False,0.0,0.0,0.0,0.0,0.0,True,G,312,S
Earth,True,55 Cancri e,24.0,False,0.0,0.0,0.0,0.0,0.0,True,G,811,P
Mars,False,TRAPPIST-1e,27.0,False,847.0,,4.0,0.0,1.0,False,E,233,P
Earth,False,TRAPPIST-1e,42.0,False,173.0,656.0,0.0,0.0,23.0,False,G,456,S
Mars,False,TRAPPIST-1e,65.0,False,56.0,0.0,1081.0,21.0,0.0,False,F,1045,P
Earth,True,TRAPPIST-1e,18.0,False,0.0,0.0,0.0,0.0,0.0,True,G,1221,S
Mars,False,TRAPPIST-1e,13.0,False,27.0,0.0,3246.0,0.0,0.0,True,D,144,S
Europa,False,55 Cancri e,20.0,False,2.0,10116.0,0.0,2.0,225.0,True,A,5,S
Earth,False,TRAPPIST-1e,30.0,False,0.0,1028.0,0.0,80.0,0.0,False,F,1741,S
Earth,False,PSO J318.5-22,22.0,False,0.0,78.0,642.0,0.0,0.0,False,F,225,P
,False,55 Cancri e,25.0,False,0.0,1674.0,3.0,9.0,3554.0,False,B,213,P
Earth,False,55 Cancri e,34.0,False,0.0,382.0,0.0,87.0,236.0,False,G,424,S
Europa,True,,41.0,False,0.0,0.0,0.0,0.0,0.0,True,B,329,S
Earth,True,TRAPPIST-1e,14.0,False,0.0,0.0,0.0,0.0,0.0,True,G,449,S
Earth,False,PSO J318.5-22,24.0,False,0.0,33.0,0.0,84.0,1062.0,False,F,673,S
Earth,True,PSO J318.5-22,31.0,False,0.0,0.0,0.0,0.0,0.0,True,G,543,P
Earth,True,PSO J318.5-22,19.0,False,0.0,0.0,0.0,0.0,0.0,True,G,1352,P
Earth,False,55 Cancri e,24.0,False,252.0,0.0,0.0,449.0,0.0,False,F,184,S
Earth,False,PSO J318.5-22,39.0,False,0.0,0.0,0.0,1144.0,0.0,False,F,687,S
Europa,,55 Cancri e,54.0,False,0.0,0.0,0.0,0.0,0.0,True,,,
Europa,True,TRAPPIST-1e,17.0,False,0.0,0.0,0.0,0.0,0.0,True,,,
Earth,False,PSO J318.5-22,36.0,False,0.0,809.0,0.0,86.0,0.0,False,F,390,S
Earth,False,TRAPPIST-1e,33.0,False,4.0,0.0,28.0,0.0,2757.0,False,F,467,S
Europa,True,TRAPPIST-1e,31.0,False,0.0,0.0,0.0,0.0,0.0,True,E,338,P
Earth,False,TRAPPIST-1e,50.0,False,667.0,0.0,0.0,11.0,170.0,False,G,654,P
Europa,False,TRAPPIST-1e,28.0,True,0.0,3119.0,0.0,1404.0,366.0,True,C,182,S
Earth,True,PSO J318.5-22,22.0,False,0.0,0.0,0.0,0.0,0.0,True,G,1257,S
Earth,,TRAPPIST-1e,21.0,False,3.0,65.0,253.0,475.0,0.0,False,F,941,P
Mars,False,TRAPPIST-1e,65.0,False,1399.0,0.0,0.0,0.0,0.0,False,F,1711,P
Earth,True,55 Cancri e,4.0,False,0.0,0.0,0.0,0.0,0.0,True,G,3,P
Mars,True,TRAPPIST-1e,19.0,False,0.0,0.0,0.0,0.0,0.0,True,F,882,S
Mars,True,TRAPPIST-1e,21.0,False,0.0,0.0,0.0,0.0,0.0,True,F,790,P
Earth,False,55 Cancri e,50.0,False,0.0,0.0,117.0,712.0,0.0,True,E,565,S
Earth,False,TRAPPIST-1e,19.0,False,0.0,0.0,619.0,0.0,142.0,False,F,243,S
,False,TRAPPIST-1e,40.0,False,521.0,4.0,53.0,70.0,141.0,False,E,397,S
Earth,False,TRAPPIST-1e,26.0,False,0.0,0.0,148.0,551.0,89.0,False,E,563,S
Earth,True,TRAPPIST-1e,24.0,False,0.0,0.0,0.0,0.0,0.0,True,G,745,S
Earth,True,PSO J318.5-22,21.0,False,0.0,0.0,0.0,,0.0,False,G,281,S
Europa,True,TRAPPIST-1e,19.0,False,0.0,0.0,0.0,0.0,0.0,True,C,281,S
Europa,True,55 Cancri e,45.0,False,0.0,0.0,0.0,0.0,0.0,True,B,132,P
Earth,False,TRAPPIST-1e,36.0,False,1912.0,0.0,0.0,2.0,0.0,False,F,1307,S
Earth,False,55 Cancri e,21.0,False,1946.0,37.0,0.0,0.0,24.0,False,F,15,S
Europa,True,55 Cancri e,30.0,False,0.0,0.0,0.0,0.0,0.0,True,C,25,S
Mars,False,TRAPPIST-1e,35.0,False,1337.0,49.0,57.0,0.0,0.0,False,F,951,S
Earth,False,TRAPPIST-1e,28.0,False,0.0,152.0,215.0,30.0,510.0,False,G,1017,P
Mars,True,TRAPPIST-1e,43.0,False,0.0,0.0,0.0,0.0,0.0,True,,,
Europa,True,TRAPPIST-1e,65.0,False,0.0,0.0,0.0,0.0,0.0,True,B,134,P
Earth,False,PSO J318.5-22,18.0,False,0.0,0.0,19.0,751.0,4.0,False,G,1320,S
Earth,False,TRAPPIST-1e,39.0,False,0.0,29.0,291.0,13.0,527.0,False,F,1260,P
Earth,False,TRAPPIST-1e,20.0,False,0.0,39.0,830.0,17.0,0.0,True,G,541,S
Mars,False,55 Cancri e,34.0,False,2.0,0.0,805.0,29.0,0.0,True,D,129,S
Mars,False,55 Cancri e,3.0,False,0.0,0.0,0.0,0.0,0.0,True,F,211,P
Europa,True,55 Cancri e,24.0,False,0.0,0.0,0.0,0.0,0.0,True,C,65,P
Earth,False,TRAPPIST-1e,22.0,False,0.0,1.0,271.0,0.0,1348.0,False,E,160,P
Earth,True,TRAPPIST-1e,21.0,False,0.0,0.0,0.0,0.0,0.0,True,G,1056,P
Earth,True,TRAPPIST-1e,,False,0.0,0.0,0.0,0.0,0.0,True,G,1287,P
Earth,True,TRAPPIST-1e,12.0,False,0.0,0.0,0.0,0.0,0.0,False,G,838,P
Earth,False,TRAPPIST-1e,25.0,False,0.0,10.0,909.0,0.0,17.0,False,F,1311,S
Earth,True,TRAPPIST-1e,1.0,False,0.0,0.0,,0.0,0.0,False,G,1026,P
Earth,False,TRAPPIST-1e,40.0,False,0.0,0.0,0.0,822.0,2.0,False,F,584,S
Earth,True,TRAPPIST-1e,38.0,False,0.0,0.0,0.0,0.0,0.0,True,G,617,S
Earth,False,TRAPPIST-1e,3.0,,0.0,0.0,0.0,0.0,0.0,False,G,659,S
Earth,False,TRAPPIST-1e,27.0,False,196.0,602.0,0.0,0.0,198.0,False,E,124,P
Mars,False,TRAPPIST-1e,24.0,False,623.0,0.0,501.0,304.0,776.0,False,F,938,S
Europa,False,55 Cancri e,31.0,False,,2954.0,0.0,170.0,756.0,False,A,90,S
Earth,False,TRAPPIST-1e,38.0,False,0.0,847.0,3.0,34.0,0.0,False,G,1382,P
Earth,False,TRAPPIST-1e,46.0,False,0.0,0.0,0.0,0.0,880.0,False,F,748,S
Earth,False,TRAPPIST-1e,45.0,False,0.0,97.0,0.0,14.0,333.0,False,G,45,P
Mars,True,TRAPPIST-1e,22.0,False,0.0,0.0,0.0,0.0,0.0,True,F,937,S
Earth,False,55 Cancri e,35.0,False,1669.0,0.0,7.0,0.0,90.0,False,G,1015,P
Earth,False,TRAPPIST-1e,19.0,False,42.0,0.0,345.0,1431.0,0.0,False,G,298,S
Europa,True,TRAPPIST-1e,48.0,False,0.0,0.0,0.0,0.0,0.0,True,C,248,S
Europa,True,55 Cancri e,25.0,False,0.0,0.0,0.0,0.0,0.0,True,B,90,S
,False,TRAPPIST-1e,9.0,False,0.0,0.0,0.0,0.0,0.0,True,G,839,S
Mars,False,TRAPPIST-1e,42.0,False,1633.0,0.0,29.0,4.0,102.0,False,F,692,P
Europa,False,TRAPPIST-1e,43.0,False,0.0,8808.0,0.0,580.0,0.0,True,B,198,P
Earth,False,TRAPPIST-1e,21.0,False,6.0,133.0,503.0,0.0,2.0,False,F,404,P
Earth,False,55 Cancri e,18.0,False,235.0,0.0,101.0,0.0,316.0,True,F,619,P
Earth,False,TRAPPIST-1e,1.0,False,0.0,0.0,0.0,0.0,0.0,True,G,367,P
Europa,True,TRAPPIST-1e,31.0,False,0.0,0.0,,0.0,0.0,True,B,237,P
Earth,False,TRAPPIST-1e,0.0,False,0.0,0.0,0.0,0.0,0.0,True,G,732,S
Earth,False,TRAPPIST-1e,19.0,False,0.0,827.0,5.0,55.0,0.0,False,G,616,S
Earth,False,55 Cancri e,6.0,False,0.0,0.0,0.0,0.0,0.0,False,G,457,S
Europa,True,55 Cancri e,25.0,False,0.0,0.0,0.0,0.0,0.0,False,A,47,S
Earth,False,TRAPPIST-1e,37.0,False,732.0,,,156.0,0.0,False,G,832,P
Earth,True,TRAPPIST-1e,18.0,False,0.0,0.0,0.0,0.0,0.0,False,G,891,P
Mars,False,TRAPPIST-1e,42.0,False,7406.0,0.0,0.0,0.0,0.0,False,F,16,P
Europa,True,55 Cancri e,38.0,False,0.0,0.0,0.0,0.0,0.0,True,B,74,P
Mars,True,TRAPPIST-1e,69.0,False,0.0,0.0,0.0,0.0,0.0,True,F,489,S
Earth,False,TRAPPIST-1e,42.0,False,84.0,323.0,0.0,1251.0,120.0,False,G,762,S
Earth,True,,50.0,False,0.0,0.0,0.0,0.0,0.0,False,G,67,S
Europa,True,TRAPPIST-1e,27.0,False,0.0,0.0,0.0,0.0,0.0,True,B,165,P
Earth,False,TRAPPIST-1e,54.0,False,118.0,0.0,0.0,669.0,0.0,False,E,501,S
Europa,False,55 Cancri e,44.0,False,0.0,4322.0,3.0,153.0,52.0,True,B,238,P
Mars,False,TRAPPIST-1e,18.0,False,3458.0,0.0,216.0,0.0,0.0,False,F,1118,P
Mars,False,TRAPPIST-1e,21.0,False,4924.0,0.0,49.0,2.0,0.0,False,F,1784,P
Mars,False,TRAPPIST-1e,31.0,False,947.0,83.0,19.0,0.0,0.0,False,E,562,P
Earth,False,TRAPPIST-1e,1.0,False,0.0,0.0,0.0,0.0,0.0,True,G,525,S
Earth,False,55 Cancri e,19.0,,84.0,4.0,4.0,629.0,0.0,False,F,1582,S
Earth,True,55 Cancri e,2.0,False,0.0,0.0,0.0,0.0,0.0,True,G,1274,S
Earth,False,TRAPPIST-1e,10.0,False,0.0,0.0,0.0,0.0,0.0,False,G,1166,P
Earth,False,TRAPPIST-1e,,False,41.0,23.0,63.0,0.0,647.0,False,F,1718,P
Mars,True,TRAPPIST-1e,60.0,False,0.0,0.0,0.0,0.0,0.0,True,F,49,S
Earth,False,TRAPPIST-1e,19.0,False,0.0,561.0,10.0,0.0,161.0,True,F,156,S
Europa,True,55 Cancri e,28.0,False,0.0,0.0,0.0,0.0,0.0,True,D,46,P
Europa,False,TRAPPIST-1e,33.0,False,0.0,4592.0,0.0,209.0,954.0,True,B,181,S
Earth,True,PSO J318.5-22,24.0,False,0.0,,0.0,0.0,0.0,True,G,161,S
Earth,False,TRAPPIST-1e,24.0,False,34.0,7.0,320.0,0.0,427.0,False,E,48,P
Earth,True,TRAPPIST-1e,13.0,False,0.0,0.0,0.0,0.0,0.0,False,G,370,S
Earth,False,TRAPPIST-1e,17.0,False,214.0,552.0,0.0,241.0,0.0,False,G,1232,S
Earth,False,55 Cancri e,31.0,False,2.0,20.0,1.0,1026.0,2.0,True,F,864,S
Earth,False,TRAPPIST-1e,23.0,,0.0,13.0,0.0,773.0,0.0,False,G,274,P
Earth,False,TRAPPIST-1e,27.0,False,0.0,89.0,874.0,34.0,0.0,True,,,
Europa,False,55 Cancri e,22.0,False,0.0,4209.0,26.0,2462.0,466.0,True,B,132,S
Europa,True,55 Cancri e,27.0,False,0.0,0.0,0.0,0.0,,True,C,189,S
Europa,True,TRAPPIST-1e,26.0,False,0.0,0.0,0.0,0.0,0.0,True,D,249,P
Earth,False,TRAPPIST-1e,5.0,False,0.0,0.0,0.0,0.0,0.0,False,G,265,S
Earth,False,TRAPPIST-1e,38.0,False,182.0,776.0,3.0,33.0,0.0,False,E,303,S
Earth,False,TRAPPIST-1e,25.0,False,4.0,0.0,146.0,723.0,0.0,False,F,309,P
Earth,False,55 Cancri e,24.0,False,1367.0,0.0,1.0,0.0,0.0,False,F,449,S
Europa,False,TRAPPIST-1e,38.0,False,34.0,2043.0,0.0,1339.0,0.0,True,A,23,S
Earth,False,TRAPPIST-1e,27.0,False,485.0,1109.0,921.0,0.0,1.0,False,F,451,P
Earth,True,TRAPPIST-1e,17.0,False,0.0,0.0,0.0,0.0,0.0,True,G,1129,S
Earth,False,TRAPPIST-1e,44.0,False,0.0,200.0,128.0,460.0,0.0,False,E,109,S
Earth,False,PSO J318.5-22,18.0,False,0.0,0.0,1720.0,1.0,0.0,True,G,1032,P
Earth,False,TRAPPIST-1e,30.0,False,0.0,114.0,0.0,726.0,67.0,False,G,1414,S
Earth,True,PSO J318.5-22,40.0,False,0.0,0.0,0.0,0.0,0.0,True,G,605,P
Earth,False,TRAPPIST-1e,19.0,False,0.0,0.0,4.0,6.0,773.0,False,G,687,P
Mars,True,55 Cancri e,13.0,False,0.0,0.0,0.0,0.0,0.0,True,F,1004,P
Earth,True,TRAPPIST-1e,34.0,False,0.0,0.0,0.0,0.0,0.0,True,G,743,P
Earth,True,TRAPPIST-1e,41.0,False,0.0,0.0,0.0,0.0,0.0,False,G,589,S
Mars,False,PSO J318.5-22,32.0,False,192.0,0.0,441.0,18.0,0.0,False,F,902,P
Mars,False,TRAPPIST-1e,40.0,False,0.0,0.0,1.0,293.0,667.0,False,D,143,P
Mars,False,TRAPPIST-1e,33.0,False,20.0,0.0,384.0,557.0,0.0,False,D,21,P
Earth,True,TRAPPIST-1e,10.0,False,,0.0,0.0,0.0,0.0,False,G,773,P
Europa,False,TRAPPIST-1e,31.0,False,0.0,529.0,0.0,,3884.0,False,B,279,P
Europa,True,TRAPPIST-1e,18.0,False,0.0,0.0,0.0,0.0,0.0,True,D,86,S
Earth,False,TRAPPIST-1e,15.0,False,0.0,225.0,0.0,998.0,0.0,False,F,6,S
Earth,False,TRAPPIST-1e,23.0,False,4.0,3.0,1785.0,0.0,0.0,True,G,1400,P
Mars,True,TRAPPIST-1e,24.0,False,0.0,0.0,0.0,0.0,0.0,True,F,810,S
Europa,False,55 Cancri e,70.0,False,0.0,2113.0,0.0,1972.0,51.0,False,A,95,P
Europa,False,TRAPPIST-1e,27.0,False,0.0,2987.0,2.0,3072.0,67.0,False,B,47,S
Mars,False,TRAPPIST-1e,36.0,False,2738.0,0.0,0.0,0.0,0.0,False,D,5,S
Europa,True,55 Cancri e,44.0,False,0.0,0.0,0.0,0.0,0.0,True,C,159,P
Earth,False,TRAPPIST-1e,13.0,False,0.0,999.0,0.0,0.0,4.0,True,F,1344,S
Europa,False,TRAPPIST-1e,50.0,True,13.0,239.0,0.0,161.0,2355.0,False,A,55,S
Earth,False,TRAPPIST-1e,0.0,False,0.0,0.0,0.0,0.0,0.0,False,G,965,P
Earth,False,TRAPPIST-1e,30.0,False,756.0,4.0,30.0,0.0,0.0,False,E,173,S
Earth,True,TRAPPIST-1e,,False,0.0,0.0,0.0,0.0,0.0,False,G,999,P
Earth,True,55 Cancri e,14.0,False,0.0,0.0,0.0,0.0,0.0,False,G,265,P
Earth,False,TRAPPIST-1e,15.0,False,0.0,21.0,22.0,1149.0,249.0,False,F,1576,S
Earth,True,TRAPPIST-1e,22.0,False,0.0,0.0,0.0,0.0,0.0,True,G,93,S
Mars,False,PSO J318.5-22,36.0,False,241.0,0.0,670.0,0.0,0.0,False,F,460,P
Earth,False,TRAPPIST-1e,11.0,False,0.0,0.0,0.0,0.0,0.0,False,G,230,S
Mars,True,TRAPPIST-1e,3.0,False,0.0,0.0,0.0,0.0,0.0,True,F,1553,P
Earth,False,TRAPPIST-1e,38.0,False,0.0,784.0,0.0,0.0,0.0,True,G,965,P
Earth,True,55 Cancri e,15.0,False,0.0,0.0,0.0,0.0,0.0,True,G,816,P
Earth,False,TRAPPIST-1e,18.0,False,0.0,0.0,1609.0,0.0,0.0,True,E,359,P
Mars,False,TRAPPIST-1e,23.0,False,1610.0,2.0,465.0,0.0,0.0,False,E,512,P
Mars,False,TRAPPIST-1e,33.0,False,301.0,0.0,501.0,0.0,1013.0,False,F,1254,P
Earth,False,TRAPPIST-1e,35.0,False,0.0,722.0,0.0,0.0,185.0,False,G,379,S
Earth,False,55 Cancri e,53.0,False,0.0,0.0,754.0,46.0,0.0,False,F,1606,P
Mars,False,TRAPPIST-1e,,False,0.0,0.0,0.0,0.0,0.0,False,E,357,S
Europa,False,55 Cancri e,36.0,False,29.0,12180.0,0.0,93.0,17306.0,False,B,32,P
Europa,False,TRAPPIST-1e,46.0,False,0.0,370.0,0.0,2395.0,1638.0,False,C,210,P
Europa,True,55 Cancri e,37.0,False,0.0,0.0,0.0,0.0,0.0,True,B,300,P
Earth,True,TRAPPIST-1e,32.0,False,0.0,0.0,0.0,0.0,0.0,True,G,127,S
Earth,False,TRAPPIST-1e,24.0,False,0.0,0.0,788.0,0.0,3.0,True,E,247,S
,True,TRAPPIST-1e,64.0,False,0.0,0.0,0.0,0.0,0.0,True,,,
Mars,True,TRAPPIST-1e,25.0,False,0.0,0.0,0.0,0.0,0.0,True,F,208,P
Earth,True,TRAPPIST-1e,32.0,False,0.0,0.0,0.0,0.0,0.0,False,G,1143,P
Earth,False,TRAPPIST-1e,9.0,False,0.0,0.0,0.0,0.0,0.0,False,G,763,S
Earth,True,TRAPPIST-1e,36.0,False,0.0,0.0,0.0,0.0,0.0,False,G,129,S
Earth,True,55 Cancri e,32.0,False,0.0,0.0,0.0,0.0,0.0,True,G,129,P
Europa,True,TRAPPIST-1e,47.0,False,0.0,0.0,0.0,0.0,0.0,True,A,53,S
Mars,True,TRAPPIST-1e,20.0,False,0.0,0.0,0.0,0.0,0.0,True,F,534,P
Earth,False,55 Cancri e,23.0,False,0.0,306.0,392.0,9.0,13.0,False,F,1056,P
Earth,False,PSO J318.5-22,20.0,False,0.0,0.0,1.0,0.0,2260.0,False,F,675,S
Europa,True,55 Cancri e,26.0,False,0.0,0.0,0.0,0.0,0.0,True,E,94,S
Earth,False,TRAPPIST-1e,10.0,False,0.0,0.0,,0.0,0.0,False,E,82,P
Earth,False,TRAPPIST-1e,50.0,False,0.0,185.0,0.0,1.0,558.0,True,G,1178,P
Europa,False,TRAPPIST-1e,31.0,False,,745.0,0.0,6688.0,2161.0,False,C,264,P
Europa,False,TRAPPIST-1e,30.0,True,0.0,1172.0,183.0,91.0,0.0,True,A,50,S
Europa,False,TRAPPIST-1e,59.0,False,0.0,2593.0,0.0,98.0,0.0,True,C,300,S
Mars,False,TRAPPIST-1e,3.0,False,0.0,0.0,0.0,0.0,0.0,True,E,475,S
Earth,False,55 Cancri e,37.0,False,0.0,698.0,0.0,,6.0,False,F,1137,S
Europa,True,55 Cancri e,26.0,False,0.0,0.0,0.0,0.0,0.0,True,A,46,S
Earth,False,TRAPPIST-1e,30.0,False,0.0,674.0,39.0,0.0,10.0,True,G,867,S
Earth,False,TRAPPIST-1e,0.0,False,0.0,0.0,0.0,0.0,0.0,False,G,521,P
Earth,True,TRAPPIST-1e,24.0,False,0.0,0.0,0.0,0.0,0.0,False,G,1073,P
Earth,,TRAPPIST-1e,23.0,False,0.0,0.0,0.0,0.0,0.0,True,G,1087,S
Earth,False,TRAPPIST-1e,50.0,False,742.0,21.0,10.0,26.0,4.0,False,F,336,S
Europa,True,TRAPPIST-1e,34.0,False,0.0,0.0,0.0,0.0,0.0,True,A,100,S
Mars,False,TRAPPIST-1e,,False,1852.0,0.0,870.0,0.0,7.0,False,D,259,P
Europa,False,55 Cancri e,21.0,False,0.0,33.0,0.0,3348.0,55.0,False,B,17,S
Mars,False,TRAPPIST-1e,20.0,False,733.0,0.0,455.0,,0.0,False,F,1676,S
Earth,True,TRAPPIST-1e,,False,0.0,0.0,0.0,0.0,0.0,True,G,916,P
Europa,True,TRAPPIST-1e,52.0,False,0.0,0.0,0.0,0.0,0.0,True,B,121,S
Earth,False,TRAPPIST-1e,23.0,False,18.0,2595.0,0.0,0.0,122.0,True,F,581,P
Earth,True,TRAPPIST-1e,6.0,False,0.0,0.0,0.0,0.0,0.0,False,G,72,P
Earth,False,TRAPPIST-1e,55.0,False,330.0,114.0,0.0,2.0,0.0,True,G,792,S
Earth,False,TRAPPIST-1e,22.0,False,0.0,0.0,675.0,5.0,0.0,True,F,250,S
Europa,True,55 Cancri e,38.0,False,0.0,0.0,0.0,0.0,0.0,True,B,104,P
Earth,False,55 Cancri e,21.0,False,423.0,0.0,172.0,0.0,,False,F,1133,S
Europa,False,55 Cancri e,40.0,False,6103.0,7570.0,860.0,13117.0,192.0,False,C,253,S
Earth,True,TRAPPIST-1e,41.0,False,0.0,0.0,0.0,0.0,0.0,True,G,501,P
Europa,False,TRAPPIST-1e,33.0,False,20.0,653.0,0.0,121.0,483.0,False,A,29,P
Earth,False,TRAPPIST-1e,31.0,False,0.0,1524.0,0.0,0.0,0.0,False,F,1837,P
Mars,True,TRAPPIST-1e,,,0.0,0.0,0.0,0.0,0.0,True,F,202,S
Earth,False,TRAPPIST-1e,0.0,,0.0,0.0,0.0,0.0,0.0,True,G,19,S
Mars,False,55 Cancri e,0.0,False,0.0,0.0,0.0,0.0,0.0,True,F,533,P
Earth,True,TRAPPIST-1e,0.0,False,0.0,0.0,0.0,0.0,0.0,False,G,974,P
Earth,True,55 Cancri e,4.0,False,0.0,0.0,0.0,0.0,0.0,True,G,1334,S
Europa,True,55 Cancri e,19.0,False,0.0,0.0,0.0,0.0,0.0,True,A,67,P
Earth,False,TRAPPIST-1e,29.0,False,7.0,0.0,0.0,797.0,0.0,False,F,318,S
Mars,True,TRAPPIST-1e,46.0,False,,0.0,0.0,0.0,0.0,True,F,1316,S
Earth,False,,29.0,False,0.0,0.0,792.0,0.0,0.0,True,F,481,P
Mars,False,TRAPPIST-1e,23.0,False,,0.0,8.0,1072.0,0.0,False,F,41,P
Europa,False,55 Cancri e,51.0,True,0.0,287.0,0.0,1442.0,66.0,True,A,87,S
Earth,True,TRAPPIST-1e,50.0,False,0.0,0.0,0.0,0.0,0.0,True,G,26,S
Mars,True,55 Cancri e,27.0,False,0.0,0.0,0.0,0.0,0.0,True,F,144,S
Earth,False,TRAPPIST-1e,28.0,False,0.0,0.0,0.0,676.0,124.0,False,F,1058,S
Earth,True,55 Cancri e,38.0,False,0.0,0.0,0.0,0.0,0.0,True,G,212,S
Europa,True,PSO J318.5-22,30.0,False,0.0,0.0,0.0,0.0,0.0,True,A,14,S
Earth,False,TRAPPIST-1e,19.0,False,0.0,0.0,0.0,157.0,644.0,False,F,510,P
Earth,False,TRAPPIST-1e,18.0,False,0.0,0.0,55.0,2288.0,1.0,False,G,870,S
Mars,False,TRAPPIST-1e,43.0,False,33.0,1117.0,59.0,0.0,16.0,False,F,591,S
Europa,True,TRAPPIST-1e,28.0,False,0.0,0.0,0.0,0.0,0.0,True,D,171,S
Earth,True,TRAPPIST-1e,24.0,False,0.0,0.0,0.0,0.0,0.0,True,G,531,S
Earth,True,TRAPPIST-1e,3.0,False,0.0,0.0,0.0,0.0,0.0,True,G,904,S
Europa,False,55 Cancri e,45.0,False,0.0,3559.0,0.0,3615.0,163.0,False,C,78,S
Earth,False,PSO J318.5-22,40.0,False,15.0,0.0,0.0,670.0,,False,F,704,P
Earth,False,TRAPPIST-1e,37.0,False,864.0,35.0,0.0,0.0,0.0,False,F,1278,S
Mars,True,TRAPPIST-1e,43.0,False,0.0,0.0,0.0,0.0,0.0,True,F,1176,S
,True,55 Cancri e,38.0,False,0.0,0.0,0.0,0.0,0.0,True,A,9,S
Earth,False,,20.0,False,1750.0,0.0,446.0,0.0,76.0,False,F,430,S
Earth,True,55 Cancri e,0.0,False,0.0,0.0,0.0,0.0,0.0,True,G,646,P
Mars,False,TRAPPIST-1e,22.0,False,10.0,0.0,817.0,471.0,0.0,False,,,
Mars,False,,19.0,False,155.0,0.0,1632.0,3.0,0.0,True,D,101,P
Mars,False,TRAPPIST-1e,18.0,False,29.0,0.0,2315.0,0.0,1.0,True,D,70,S
Earth,False,TRAPPIST-1e,15.0,False,0.0,0.0,875.0,3.0,,False,F,542,P
Earth,False,55 Cancri e,27.0,False,0.0,630.0,0.0,71.0,0.0,True,F,881,S
Earth,False,PSO J318.5-22,37.0,False,0.0,0.0,6.0,746.0,1.0,False,G,895,P
Europa,False,55 Cancri e,57.0,False,2651.0,2956.0,0.0,266.0,1300.0,False,B,31,S
Earth,,PSO J318.5-22,21.0,False,0.0,0.0,,0.0,0.0,False,G,417,P
Earth,False,TRAPPIST-1e,46.0,False,0.0,0.0,0.0,369.0,515.0,False,G,1346,P
Europa,False,55 Cancri e,,False,0.0,122.0,2138.0,7368.0,1213.0,False,C,42,P
,True,TRAPPIST-1e,13.0,False,0.0,0.0,,0.0,0.0,True,G,1251,S
Earth,True,PSO J318.5-22,17.0,False,0.0,0.0,0.0,0.0,0.0,False,G,28,S
Europa,False,TRAPPIST-1e,28.0,False,0.0,3527.0,1.0,2929.0,2236.0,False,A,80,S
Mars,True,TRAPPIST-1e,,False,0.0,0.0,0.0,0.0,0.0,False,E,108,S
Earth,True,TRAPPIST-1e,,False,0.0,0.0,0.0,0.0,0.0,True,G,1139,S
Europa,False,TRAPPIST-1e,32.0,False,0.0,390.0,60.0,5015.0,211.0,False,C,214,P
Europa,False,55 Cancri e,28.0,False,0.0,162.0,741.0,3733.0,99.0,True,C,83,S
Earth,False,TRAPPIST-1e,18.0,False,0.0,0.0,0.0,1.0,827.0,True,E,386,P
Earth,False,TRAPPIST-1e,53.0,False,751.0,0.0,,7.0,0.0,False,F,1204,P
Earth,False,TRAPPIST-1e,25.0,False,0.0,0.0,892.0,0.0,0.0,True,G,954,S
Earth,True,TRAPPIST-1e,21.0,False,0.0,0.0,,0.0,0.0,True,,,
Earth,True,TRAPPIST-1e,8.0,False,0.0,0.0,0.0,0.0,0.0,True,G,1131,S
Europa,True,55 Cancri e,17.0,False,0.0,0.0,0.0,0.0,0.0,True,C,225,P
Earth,False,TRAPPIST-1e,32.0,False,0.0,0.0,0.0,0.0,772.0,False,G,528,S
Earth,True,TRAPPIST-1e,20.0,False,0.0,0.0,0.0,0.0,0.0,True,G,887,S
Earth,True,PSO J318.5-22,38.0,False,0.0,0.0,0.0,0.0,0.0,False,G,167,S
Earth,True,55 Cancri e,37.0,False,0.0,0.0,0.0,0.0,0.0,True,G,710,S
,True,55 Cancri e,46.0,False,0.0,0.0,0.0,0.0,0.0,True,E,367,P
Earth,False,TRAPPIST-1e,18.0,False,1.0,1.0,0.0,0.0,746.0,False,F,929,P
Mars,False,TRAPPIST-1e,3.0,False,0.0,0.0,0.0,0.0,0.0,True,F,1758,P
Mars,True,TRAPPIST-1e,0.0,False,0.0,0.0,0.0,0.0,0.0,True,F,109,S
Europa,False,55 Cancri e,26.0,False,286.0,3387.0,575.0,213.0,548.0,True,B,281,S
Earth,False,TRAPPIST-1e,7.0,False,0.0,0.0,0.0,0.0,0.0,False,G,691,P
Earth,True,PSO J318.5-22,18.0,False,0.0,0.0,0.0,0.0,0.0,True,G,1322,S
Earth,False,,23.0,False,0.0,169.0,,0.0,0.0,True,F,310,P
Mars,False,TRAPPIST-1e,35.0,False,1719.0,4389.0,1015.0,0.0,14.0,True,F,1432,P
Earth,False,PSO J318.5-22,42.0,False,491.0,106.0,8.0,202.0,0.0,False,G,206,S
Europa,True,55 Cancri e,52.0,False,0.0,0.0,0.0,,0.0,True,C,333,S
Earth,False,TRAPPIST-1e,56.0,False,0.0,51.0,0.0,2.0,706.0,False,F,292,P
Earth,True,55 Cancri e,13.0,False,0.0,0.0,0.0,0.0,0.0,True,G,1389,S
Earth,True,PSO J318.5-22,20.0,False,0.0,0.0,,0.0,0.0,True,G,119,S
Earth,False,TRAPPIST-1e,62.0,False,877.0,15.0,0.0,0.0,1.0,False,G,247,P
Earth,False,55 Cancri e,22.0,False,0.0,0.0,626.0,0.0,14.0,False,F,1842,P
Earth,False,TRAPPIST-1e,22.0,False,6.0,21.0,0.0,782.0,0.0,False,G,1301,P
Earth,True,,17.0,False,0.0,0.0,0.0,0.0,0.0,True,G,582,S
Europa,False,55 Cancri e,43.0,False,0.0,2093.0,0.0,3409.0,30.0,False,D,217,S
Europa,False,TRAPPIST-1e,11.0,False,0.0,0.0,0.0,0.0,0.0,True,B,123,S
Earth,False,TRAPPIST-1e,63.0,,0.0,0.0,424.0,0.0,2027.0,False,F,1408,S
Europa,False,TRAPPIST-1e,26.0,True,0.0,2199.0,0.0,328.0,329.0,False,B,216,P
Earth,False,TRAPPIST-1e,,False,0.0,1362.0,0.0,1267.0,0.0,True,F,1250,S
Earth,False,55 Cancri e,42.0,False,0.0,218.0,0.0,481.0,2.0,False,F,811,P
Earth,False,TRAPPIST-1e,49.0,False,0.0,0.0,1526.0,960.0,0.0,False,F,215,P
Earth,False,TRAPPIST-1e,19.0,False,29.0,2633.0,0.0,0.0,124.0,True,F,1586,S
Earth,False,TRAPPIST-1e,53.0,False,3.0,2251.0,0.0,95.0,12.0,True,E,460,P
Mars,True,TRAPPIST-1e,6.0,False,,0.0,0.0,0.0,0.0,True,F,555,S
Europa,False,55 Cancri e,18.0,False,0.0,694.0,0.0,0.0,1370.0,False,B,336,S
Europa,False,TRAPPIST-1e,22.0,False,0.0,1531.0,0.0,369.0,2969.0,False,B,57,S
Earth,False,PSO J318.5-22,34.0,False,122.0,0.0,6.0,739.0,0.0,False,F,511,S
Earth,False,TRAPPIST-1e,55.0,False,134.0,935.0,0.0,6.0,394.0,False,F,831,S
Europa,False,TRAPPIST-1e,40.0,False,0.0,6500.0,88.0,1090.0,0.0,True,D,10,S
Mars,True,TRAPPIST-1e,20.0,False,0.0,0.0,0.0,0.0,0.0,True,F,145,P
Mars,False,TRAPPIST-1e,37.0,False,1280.0,0.0,1.0,111.0,408.0,False,D,123,P
Europa,False,55 Cancri e,26.0,False,0.0,8160.0,205.0,0.0,438.0,True,B,301,P
Mars,False,TRAPPIST-1e,23.0,False,176.0,493.0,169.0,0.0,1023.0,False,F,857,S
Earth,False,TRAPPIST-1e,21.0,False,802.0,0.0,1.0,1.0,0.0,True,F,1778,S
Earth,False,TRAPPIST-1e,30.0,False,0.0,0.0,301.0,0.0,437.0,False,F,578,S
Earth,False,TRAPPIST-1e,22.0,False,0.0,70.0,182.0,612.0,20.0,True,F,85,S
Europa,True,TRAPPIST-1e,27.0,True,0.0,0.0,0.0,0.0,0.0,True,B,25,P
Europa,False,TRAPPIST-1e,34.0,False,98.0,715.0,29.0,5732.0,1902.0,False,B,23,P
Earth,True,55 Cancri e,17.0,False,0.0,0.0,0.0,0.0,0.0,True,G,1083,S
Earth,True,PSO J318.5-22,36.0,False,0.0,0.0,0.0,0.0,0.0,True,G,633,P
Earth,True,TRAPPIST-1e,41.0,False,0.0,0.0,0.0,0.0,0.0,True,G,936,P
Earth,False,TRAPPIST-1e,52.0,False,0.0,837.0,1.0,2.0,8.0,False,G,790,P
Europa,False,TRAPPIST-1e,27.0,False,0.0,6.0,0.0,7786.0,0.0,False,C,250,P
Earth,True,PSO J318.5-22,33.0,False,0.0,0.0,0.0,0.0,0.0,True,G,1010,S
Europa,True,TRAPPIST-1e,28.0,False,0.0,0.0,0.0,0.0,0.0,True,B,24,P
Mars,False,TRAPPIST-1e,55.0,False,2424.0,0.0,1.0,0.0,284.0,False,D,66,S
Earth,False,TRAPPIST-1e,22.0,False,123.0,1.0,660.0,0.0,0.0,True,G,778,S
Earth,False,TRAPPIST-1e,11.0,False,0.0,0.0,0.0,0.0,0.0,False,G,1368,P
Mars,False,TRAPPIST-1e,32.0,False,6769.0,0.0,,113.0,1.0,False,F,1107,S
Mars,True,TRAPPIST-1e,35.0,False,0.0,0.0,0.0,0.0,0.0,True,F,427,S
Earth,False,TRAPPIST-1e,23.0,False,0.0,551.0,59.0,720.0,14.0,False,F,1052,S
Europa,False,55 Cancri e,25.0,False,0.0,4949.0,0.0,452.0,15.0,True,A,7,S
Europa,True,TRAPPIST-1e,22.0,False,0.0,0.0,0.0,0.0,0.0,True,B,267,S
Earth,False,PSO J318.5-22,32.0,False,397.0,0.0,7.0,182.0,5.0,False,F,1242,S
,True,TRAPPIST-1e,22.0,False,0.0,0.0,0.0,0.0,0.0,True,G,735,S
Earth,False,,16.0,False,418.0,195.0,100.0,88.0,90.0,False,G,1143,S
Earth,True,55 Cancri e,14.0,False,0.0,0.0,0.0,0.0,0.0,True,G,1167,P
Earth,True,PSO J318.5-22,24.0,False,0.0,0.0,0.0,0.0,0.0,False,G,664,S
Europa,False,TRAPPIST-1e,26.0,True,1.0,5610.0,0.0,5.0,119.0,True,C,319,S
Mars,True,55 Cancri e,43.0,False,0.0,0.0,0.0,0.0,0.0,True,D,88,S
Earth,True,TRAPPIST-1e,7.0,False,0.0,0.0,0.0,0.0,0.0,False,G,821,P
Earth,False,PSO J318.5-22,22.0,False,0.0,115.0,273.0,,218.0,True,G,1079,S
Earth,True,TRAPPIST-1e,49.0,False,0.0,0.0,0.0,0.0,0.0,True,G,87,P
Mars,False,TRAPPIST-1e,47.0,False,160.0,0.0,1232.0,36.0,0.0,True,F,1436,P
Earth,True,TRAPPIST-1e,38.0,False,0.0,0.0,0.0,0.0,0.0,True,G,1294,S
Earth,True,TRAPPIST-1e,21.0,False,0.0,0.0,0.0,0.0,0.0,False,G,570,S
Mars,False,TRAPPIST-1e,17.0,False,1744.0,0.0,136.0,8.0,8.0,False,E,127,S
Earth,True,55 Cancri e,18.0,False,0.0,0.0,0.0,0.0,0.0,False,G,678,P
Earth,False,PSO J318.5-22,46.0,False,0.0,153.0,,0.0,397.0,False,F,1061,P
Europa,,TRAPPIST-1e,26.0,False,0.0,0.0,0.0,0.0,0.0,True,C,273,P
Mars,False,TRAPPIST-1e,17.0,False,1617.0,0.0,1777.0,0.0,0.0,True,D,118,P
Europa,True,55 Cancri e,40.0,False,0.0,0.0,0.0,0.0,0.0,True,B,334,S
Earth,False,TRAPPIST-1e,48.0,False,,0.0,1.0,0.0,0.0,False,G,595,P
Earth,True,TRAPPIST-1e,23.0,False,0.0,0.0,0.0,0.0,0.0,False,G,1298,P
Earth,,TRAPPIST-1e,19.0,False,0.0,0.0,0.0,0.0,0.0,True,E,314,P
Europa,True,TRAPPIST-1e,61.0,False,0.0,0.0,0.0,0.0,0.0,True,B,214,S
Europa,False,TRAPPIST-1e,32.0,False,0.0,1301.0,0.0,94.0,356.0,False,E,330,P
Earth,False,TRAPPIST-1e,35.0,False,0.0,1778.0,0.0,0.0,0.0,True,G,94,S
Mars,False,TRAPPIST-1e,9.0,False,0.0,0.0,0.0,0.0,0.0,True,F,1320,S
Earth,False,TRAPPIST-1e,28.0,False,647.0,1.0,32.0,71.0,140.0,True,F,933,S
Europa,False,TRAPPIST-1e,4.0,False,0.0,0.0,0.0,0.0,0.0,True,C,133,P
Europa,False,TRAPPIST-1e,30.0,False,0.0,1376.0,43.0,0.0,1460.0,True,E,96,P
Europa,True,55 Cancri e,28.0,False,0.0,0.0,0.0,0.0,0.0,True,B,236,P
Mars,False,TRAPPIST-1e,49.0,False,0.0,0.0,1058.0,0.0,0.0,True,D,73,S
Earth,False,55 Cancri e,14.0,False,0.0,0.0,52.0,0.0,,True,E,384,S
Earth,False,TRAPPIST-1e,28.0,False,0.0,631.0,0.0,5.0,0.0,True,E,70,S
Mars,True,TRAPPIST-1e,45.0,False,0.0,0.0,0.0,0.0,0.0,True,F,704,S
Earth,False,TRAPPIST-1e,32.0,False,0.0,104.0,2.0,0.0,801.0,True,G,968,P
Earth,False,55 Cancri e,19.0,False,0.0,388.0,469.0,,0.0,True,F,168,S
Europa,False,55 Cancri e,47.0,False,1320.0,428.0,4.0,24.0,0.0,False,C,82,P
Earth,True,,40.0,False,0.0,0.0,0.0,0.0,0.0,True,G,1229,P
Europa,True,55 Cancri e,53.0,False,0.0,0.0,,0.0,0.0,True,B,347,S
Mars,False,TRAPPIST-1e,63.0,False,1172.0,0.0,1.0,,0.0,False,E,158,S
Earth,True,55 Cancri e,18.0,False,0.0,0.0,0.0,0.0,0.0,True,G,892,P
Earth,True,TRAPPIST-1e,43.0,False,0.0,0.0,0.0,0.0,0.0,True,G,818,S
Mars,False,TRAPPIST-1e,29.0,False,3284.0,84.0,0.0,0.0,2.0,False,D,160,P
Earth,True,TRAPPIST-1e,2.0,False,0.0,0.0,0.0,0.0,0.0,True,G,765,S
Europa,False,TRAPPIST-1e,38.0,False,0.0,3331.0,270.0,2.0,3510.0,False,C,102,P
Earth,True,TRAPPIST-1e,16.0,False,0.0,0.0,,0.0,,True,F,1411,P
Europa,False,TRAPPIST-1e,43.0,False,4.0,1111.0,118.0,1852.0,,False,C,22,P
Earth,False,55 Cancri e,20.0,False,0.0,0.0,715.0,2.0,0.0,True,F,1245,S
Earth,True,TRAPPIST-1e,26.0,False,0.0,0.0,0.0,0.0,0.0,True,G,619,S
Earth,True,PSO J318.5-22,52.0,False,0.0,0.0,0.0,0.0,0.0,False,G,875,P
Earth,True,PSO J318.5-22,17.0,False,0.0,0.0,0.0,0.0,0.0,True,G,1227,P
Europa,False,TRAPPIST-1e,57.0,False,0.0,0.0,0.0,0.0,0.0,True,B,177,S
Earth,False,TRAPPIST-1e,19.0,False,122.0,2.0,0.0,480.0,565.0,True,F,1562,P
Europa,False,TRAPPIST-1e,26.0,False,0.0,9.0,0.0,3.0,2047.0,False,B,238,S
Europa,False,TRAPPIST-1e,44.0,False,0.0,0.0,0.0,0.0,0.0,True,C,151,P
Earth,False,TRAPPIST-1e,38.0,False,0.0,1.0,0.0,786.0,0.0,False,E,310,P
Earth,False,TRAPPIST-1e,27.0,False,0.0,686.0,0.0,101.0,9.0,True,F,1098,P
Mars,False,55 Cancri e,55.0,False,1680.0,0.0,1.0,0.0,6.0,False,F,771,S
Earth,False,TRAPPIST-1e,43.0,False,0.0,704.0,0.0,2.0,0.0,True,G,1465,S
Mars,False,TRAPPIST-1e,27.0,True,1709.0,4.0,24.0,0.0,0.0,False,D,81,P
Mars,False,55 Cancri e,36.0,False,1339.0,6.0,7810.0,0.0,0.0,True,E,451,S
Europa,True,55 Cancri e,26.0,False,0.0,0.0,0.0,0.0,0.0,True,,,
Earth,False,55 Cancri e,24.0,False,1.0,0.0,0.0,691.0,0.0,False,F,1409,P
Earth,False,55 Cancri e,21.0,False,0.0,496.0,0.0,3867.0,30.0,False,G,906,P
Europa,,TRAPPIST-1e,57.0,False,0.0,0.0,0.0,0.0,0.0,True,D,122,P
Earth,False,TRAPPIST-1e,47.0,False,42.0,509.0,0.0,0.0,1057.0,False,E,576,P
Europa,False,TRAPPIST-1e,30.0,False,14.0,12045.0,0.0,2121.0,0.0,True,C,35,P
Earth,True,TRAPPIST-1e,3.0,False,0.0,0.0,0.0,0.0,0.0,False,G,918,P
Europa,False,TRAPPIST-1e,60.0,False,0.0,,947.0,668.0,1.0,True,D,288,P
Earth,False,TRAPPIST-1e,30.0,False,148.0,0.0,0.0,619.0,34.0,True,F,986,P
Europa,False,TRAPPIST-1e,27.0,False,0.0,2318.0,1127.0,2423.0,115.0,False,C,259,P
Earth,False,TRAPPIST-1e,26.0,False,0.0,2811.0,957.0,0.0,87.0,True,G,11,P
Earth,False,TRAPPIST-1e,28.0,False,0.0,292.0,1039.0,1.0,489.0,False,G,978,P
Earth,False,TRAPPIST-1e,63.0,False,0.0,281.0,94.0,0.0,270.0,True,F,989,S
,False,TRAPPIST-1e,34.0,False,6.0,878.0,0.0,10.0,2203.0,False,D,190,S
Mars,False,TRAPPIST-1e,13.0,False,1008.0,667.0,8.0,0.0,,False,F,729,S
Europa,True,55 Cancri e,25.0,False,0.0,0.0,0.0,0.0,0.0,True,C,222,S
Earth,True,TRAPPIST-1e,,False,0.0,0.0,0.0,0.0,0.0,True,G,1015,P
Earth,False,TRAPPIST-1e,3.0,False,0.0,0.0,0.0,0.0,0.0,True,G,367,P
Earth,False,TRAPPIST-1e,43.0,False,0.0,788.0,0.0,0.0,1191.0,False,F,601,S
Earth,True,TRAPPIST-1e,4.0,False,0.0,0.0,0.0,0.0,0.0,True,G,836,P
Europa,False,TRAPPIST-1e,40.0,False,0.0,3508.0,761.0,12.0,32.0,True,C,240,P
Mars,False,TRAPPIST-1e,35.0,False,741.0,0.0,31.0,0.0,36.0,False,D,99,S
Europa,True,55 Cancri e,19.0,False,0.0,0.0,0.0,0.0,0.0,True,B,125,S
Earth,False,55 Cancri e,4.0,False,0.0,0.0,0.0,0.0,0.0,True,,,
Earth,False,TRAPPIST-1e,27.0,False,0.0,867.0,0.0,128.0,363.0,True,F,786,S
Europa,True,55 Cancri e,39.0,False,0.0,0.0,0.0,0.0,0.0,True,C,39,S
Earth,True,55 Cancri e,22.0,False,0.0,0.0,0.0,0.0,0.0,True,G,502,S
Earth,True,PSO J318.5-22,4.0,False,0.0,0.0,0.0,0.0,0.0,True,G,707,P
Earth,False,PSO J318.5-22,26.0,False,86.0,377.0,0.0,0.0,77.0,False,G,569,P
Earth,False,TRAPPIST-1e,58.0,False,1366.0,257.0,0.0,0.0,311.0,False,F,1559,P
Earth,False,TRAPPIST-1e,21.0,False,41.0,651.0,2.0,29.0,0.0,False,F,1058,P
Earth,False,TRAPPIST-1e,19.0,False,72.0,5.0,0.0,342.0,188.0,True,F,198,P
Earth,False,TRAPPIST-1e,23.0,False,0.0,565.0,0.0,35.0,188.0,True,E,576,S
Earth,False,TRAPPIST-1e,35.0,,753.0,335.0,1.0,348.0,0.0,False,G,893,P
Mars,True,TRAPPIST-1e,47.0,False,0.0,,0.0,0.0,0.0,True,E,532,P
Mars,False,TRAPPIST-1e,26.0,False,1632.0,0.0,80.0,7.0,0.0,False,D,134,P
Europa,False,TRAPPIST-1e,33.0,True,0.0,7139.0,22.0,0.0,553.0,True,C,55,P
Europa,False,PSO J318.5-22,38.0,True,0.0,2191.0,863.0,207.0,6262.0,False,C,329,S
Earth,False,TRAPPIST-1e,18.0,False,457.0,0.0,11.0,335.0,0.0,False,F,1368,S
Mars,True,TRAPPIST-1e,27.0,False,0.0,0.0,0.0,0.0,0.0,True,F,1233,S
Earth,True,TRAPPIST-1e,12.0,False,0.0,0.0,0.0,0.0,0.0,True,G,939,P
Mars,False,TRAPPIST-1e,18.0,False,0.0,0.0,0.0,0.0,0.0,False,E,430,S
Europa,False,TRAPPIST-1e,23.0,False,69.0,6101.0,0.0,0.0,214.0,True,C,255,S
Earth,False,55 Cancri e,60.0,False,0.0,0.0,0.0,8.0,698.0,False,G,1102,S
Mars,False,TRAPPIST-1e,18.0,False,1102.0,9.0,2628.0,0.0,0.0,False,D,75,P
Earth,True,TRAPPIST-1e,40.0,False,0.0,0.0,0.0,0.0,0.0,True,G,762,P
Earth,True,TRAPPIST-1e,4.0,False,0.0,0.0,0.0,0.0,0.0,False,G,1418,S
Europa,True,55 Cancri e,14.0,False,,0.0,0.0,0.0,0.0,True,B,258,S
Mars,True,TRAPPIST-1e,42.0,False,0.0,0.0,0.0,0.0,0.0,True,F,712,S
Earth,False,TRAPPIST-1e,21.0,False,0.0,31.0,2076.0,77.0,0.0,True,F,1240,S
Earth,False,TRAPPIST-1e,17.0,False,372.0,0.0,477.0,0.0,0.0,False,G,756,P
Mars,True,TRAPPIST-1e,31.0,False,0.0,0.0,0.0,0.0,0.0,True,F,649,P
Europa,False,55 Cancri e,31.0,False,2.0,8747.0,0.0,4840.0,14485.0,False,C,133,P
Earth,False,TRAPPIST-1e,24.0,False,19.0,676.0,0.0,26.0,0.0,False,G,412,S
Europa,True,TRAPPIST-1e,50.0,False,0.0,0.0,,0.0,0.0,True,D,71,P
Earth,False,PSO J318.5-22,16.0,False,112.0,0.0,38.0,77.0,443.0,False,F,349,S
Europa,,TRAPPIST-1e,40.0,False,0.0,331.0,0.0,0.0,1687.0,False,B,5,P
Earth,False,TRAPPIST-1e,51.0,False,542.0,0.0,360.0,0.0,0.0,False,F,1194,P
Europa,False,55 Cancri e,30.0,False,0.0,3628.0,289.0,1737.0,4987.0,False,A,10,P
Mars,True,TRAPPIST-1e,20.0,False,0.0,0.0,0.0,0.0,0.0,True,F,980,P
Europa,False,55 Cancri e,74.0,False,0.0,1026.0,0.0,6616.0,119.0,False,C,114,P
Earth,True,TRAPPIST-1e,1.0,False,0.0,0.0,0.0,0.0,0.0,False,,,
Earth,True,55 Cancri e,55.0,,0.0,0.0,0.0,0.0,0.0,False,G,1469,S
Europa,True,TRAPPIST-1e,37.0,False,0.0,0.0,0.0,0.0,0.0,True,B,257,P
Earth,False,PSO J318.5-22,33.0,False,0.0,688.0,2.0,0.0,426.0,False,F,1876,P
Earth,True,TRAPPIST-1e,32.0,False,0.0,0.0,0.0,0.0,0.0,True,G,24,P
Mars,True,TRAPPIST-1e,36.0,,0.0,0.0,0.0,0.0,0.0,True,F,1264,P
Earth,True,TRAPPIST-1e,22.0,False,0.0,0.0,0.0,0.0,0.0,True,G,150,S
Earth,False,TRAPPIST-1e,41.0,False,338.0,0.0,377.0,2.0,86.0,True,F,269,S
Europa,False,TRAPPIST-1e,42.0,False,0.0,890.0,2929.0,352.0,4898.0,False,A,51,P
Earth,True,PSO J318.5-22,28.0,False,0.0,0.0,0.0,0.0,0.0,True,G,537,P
Europa,False,55 Cancri e,21.0,False,0.0,846.0,4407.0,0.0,2491.0,True,C,299,P
Earth,False,TRAPPIST-1e,13.0,False,898.0,0.0,0.0,,24.0,False,F,1208,S
Earth,False,55 Cancri e,37.0,False,88.0,0.0,719.0,88.0,0.0,True,F,1820,P
Europa,True,55 Cancri e,37.0,False,0.0,0.0,0.0,0.0,0.0,True,C,222,P
Earth,True,PSO J318.5-22,19.0,False,0.0,0.0,0.0,0.0,0.0,False,G,1217,P
Earth,False,TRAPPIST-1e,53.0,False,19.0,81.0,85.0,768.0,489.0,False,F,866,S
Europa,False,55 Cancri e,40.0,False,0.0,1677.0,0.0,109.0,320.0,True,A,76,S
Europa,False,TRAPPIST-1e,37.0,False,0.0,216.0,0.0,5391.0,3372.0,False,B,112,S
Earth,False,TRAPPIST-1e,29.0,False,0.0,1311.0,0.0,0.0,0.0,False,F,598,P
Earth,False,PSO J318.5-22,63.0,False,356.0,287.0,0.0,0.0,248.0,False,G,233,P
Europa,False,TRAPPIST-1e,58.0,False,1113.0,1650.0,0.0,194.0,510.0,True,B,103,S
Earth,False,TRAPPIST-1e,29.0,False,0.0,2.0,66.0,0.0,705.0,False,G,34,S
Europa,True,TRAPPIST-1e,67.0,False,0.0,0.0,0.0,0.0,0.0,True,E,253,S
Mars,False,TRAPPIST-1e,43.0,True,353.0,896.0,0.0,0.0,2.0,True,D,13,P
Earth,True,TRAPPIST-1e,50.0,False,0.0,0.0,0.0,0.0,0.0,False,G,728,P
Earth,False,TRAPPIST-1e,18.0,False,0.0,625.0,0.0,0.0,356.0,False,E,363,P
Earth,False,TRAPPIST-1e,55.0,False,1.0,0.0,58.0,0.0,802.0,True,E,595,S
Europa,True,TRAPPIST-1e,34.0,False,0.0,0.0,0.0,0.0,0.0,True,B,98,S
,True,55 Cancri e,53.0,False,0.0,0.0,0.0,0.0,0.0,True,B,19,S
Mars,False,TRAPPIST-1e,46.0,False,1454.0,0.0,81.0,38.0,0.0,False,F,211,P
Earth,True,TRAPPIST-1e,2.0,False,0.0,0.0,0.0,0.0,0.0,True,G,1044,P
Earth,False,TRAPPIST-1e,18.0,False,358.0,336.0,0.0,0.0,0.0,False,F,1323,P
Earth,False,55 Cancri e,44.0,False,672.0,0.0,0.0,0.0,20.0,False,F,540,S
Earth,False,TRAPPIST-1e,22.0,False,593.0,34.0,0.0,0.0,0.0,False,G,1163,P
Mars,True,TRAPPIST-1e,42.0,False,0.0,0.0,0.0,0.0,0.0,False,E,13,S
Mars,True,TRAPPIST-1e,21.0,False,0.0,0.0,0.0,0.0,0.0,True,F,415,P
Mars,False,TRAPPIST-1e,19.0,False,631.0,0.0,834.0,304.0,0.0,False,F,178,S
Europa,True,55 Cancri e,23.0,,0.0,0.0,0.0,0.0,0.0,True,C,239,P
Earth,False,TRAPPIST-1e,55.0,False,42.0,4.0,1215.0,0.0,3.0,True,F,676,S
Mars,False,TRAPPIST-1e,19.0,False,37.0,0.0,1288.0,0.0,0.0,True,F,1584,P
Earth,False,TRAPPIST-1e,26.0,False,0.0,3.0,176.0,611.0,0.0,False,E,141,S
Earth,True,PSO J318.5-22,25.0,False,0.0,0.0,0.0,0.0,0.0,True,G,1367,P
Mars,True,TRAPPIST-1e,36.0,False,0.0,0.0,,0.0,0.0,True,F,475,S
Earth,False,TRAPPIST-1e,24.0,False,621.0,0.0,0.0,0.0,0.0,False,G,192,P
Earth,True,TRAPPIST-1e,13.0,False,0.0,0.0,0.0,0.0,0.0,True,G,849,S
Earth,False,,23.0,False,0.0,456.0,2624.0,912.0,8.0,True,E,371,P
Europa,False,TRAPPIST-1e,29.0,False,0.0,2972.0,,28.0,188.0,True,E,597,P
Earth,True,55 Cancri e,27.0,False,0.0,0.0,0.0,0.0,0.0,True,G,206,S
Earth,False,TRAPPIST-1e,24.0,False,70.0,160.0,340.0,0.0,336.0,False,E,97,S
Earth,False,TRAPPIST-1e,37.0,False,190.0,0.0,2.0,799.0,0.0,False,E,233,S
Earth,False,55 Cancri e,30.0,False,25.0,245.0,198.0,2.0,321.0,False,E,307,S
Mars,True,TRAPPIST-1e,10.0,False,0.0,0.0,0.0,0.0,0.0,True,F,765,S
Earth,False,TRAPPIST-1e,19.0,False,0.0,3.0,946.0,0.0,0.0,False,F,267,S
Mars,False,TRAPPIST-1e,24.0,False,10.0,49.0,,1497.0,10.0,False,F,1216,P
Mars,True,TRAPPIST-1e,19.0,False,0.0,0.0,0.0,0.0,0.0,True,F,1057,P
Earth,False,55 Cancri e,44.0,False,0.0,0.0,608.0,0.0,91.0,False,F,880,P
Mars,True,TRAPPIST-1e,43.0,False,0.0,0.0,0.0,0.0,0.0,True,F,738,P
Earth,True,PSO J318.5-22,13.0,False,0.0,0.0,0.0,0.0,0.0,False,G,45,S
Mars,False,TRAPPIST-1e,21.0,False,1242.0,0.0,654.0,0.0,0.0,False,E,542,S
Earth,False,PSO J318.5-22,,,0.0,440.0,0.0,0.0,334.0,False,,,
Earth,False,TRAPPIST-1e,18.0,False,855.0,0.0,51.0,0.0,0.0,False,E,63,P
Europa,True,TRAPPIST-1e,15.0,False,0.0,0.0,0.0,0.0,0.0,True,C,137,S
Earth,True,PSO J318.5-22,30.0,,0.0,0.0,0.0,0.0,0.0,True,G,789,S
Earth,False,TRAPPIST-1e,25.0,False,1.0,0.0,1.0,14.0,1491.0,False,F,1734,P
Earth,True,TRAPPIST-1e,16.0,False,0.0,0.0,0.0,0.0,0.0,False,,,
Earth,False,TRAPPIST-1e,30.0,False,0.0,236.0,0.0,1149.0,0.0,False,F,437,P
Europa,,TRAPPIST-1e,48.0,False,0.0,0.0,0.0,0.0,0.0,True,B,175,P
Earth,True,PSO J318.5-22,28.0,False,0.0,0.0,0.0,0.0,0.0,True,G,1055,S
Europa,False,TRAPPIST-1e,65.0,,0.0,1420.0,,85.0,827.0,False,A,77,S
Mars,False,55 Cancri e,24.0,False,1363.0,0.0,50.0,0.0,0.0,False,F,856,P
Earth,True,TRAPPIST-1e,18.0,False,0.0,0.0,0.0,0.0,0.0,True,G,174,P
Earth,False,TRAPPIST-1e,24.0,False,156.0,0.0,364.0,489.0,383.0,True,F,1094,S
,False,TRAPPIST-1e,18.0,False,0.0,0.0,0.0,0.0,2141.0,False,F,1617,P
Earth,False,TRAPPIST-1e,16.0,False,0.0,68.0,1541.0,0.0,0.0,True,E,419,S
Earth,False,55 Cancri e,35.0,False,0.0,71.0,631.0,0.0,0.0,False,F,1444,P
Earth,False,TRAPPIST-1e,30.0,False,0.0,4.0,1604.0,678.0,1681.0,False,,,
Earth,False,TRAPPIST-1e,23.0,False,0.0,723.0,1.0,0.0,0.0,True,F,1154,S
Europa,True,55 Cancri e,19.0,False,0.0,0.0,0.0,0.0,0.0,True,C,255,S
Earth,False,TRAPPIST-1e,18.0,False,0.0,17.0,0.0,0.0,784.0,False,F,783,P
Earth,False,TRAPPIST-1e,5.0,False,0.0,0.0,0.0,0.0,0.0,True,G,981,S
Earth,False,55 Cancri e,12.0,False,0.0,0.0,0.0,0.0,0.0,True,G,999,S
Earth,False,PSO J318.5-22,32.0,False,388.0,0.0,0.0,439.0,0.0,False,F,1350,P
Earth,False,TRAPPIST-1e,14.0,False,0.0,6.0,791.0,49.0,0.0,True,G,1096,S
Mars,True,TRAPPIST-1e,19.0,False,0.0,0.0,0.0,0.0,0.0,True,,,
Earth,True,55 Cancri e,0.0,False,0.0,0.0,0.0,0.0,0.0,True,G,1087,S
Earth,False,TRAPPIST-1e,43.0,False,957.0,0.0,1.0,0.0,39.0,False,E,309,P
Europa,False,55 Cancri e,29.0,False,0.0,3344.0,0.0,118.0,972.0,True,C,25,S
Mars,False,TRAPPIST-1e,19.0,False,30.0,0.0,42.0,3565.0,7.0,False,E,287,S
Europa,True,55 Cancri e,29.0,False,0.0,0.0,0.0,0.0,0.0,True,B,159,P
Earth,False,TRAPPIST-1e,35.0,False,4.0,53.0,0.0,0.0,844.0,False,F,1442,S
Europa,False,55 Cancri e,35.0,False,0.0,4618.0,0.0,324.0,12061.0,False,B,185,P
Europa,True,55 Cancri e,27.0,False,0.0,0.0,,0.0,0.0,True,B,192,P
Mars,True,TRAPPIST-1e,32.0,False,0.0,0.0,0.0,0.0,0.0,True,F,358,S
Earth,False,55 Cancri e,0.0,False,0.0,0.0,0.0,0.0,0.0,True,G,117,S
Earth,False,TRAPPIST-1e,18.0,False,960.0,672.0,0.0,0.0,168.0,False,G,1204,P
Mars,False,55 Cancri e,0.0,False,0.0,0.0,0.0,0.0,0.0,True,F,830,S
Earth,True,TRAPPIST-1e,23.0,False,0.0,0.0,0.0,0.0,0.0,True,G,974,S
Earth,True,TRAPPIST-1e,41.0,False,0.0,0.0,0.0,0.0,0.0,True,G,1215,P
Earth,False,TRAPPIST-1e,18.0,False,0.0,730.0,79.0,0.0,,True,G,494,S
Earth,False,55 Cancri e,14.0,False,0.0,,14.0,692.0,809.0,False,F,591,P
Mars,False,TRAPPIST-1e,35.0,True,628.0,6.0,528.0,136.0,0.0,False,E,343,S
Earth,False,TRAPPIST-1e,42.0,False,866.0,0.0,16.0,0.0,0.0,False,G,1463,S
Earth,True,PSO J318.5-22,18.0,False,0.0,0.0,0.0,0.0,0.0,False,G,535,S
Earth,True,TRAPPIST-1e,53.0,False,0.0,0.0,0.0,0.0,0.0,False,G,570,S
Europa,True,55 Cancri e,48.0,False,0.0,0.0,0.0,0.0,0.0,True,C,82,P
Europa,True,TRAPPIST-1e,39.0,False,0.0,0.0,0.0,0.0,0.0,True,B,61,S
Earth,False,TRAPPIST-1e,13.0,False,101.0,12.0,184.0,780.0,0.0,False,F,1763,S
Earth,True,TRAPPIST-1e,41.0,False,0.0,0.0,0.0,0.0,0.0,True,G,1037,S
Earth,False,TRAPPIST-1e,17.0,False,,188.0,795.0,0.0,0.0,True,E,485,S
Europa,True,TRAPPIST-1e,23.0,False,0.0,0.0,0.0,0.0,0.0,True,E,234,P
Earth,False,TRAPPIST-1e,28.0,False,0.0,0.0,0.0,525.0,1889.0,False,F,1000,S
Earth,True,TRAPPIST-1e,29.0,False,0.0,0.0,0.0,0.0,0.0,False,G,158,S
Europa,False,TRAPPIST-1e,38.0,False,821.0,960.0,0.0,27.0,321.0,False,A,44,S
Earth,False,TRAPPIST-1e,64.0,,0.0,0.0,16.0,733.0,159.0,False,G,533,P
Europa,False,TRAPPIST-1e,58.0,False,0.0,2946.0,0.0,101.0,387.0,True,B,166,S
Europa,True,TRAPPIST-1e,23.0,False,0.0,0.0,0.0,0.0,0.0,True,B,54,P
Earth,False,TRAPPIST-1e,21.0,False,526.0,0.0,,258.0,0.0,False,G,777,P
Earth,True,TRAPPIST-1e,50.0,False,0.0,0.0,0.0,0.0,0.0,False,G,304,S
Earth,False,TRAPPIST-1e,55.0,False,0.0,252.0,1.0,0.0,553.0,True,F,799,S
Earth,False,TRAPPIST-1e,48.0,False,0.0,33.0,654.0,0.0,113.0,True,F,227,S
Mars,False,55 Cancri e,18.0,False,114.0,131.0,927.0,0.0,0.0,True,F,1215,S
Europa,False,TRAPPIST-1e,46.0,False,1384.0,229.0,0.0,1572.0,1.0,False,C,290,P
Earth,False,TRAPPIST-1e,41.0,,8.0,532.0,0.0,0.0,100.0,True,F,1123,S
Mars,True,,49.0,False,,0.0,0.0,0.0,0.0,True,F,889,S
Mars,True,TRAPPIST-1e,32.0,False,0.0,0.0,0.0,0.0,0.0,True,F,954,S
Earth,False,TRAPPIST-1e,18.0,False,0.0,35.0,661.0,0.0,63.0,True,F,816,S
Mars,True,TRAPPIST-1e,21.0,False,0.0,0.0,0.0,0.0,0.0,True,F,1143,S
Europa,True,55 Cancri e,58.0,False,0.0,0.0,0.0,0.0,0.0,True,C,194,P
Europa,False,55 Cancri e,20.0,False,354.0,1546.0,323.0,284.0,315.0,True,B,166,S
Europa,True,TRAPPIST-1e,74.0,False,0.0,0.0,0.0,0.0,0.0,True,B,14,S
Mars,False,TRAPPIST-1e,56.0,False,324.0,574.0,116.0,0.0,0.0,False,E,198,P
Mars,True,TRAPPIST-1e,36.0,False,0.0,0.0,0.0,0.0,0.0,True,F,1545,P
Mars,True,TRAPPIST-1e,25.0,False,0.0,0.0,0.0,0.0,0.0,False,E,158,P
Earth,True,55 Cancri e,21.0,False,0.0,0.0,0.0,0.0,0.0,True,G,662,P
Earth,False,TRAPPIST-1e,48.0,False,801.0,2.0,0.0,1.0,973.0,False,G,90,P
Europa,True,TRAPPIST-1e,44.0,False,0.0,0.0,0.0,0.0,0.0,True,B,105,S
Mars,False,TRAPPIST-1e,49.0,False,460.0,86.0,92.0,659.0,0.0,False,E,407,S
Europa,False,55 Cancri e,19.0,False,0.0,1347.0,0.0,1756.0,37.0,True,D,111,P
Earth,False,TRAPPIST-1e,4.0,False,0.0,0.0,0.0,0.0,0.0,False,E,82,P
Europa,True,TRAPPIST-1e,17.0,False,0.0,0.0,0.0,0.0,0.0,True,B,8,P
Earth,True,TRAPPIST-1e,37.0,False,0.0,0.0,0.0,0.0,0.0,True,G,1170,P
Mars,True,TRAPPIST-1e,38.0,False,0.0,0.0,0.0,0.0,0.0,True,F,312,P
Europa,False,TRAPPIST-1e,37.0,False,2.0,7272.0,0.0,50.0,1282.0,True,B,247,P
Earth,False,TRAPPIST-1e,28.0,False,0.0,602.0,0.0,115.0,0.0,True,F,1232,S
Earth,False,TRAPPIST-1e,24.0,False,714.0,0.0,4.0,49.0,11.0,False,F,764,S
Earth,False,PSO J318.5-22,22.0,False,0.0,0.0,0.0,617.0,0.0,False,G,1420,S
Earth,False,TRAPPIST-1e,22.0,False,0.0,669.0,121.0,0.0,56.0,True,E,308,S
Earth,False,PSO J318.5-22,23.0,False,0.0,0.0,,3.0,1919.0,False,F,588,P
Mars,True,TRAPPIST-1e,19.0,False,0.0,0.0,0.0,0.0,0.0,True,F,417,S
Earth,True,PSO J318.5-22,21.0,False,0.0,0.0,0.0,0.0,0.0,False,G,189,P
Earth,False,TRAPPIST-1e,11.0,False,0.0,0.0,0.0,0.0,0.0,False,G,679,P
Earth,False,TRAPPIST-1e,50.0,False,43.0,661.0,1.0,85.0,0.0,False,E,246,S
Mars,False,PSO J318.5-22,49.0,False,1690.0,0.0,85.0,0.0,0.0,False,D,161,S
Earth,False,PSO J318.5-22,22.0,False,0.0,29.0,165.0,404.0,0.0,False,F,1838,P
Earth,,TRAPPIST-1e,25.0,False,0.0,60.0,0.0,646.0,1115.0,False,G,292,S
Earth,False,TRAPPIST-1e,22.0,False,0.0,5.0,0.0,320.0,352.0,False,G,83,P
Earth,False,PSO J318.5-22,56.0,False,1.0,2.0,0.0,102.0,,False,F,1351,S
Earth,True,TRAPPIST-1e,33.0,False,0.0,0.0,0.0,0.0,0.0,True,G,765,S
Mars,True,TRAPPIST-1e,29.0,False,0.0,0.0,0.0,0.0,0.0,True,,,
Europa,True,55 Cancri e,26.0,False,0.0,0.0,0.0,0.0,0.0,True,C,118,P
Earth,False,TRAPPIST-1e,23.0,False,0.0,0.0,490.0,0.0,319.0,False,G,150,S
Earth,,TRAPPIST-1e,22.0,False,0.0,0.0,0.0,0.0,0.0,False,G,115,S
Earth,True,TRAPPIST-1e,16.0,False,0.0,0.0,0.0,0.0,0.0,True,G,736,S
Earth,True,TRAPPIST-1e,21.0,False,0.0,0.0,0.0,0.0,,False,G,1497,P
Europa,False,55 Cancri e,37.0,False,0.0,1678.0,0.0,36.0,3128.0,False,A,86,S
Earth,False,TRAPPIST-1e,16.0,False,0.0,1332.0,0.0,0.0,0.0,True,F,1831,P
Europa,True,55 Cancri e,29.0,False,0.0,0.0,0.0,0.0,0.0,True,B,340,S
Europa,False,55 Cancri e,35.0,False,0.0,17394.0,0.0,724.0,0.0,True,E,99,P
Mars,False,55 Cancri e,37.0,False,326.0,0.0,455.0,2.0,0.0,False,D,144,P
Mars,False,TRAPPIST-1e,26.0,True,432.0,0.0,965.0,35.0,0.0,False,F,321,P
Europa,True,55 Cancri e,15.0,False,0.0,0.0,0.0,0.0,0.0,True,B,265,S
Europa,False,55 Cancri e,25.0,False,2026.0,4929.0,0.0,1179.0,10270.0,False,B,238,S
Europa,False,TRAPPIST-1e,55.0,False,0.0,1971.0,77.0,577.0,1050.0,True,C,112,S
,False,TRAPPIST-1e,23.0,False,550.0,0.0,738.0,0.0,0.0,True,F,1504,S
Mars,,TRAPPIST-1e,36.0,False,520.0,0.0,1865.0,0.0,0.0,True,,,
Europa,False,TRAPPIST-1e,39.0,False,2167.0,30.0,1472.0,,0.0,True,C,251,S
Earth,False,TRAPPIST-1e,18.0,False,0.0,0.0,32.0,0.0,673.0,False,G,1269,P
Mars,True,,31.0,False,0.0,0.0,0.0,0.0,0.0,True,F,747,P
Europa,False,55 Cancri e,48.0,True,0.0,2537.0,87.0,17.0,13.0,True,B,1,S
Earth,False,TRAPPIST-1e,8.0,False,0.0,0.0,0.0,0.0,0.0,True,G,292,S
Earth,False,PSO J318.5-22,23.0,False,8.0,173.0,0.0,1052.0,0.0,False,F,1410,P
Earth,False,TRAPPIST-1e,24.0,False,711.0,0.0,0.0,59.0,57.0,False,F,282,P
Earth,False,55 Cancri e,23.0,False,664.0,17.0,0.0,0.0,,False,F,696,P
,False,TRAPPIST-1e,57.0,False,906.0,22.0,0.0,8293.0,391.0,False,C,228,P
Earth,False,TRAPPIST-1e,18.0,False,33.0,0.0,455.0,167.0,48.0,True,F,1153,S
,True,TRAPPIST-1e,18.0,False,0.0,0.0,0.0,0.0,0.0,True,F,1118,P
Earth,False,TRAPPIST-1e,,False,1445.0,0.0,1.0,2.0,73.0,False,F,109,P
Earth,False,TRAPPIST-1e,28.0,False,8.0,0.0,77.0,560.0,0.0,False,F,912,P
Earth,False,TRAPPIST-1e,33.0,False,235.0,2.0,1.0,650.0,0.0,False,G,338,P
Europa,False,55 Cancri e,18.0,False,17.0,215.0,4.0,5132.0,697.0,False,B,11,S
Earth,False,TRAPPIST-1e,14.0,False,0.0,1.0,1441.0,0.0,190.0,True,E,182,P
Europa,False,TRAPPIST-1e,13.0,False,0.0,9.0,0.0,,5648.0,False,C,187,P
Mars,True,TRAPPIST-1e,16.0,False,,0.0,0.0,0.0,0.0,True,,,
Earth,False,TRAPPIST-1e,19.0,False,571.0,0.0,0.0,97.0,813.0,True,F,880,P
Earth,False,PSO J318.5-22,18.0,False,0.0,76.0,0.0,993.0,6.0,False,F,1624,P
,False,TRAPPIST-1e,44.0,False,1440.0,293.0,74.0,32.0,0.0,True,F,103,S
Earth,False,PSO J318.5-22,18.0,False,0.0,0.0,1792.0,16.0,248.0,False,F,1602,S
Earth,False,TRAPPIST-1e,18.0,False,454.0,0.0,0.0,324.0,0.0,False,F,1086,P
Mars,False,PSO J318.5-22,38.0,False,1208.0,0.0,13.0,38.0,0.0,True,D,187,P
Europa,False,55 Cancri e,30.0,False,728.0,2551.0,0.0,48.0,1804.0,True,B,97,P
Earth,False,TRAPPIST-1e,49.0,False,0.0,6.0,679.0,15.0,187.0,False,G,116,S
Earth,False,TRAPPIST-1e,31.0,False,183.0,0.0,32.0,0.0,1171.0,False,F,149,S
Europa,True,TRAPPIST-1e,21.0,False,0.0,0.0,0.0,0.0,0.0,True,B,181,P
Earth,False,PSO J318.5-22,44.0,,0.0,463.0,1.0,172.0,0.0,True,F,918,S
Mars,True,TRAPPIST-1e,10.0,,0.0,0.0,0.0,0.0,0.0,True,F,1512,P
Earth,False,PSO J318.5-22,29.0,False,2.0,3.0,1501.0,26.0,0.0,True,F,1273,S
Europa,True,55 Cancri e,38.0,False,0.0,0.0,0.0,0.0,0.0,True,B,10,S
Mars,True,TRAPPIST-1e,41.0,False,0.0,0.0,0.0,0.0,,True,F,262,S
Earth,False,TRAPPIST-1e,28.0,False,82.0,773.0,0.0,3693.0,140.0,False,G,55,S
Earth,False,TRAPPIST-1e,24.0,False,185.0,0.0,476.0,1810.0,53.0,False,F,896,S
Europa,False,TRAPPIST-1e,39.0,,8209.0,18.0,432.0,3560.0,54.0,False,C,281,S
Mars,False,TRAPPIST-1e,46.0,False,5888.0,,13.0,12.0,0.0,False,F,1470,S
Earth,False,TRAPPIST-1e,21.0,False,550.0,0.0,61.0,4.0,5.0,False,G,1204,S
Earth,False,PSO J318.5-22,41.0,False,413.0,0.0,0.0,7.0,347.0,False,G,1421,S
Earth,False,55 Cancri e,40.0,False,1465.0,39.0,0.0,0.0,1225.0,False,F,364,S
Earth,False,PSO J318.5-22,32.0,False,793.0,0.0,0.0,0.0,0.0,False,E,316,P
Earth,False,PSO J318.5-22,42.0,False,0.0,,0.0,214.0,50.0,True,G,861,S
Mars,False,TRAPPIST-1e,0.0,False,0.0,0.0,0.0,0.0,0.0,True,F,882,S
Earth,False,55 Cancri e,22.0,False,38.0,19.0,348.0,217.0,115.0,False,F,1417,P
Europa,False,55 Cancri e,42.0,False,0.0,1180.0,0.0,2677.0,283.0,False,B,65,P
Earth,True,TRAPPIST-1e,24.0,False,0.0,0.0,0.0,0.0,0.0,True,G,1241,S
Earth,False,TRAPPIST-1e,,False,2.0,3.0,93.0,6.0,540.0,False,F,1206,S
Mars,False,TRAPPIST-1e,27.0,False,147.0,0.0,1018.0,0.0,0.0,True,F,18,S
Earth,False,TRAPPIST-1e,24.0,False,178.0,0.0,235.0,0.0,396.0,True,G,986,S
Earth,False,TRAPPIST-1e,21.0,False,2.0,417.0,323.0,0.0,84.0,True,E,181,P
Europa,False,55 Cancri e,45.0,True,1017.0,3863.0,0.0,601.0,3999.0,False,D,190,P
Europa,True,TRAPPIST-1e,17.0,False,0.0,0.0,0.0,0.0,0.0,True,B,319,S
Earth,False,TRAPPIST-1e,15.0,False,0.0,0.0,19.0,352.0,326.0,False,F,955,S
Earth,True,TRAPPIST-1e,4.0,False,0.0,0.0,0.0,0.0,0.0,True,G,1365,P
Earth,False,55 Cancri e,21.0,False,532.0,4.0,37.0,1.0,0.0,False,F,1709,P
Earth,False,TRAPPIST-1e,24.0,False,0.0,854.0,11.0,0.0,0.0,True,F,1336,P
Earth,True,TRAPPIST-1e,22.0,False,0.0,0.0,0.0,0.0,0.0,False,G,492,P
Earth,False,PSO J318.5-22,32.0,False,0.0,486.0,0.0,229.0,26.0,False,F,269,P
Europa,False,TRAPPIST-1e,50.0,False,3677.0,782.0,0.0,6.0,1168.0,True,C,65,S
Europa,True,TRAPPIST-1e,15.0,False,0.0,0.0,0.0,0.0,0.0,True,B,166,P
Earth,False,TRAPPIST-1e,46.0,False,0.0,1029.0,0.0,0.0,0.0,True,F,780,S
Mars,False,TRAPPIST-1e,32.0,False,725.0,0.0,1641.0,0.0,0.0,False,F,1624,S
Earth,False,,20.0,False,0.0,4.0,761.0,22.0,1.0,True,E,325,P
Europa,False,55 Cancri e,36.0,True,1.0,10029.0,1.0,1679.0,27.0,True,B,195,S
Mars,False,TRAPPIST-1e,29.0,False,1365.0,0.0,791.0,210.0,0.0,False,F,469,P
Europa,True,55 Cancri e,22.0,False,0.0,0.0,0.0,0.0,0.0,True,D,49,P
Mars,True,TRAPPIST-1e,1.0,False,0.0,0.0,0.0,,0.0,True,F,766,S
Earth,True,TRAPPIST-1e,1.0,False,0.0,0.0,0.0,0.0,0.0,True,G,439,P
Mars,False,PSO J318.5-22,41.0,False,,0.0,1127.0,8.0,0.0,True,D,144,S
Earth,True,TRAPPIST-1e,1.0,False,0.0,0.0,0.0,0.0,0.0,True,G,283,S
Europa,False,55 Cancri e,31.0,False,139.0,4018.0,13.0,232.0,1140.0,True,B,116,S
Europa,False,55 Cancri e,19.0,False,0.0,1291.0,0.0,16139.0,687.0,False,B,48,S
Mars,False,TRAPPIST-1e,33.0,False,627.0,0.0,171.0,254.0,130.0,False,D,228,P
Earth,True,TRAPPIST-1e,1.0,False,0.0,0.0,0.0,0.0,0.0,True,G,1162,S
Earth,True,PSO J318.5-22,44.0,False,0.0,0.0,0.0,0.0,0.0,True,G,555,S
Earth,True,PSO J318.5-22,7.0,False,0.0,0.0,0.0,0.0,0.0,True,G,1028,S
Mars,True,,,False,0.0,0.0,0.0,0.0,0.0,True,F,342,P
Mars,True,55 Cancri e,21.0,False,0.0,0.0,0.0,0.0,0.0,True,D,186,P
Europa,False,TRAPPIST-1e,31.0,False,0.0,0.0,0.0,0.0,0.0,False,B,59,P
Europa,True,TRAPPIST-1e,28.0,False,0.0,0.0,0.0,0.0,0.0,True,,,
Europa,False,TRAPPIST-1e,50.0,False,0.0,1663.0,336.0,1855.0,4.0,False,A,79,S
Mars,True,TRAPPIST-1e,26.0,False,0.0,0.0,0.0,0.0,0.0,True,F,326,S
Earth,False,TRAPPIST-1e,47.0,False,0.0,306.0,84.0,499.0,0.0,False,G,163,S
Earth,False,TRAPPIST-1e,38.0,False,35.0,0.0,0.0,0.0,713.0,False,F,285,S
Mars,True,TRAPPIST-1e,27.0,False,0.0,0.0,0.0,0.0,0.0,False,E,457,S
Europa,False,TRAPPIST-1e,36.0,False,0.0,1013.0,1.0,16.0,2825.0,False,B,148,P
,False,TRAPPIST-1e,74.0,False,853.0,0.0,543.0,31.0,0.0,True,F,189,P
Earth,True,TRAPPIST-1e,14.0,False,0.0,0.0,0.0,0.0,0.0,True,G,1023,P
Earth,True,PSO J318.5-22,2.0,False,0.0,0.0,0.0,0.0,0.0,True,G,813,S
Mars,True,TRAPPIST-1e,1.0,False,0.0,0.0,0.0,0.0,0.0,True,F,1572,S
Earth,True,PSO J318.5-22,15.0,,0.0,0.0,0.0,0.0,0.0,False,G,488,S
Earth,False,TRAPPIST-1e,24.0,False,227.0,537.0,13.0,0.0,0.0,True,F,504,P
Earth,False,TRAPPIST-1e,28.0,False,145.0,8.0,557.0,0.0,74.0,True,G,414,P
Europa,False,TRAPPIST-1e,27.0,False,118.0,1769.0,4127.0,118.0,619.0,True,B,253,P
Europa,False,TRAPPIST-1e,40.0,False,0.0,382.0,0.0,1.0,3822.0,False,C,66,P
Earth,True,TRAPPIST-1e,16.0,False,0.0,0.0,0.0,0.0,0.0,False,G,1483,P
Earth,False,TRAPPIST-1e,22.0,False,89.0,0.0,795.0,0.0,3.0,True,G,1052,S
Earth,True,TRAPPIST-1e,54.0,False,0.0,0.0,0.0,0.0,0.0,True,,,
Mars,True,,19.0,False,0.0,0.0,0.0,0.0,0.0,True,F,10,P
Europa,False,55 Cancri e,40.0,False,0.0,3815.0,0.0,322.0,0.0,True,A,47,P
Mars,True,TRAPPIST-1e,28.0,False,0.0,0.0,0.0,0.0,0.0,True,F,1092,P
Europa,True,TRAPPIST-1e,35.0,False,0.0,0.0,0.0,0.0,0.0,True,B,47,P
Europa,False,TRAPPIST-1e,43.0,False,,1632.0,346.0,957.0,128.0,False,D,270,S
Earth,True,TRAPPIST-1e,0.0,False,0.0,0.0,0.0,0.0,0.0,False,G,1308,S
Europa,False,TRAPPIST-1e,65.0,False,0.0,722.0,302.0,103.0,2659.0,False,D,179,P
Mars,False,TRAPPIST-1e,38.0,False,86.0,1144.0,783.0,0.0,0.0,True,F,1702,P
Mars,True,TRAPPIST-1e,12.0,False,0.0,0.0,0.0,0.0,0.0,True,F,103,P
Earth,False,55 Cancri e,22.0,False,292.0,395.0,0.0,0.0,3.0,False,F,492,P
Earth,False,TRAPPIST-1e,22.0,False,8.0,710.0,0.0,27.0,0.0,True,F,368,P
Europa,False,55 Cancri e,41.0,False,0.0,5738.0,7.0,9038.0,28.0,False,B,34,P
Europa,False,TRAPPIST-1e,60.0,False,0.0,960.0,46.0,854.0,17074.0,False,C,254,S
Earth,True,TRAPPIST-1e,12.0,False,0.0,0.0,0.0,0.0,0.0,False,G,1429,S
Earth,False,TRAPPIST-1e,23.0,False,0.0,30.0,0.0,106.0,566.0,False,F,732,P
Europa,True,55 Cancri e,45.0,False,0.0,0.0,0.0,0.0,0.0,True,B,279,S
Earth,,TRAPPIST-1e,13.0,False,34.0,1.0,0.0,824.0,29.0,False,,,
Earth,,TRAPPIST-1e,17.0,False,0.0,604.0,0.0,0.0,218.0,False,F,541,P
Earth,False,TRAPPIST-1e,32.0,False,180.0,25.0,584.0,0.0,0.0,False,E,225,S
Earth,True,PSO J318.5-22,19.0,False,0.0,0.0,0.0,0.0,0.0,True,G,1156,P
Europa,True,55 Cancri e,25.0,,0.0,,0.0,0.0,0.0,True,A,7,S
Earth,False,55 Cancri e,0.0,False,0.0,0.0,0.0,0.0,0.0,True,G,740,S
Europa,False,55 Cancri e,33.0,True,9.0,1365.0,0.0,5577.0,1483.0,False,B,276,P
Mars,False,TRAPPIST-1e,18.0,False,49.0,0.0,2885.0,1.0,0.0,True,F,1392,S
Europa,False,TRAPPIST-1e,43.0,False,0.0,2801.0,537.0,42.0,144.0,True,C,52,P
Europa,True,55 Cancri e,25.0,False,0.0,0.0,0.0,0.0,0.0,True,C,137,S
Earth,False,TRAPPIST-1e,34.0,,10.0,4.0,1.0,0.0,791.0,True,F,1652,S
Earth,False,TRAPPIST-1e,20.0,,41.0,222.0,0.0,43.0,601.0,True,G,893,S
Earth,False,TRAPPIST-1e,23.0,False,1081.0,0.0,0.0,0.0,7.0,False,F,213,P
Earth,False,55 Cancri e,35.0,False,432.0,0.0,377.0,0.0,0.0,False,G,601,P
Earth,True,PSO J318.5-22,29.0,False,0.0,0.0,0.0,0.0,0.0,True,G,1126,S
Earth,False,TRAPPIST-1e,17.0,False,527.0,124.0,37.0,290.0,30.0,False,G,1258,S
Europa,True,TRAPPIST-1e,15.0,False,0.0,0.0,0.0,0.0,0.0,True,B,49,S
Europa,False,PSO J318.5-22,45.0,True,,49.0,0.0,4864.0,3902.0,False,,,
Earth,False,TRAPPIST-1e,13.0,False,2.0,1.0,30.0,,0.0,False,E,59,S
Europa,True,TRAPPIST-1e,29.0,False,0.0,0.0,0.0,0.0,0.0,True,B,293,P
Earth,,TRAPPIST-1e,24.0,False,0.0,0.0,,59.0,4120.0,False,G,385,P
Mars,False,TRAPPIST-1e,23.0,False,1773.0,0.0,78.0,0.0,3.0,False,F,461,S
Europa,False,55 Cancri e,27.0,False,0.0,12077.0,0.0,75.0,0.0,True,C,82,P
Earth,True,TRAPPIST-1e,15.0,False,0.0,0.0,0.0,0.0,0.0,True,G,1336,P
Mars,False,TRAPPIST-1e,13.0,False,21.0,0.0,1564.0,0.0,1.0,True,,,
Europa,False,TRAPPIST-1e,23.0,False,30.0,2237.0,1.0,49.0,52.0,True,D,239,P
Mars,False,55 Cancri e,56.0,False,412.0,492.0,9.0,117.0,33.0,True,D,137,S
Earth,False,TRAPPIST-1e,37.0,False,10.0,557.0,51.0,83.0,0.0,False,F,1707,S
Mars,True,TRAPPIST-1e,25.0,False,0.0,0.0,0.0,0.0,0.0,True,F,1701,P
Earth,False,TRAPPIST-1e,64.0,False,37.0,1585.0,234.0,0.0,18.0,True,G,1482,P
Earth,False,,40.0,False,862.0,0.0,0.0,0.0,59.0,False,F,1317,S
Mars,False,TRAPPIST-1e,41.0,False,112.0,186.0,228.0,760.0,0.0,False,F,279,S
Earth,True,TRAPPIST-1e,37.0,False,0.0,0.0,0.0,0.0,0.0,False,G,240,S
Europa,True,55 Cancri e,15.0,False,0.0,0.0,0.0,0.0,0.0,True,B,82,S
Earth,False,PSO J318.5-22,23.0,False,381.0,0.0,137.0,104.0,8.0,False,F,706,P
Mars,False,TRAPPIST-1e,29.0,False,216.0,10.0,611.0,594.0,0.0,False,F,412,S
Europa,True,TRAPPIST-1e,48.0,False,0.0,0.0,0.0,0.0,0.0,True,B,128,P
Earth,False,TRAPPIST-1e,24.0,False,0.0,0.0,643.0,167.0,0.0,True,G,1219,S
Mars,False,TRAPPIST-1e,40.0,False,7.0,0.0,6.0,1206.0,88.0,False,F,1118,S
Europa,True,TRAPPIST-1e,16.0,False,0.0,0.0,0.0,0.0,0.0,True,B,131,S
Earth,False,55 Cancri e,27.0,False,0.0,1283.0,0.0,2256.0,0.0,False,G,1369,P
Earth,False,TRAPPIST-1e,21.0,False,965.0,0.0,23.0,3.0,0.0,False,E,102,S
Earth,False,TRAPPIST-1e,42.0,False,0.0,0.0,750.0,0.0,156.0,False,E,33,P
Mars,False,TRAPPIST-1e,25.0,True,854.0,0.0,319.0,0.0,0.0,False,E,169,S
Earth,True,PSO J318.5-22,24.0,False,0.0,0.0,0.0,0.0,0.0,False,G,804,P
Earth,False,TRAPPIST-1e,21.0,False,196.0,5.0,674.0,12.0,20.0,False,G,574,P
Earth,True,TRAPPIST-1e,21.0,False,0.0,0.0,0.0,0.0,0.0,True,E,503,P
Earth,False,TRAPPIST-1e,42.0,False,439.0,0.0,0.0,0.0,254.0,False,F,1194,P
Europa,True,55 Cancri e,15.0,False,0.0,0.0,0.0,0.0,0.0,True,C,251,S
Mars,True,TRAPPIST-1e,,False,0.0,0.0,0.0,0.0,,True,F,1426,S
Earth,False,TRAPPIST-1e,18.0,False,0.0,1.0,0.0,618.0,21.0,True,E,593,S
Europa,False,55 Cancri e,34.0,False,22.0,6073.0,0.0,1438.0,328.0,False,C,0,P
Earth,False,55 Cancri e,59.0,False,460.0,139.0,0.0,1.0,0.0,False,F,997,P
Mars,False,TRAPPIST-1e,33.0,False,25.0,0.0,1376.0,604.0,0.0,False,F,782,P
Mars,True,TRAPPIST-1e,,False,0.0,0.0,0.0,0.0,0.0,True,D,173,S
Earth,True,TRAPPIST-1e,2.0,False,0.0,0.0,0.0,0.0,0.0,False,G,317,S
Earth,True,PSO J318.5-22,27.0,False,0.0,0.0,0.0,0.0,0.0,True,G,1410,P
Earth,True,PSO J318.5-22,19.0,False,0.0,0.0,0.0,0.0,0.0,False,G,679,S
Earth,False,,21.0,,641.0,0.0,409.0,0.0,0.0,False,F,895,P
Earth,False,TRAPPIST-1e,24.0,False,0.0,591.0,0.0,0.0,1560.0,False,F,852,S
Europa,True,55 Cancri e,24.0,False,0.0,0.0,0.0,0.0,0.0,True,C,319,S
Earth,False,TRAPPIST-1e,26.0,False,0.0,652.0,97.0,43.0,0.0,True,E,490,P
Earth,False,TRAPPIST-1e,38.0,False,190.0,1.0,616.0,0.0,,True,G,1116,S
Earth,True,TRAPPIST-1e,23.0,False,0.0,0.0,0.0,,0.0,True,G,1014,S
Earth,False,TRAPPIST-1e,21.0,False,0.0,5.0,0.0,687.0,10.0,False,F,1737,P
Mars,False,TRAPPIST-1e,29.0,False,528.0,271.0,99.0,0.0,130.0,False,E,62,P
Europa,False,TRAPPIST-1e,36.0,False,0.0,0.0,0.0,4507.0,5689.0,False,E,46,S
Mars,True,TRAPPIST-1e,25.0,False,0.0,0.0,0.0,0.0,0.0,True,F,862,S
Earth,True,PSO J318.5-22,28.0,False,0.0,0.0,0.0,0.0,0.0,False,G,1001,P
Mars,False,TRAPPIST-1e,23.0,False,1533.0,0.0,858.0,297.0,0.0,False,F,1330,P
Earth,False,TRAPPIST-1e,14.0,False,5.0,0.0,479.0,297.0,9.0,False,E,410,S
Earth,False,TRAPPIST-1e,22.0,False,34.0,0.0,0.0,711.0,0.0,False,F,1857,P
Earth,False,55 Cancri e,10.0,False,0.0,0.0,0.0,0.0,0.0,False,G,178,S
Europa,True,55 Cancri e,38.0,False,0.0,0.0,0.0,0.0,0.0,True,A,23,P
Mars,True,TRAPPIST-1e,11.0,False,0.0,0.0,0.0,0.0,0.0,True,F,191,P
Europa,True,55 Cancri e,45.0,False,0.0,0.0,0.0,0.0,,True,,,
Earth,False,55 Cancri e,32.0,False,58.0,317.0,448.0,3.0,0.0,True,E,56,P
Earth,False,TRAPPIST-1e,35.0,False,147.0,188.0,0.0,10.0,387.0,False,F,45,P
Earth,False,TRAPPIST-1e,64.0,False,0.0,0.0,804.0,0.0,0.0,True,F,23,P
Earth,False,PSO J318.5-22,16.0,,0.0,0.0,761.0,0.0,0.0,False,F,1858,P
Earth,False,TRAPPIST-1e,17.0,False,0.0,150.0,166.0,570.0,0.0,True,G,880,S
Earth,False,PSO J318.5-22,17.0,False,8.0,911.0,0.0,0.0,0.0,True,F,411,P
Earth,True,TRAPPIST-1e,30.0,False,0.0,0.0,0.0,0.0,0.0,True,E,322,P
Europa,False,TRAPPIST-1e,35.0,False,0.0,747.0,0.0,0.0,2478.0,False,C,271,P
Earth,True,TRAPPIST-1e,11.0,False,0.0,0.0,0.0,0.0,0.0,True,G,894,S
Earth,False,PSO J318.5-22,7.0,False,0.0,0.0,0.0,0.0,0.0,True,G,1267,P
Europa,False,55 Cancri e,29.0,False,0.0,433.0,4899.0,393.0,260.0,True,C,66,P
Earth,False,TRAPPIST-1e,26.0,False,0.0,0.0,1.0,0.0,398.0,True,G,1120,S
Earth,False,TRAPPIST-1e,56.0,False,0.0,4.0,778.0,0.0,0.0,True,G,890,S
Earth,False,TRAPPIST-1e,52.0,False,0.0,559.0,0.0,0.0,0.0,True,F,801,S
Earth,False,TRAPPIST-1e,18.0,False,751.0,0.0,0.0,0.0,0.0,False,G,122,S
Earth,False,TRAPPIST-1e,23.0,False,234.0,1.0,551.0,0.0,1.0,False,E,35,P
Europa,False,55 Cancri e,29.0,False,80.0,3707.0,0.0,1465.0,1320.0,False,B,291,P
Earth,False,TRAPPIST-1e,34.0,False,0.0,11.0,610.0,591.0,769.0,True,F,1138,S
Earth,False,TRAPPIST-1e,24.0,False,173.0,0.0,14.0,0.0,603.0,False,E,198,S
Europa,True,55 Cancri e,30.0,False,0.0,0.0,0.0,0.0,0.0,True,C,123,P
Earth,False,TRAPPIST-1e,47.0,False,0.0,868.0,0.0,4.0,,True,G,937,S
Mars,False,TRAPPIST-1e,29.0,False,1290.0,0.0,6.0,1.0,0.0,False,E,412,P
Mars,False,TRAPPIST-1e,21.0,False,21.0,0.0,874.0,226.0,0.0,True,F,1495,P
Earth,False,TRAPPIST-1e,58.0,False,0.0,0.0,0.0,0.0,717.0,False,F,387,P
,True,PSO J318.5-22,23.0,False,0.0,0.0,0.0,0.0,0.0,True,G,447,S
Earth,True,TRAPPIST-1e,25.0,False,0.0,0.0,0.0,0.0,0.0,False,G,1339,P
Europa,False,55 Cancri e,28.0,False,0.0,11330.0,72.0,43.0,461.0,True,B,48,S
Europa,True,TRAPPIST-1e,32.0,False,0.0,0.0,0.0,0.0,0.0,True,D,208,S
Mars,True,TRAPPIST-1e,72.0,False,,0.0,0.0,0.0,0.0,True,F,646,S
Mars,False,TRAPPIST-1e,32.0,False,1016.0,0.0,307.0,5.0,,True,F,942,S
Earth,True,PSO J318.5-22,20.0,False,0.0,0.0,0.0,0.0,0.0,True,G,919,P
Earth,False,TRAPPIST-1e,,False,72.0,914.0,0.0,0.0,7.0,True,E,386,S
Earth,False,TRAPPIST-1e,26.0,False,42.0,65.0,895.0,407.0,0.0,True,F,845,S
Europa,False,55 Cancri e,25.0,False,698.0,4978.0,0.0,146.0,0.0,True,D,277,P
Earth,True,TRAPPIST-1e,18.0,False,0.0,0.0,0.0,0.0,0.0,True,G,841,S
Mars,True,TRAPPIST-1e,55.0,False,0.0,0.0,0.0,0.0,0.0,True,E,586,P
Mars,True,TRAPPIST-1e,,False,0.0,0.0,0.0,0.0,0.0,True,F,1268,P
Mars,False,TRAPPIST-1e,7.0,False,0.0,0.0,0.0,0.0,,True,F,1289,S
Earth,True,TRAPPIST-1e,26.0,False,0.0,0.0,0.0,0.0,0.0,False,G,273,S
Earth,False,TRAPPIST-1e,35.0,False,676.0,0.0,0.0,0.0,40.0,False,F,1528,S
Mars,False,TRAPPIST-1e,33.0,,1054.0,0.0,222.0,22.0,0.0,False,E,567,P
Earth,False,TRAPPIST-1e,19.0,False,0.0,5.0,4.0,541.0,238.0,False,E,149,P
Earth,False,TRAPPIST-1e,23.0,False,0.0,121.0,0.0,568.0,128.0,False,G,413,S
Europa,False,55 Cancri e,41.0,False,0.0,1616.0,0.0,758.0,400.0,True,A,80,P
Mars,False,TRAPPIST-1e,22.0,False,0.0,0.0,0.0,0.0,0.0,False,E,174,P
Mars,False,55 Cancri e,28.0,False,427.0,0.0,754.0,0.0,0.0,True,D,140,S
Europa,True,TRAPPIST-1e,28.0,False,,0.0,0.0,0.0,0.0,True,B,133,P
Europa,False,55 Cancri e,54.0,False,0.0,1832.0,0.0,0.0,1768.0,False,C,137,P
Earth,True,PSO J318.5-22,61.0,False,0.0,0.0,0.0,0.0,0.0,True,G,467,P
Earth,True,TRAPPIST-1e,24.0,False,0.0,0.0,,0.0,0.0,True,G,1086,S
Europa,True,55 Cancri e,44.0,False,0.0,0.0,0.0,0.0,0.0,True,C,227,S
Earth,True,TRAPPIST-1e,10.0,False,0.0,0.0,0.0,0.0,0.0,True,G,1345,P
Mars,False,TRAPPIST-1e,36.0,False,32.0,355.0,1826.0,9.0,0.0,True,F,1574,P
Earth,False,TRAPPIST-1e,8.0,False,0.0,0.0,0.0,0.0,0.0,False,G,987,P
Mars,False,TRAPPIST-1e,24.0,False,555.0,0.0,618.0,0.0,0.0,False,E,381,P
Europa,True,TRAPPIST-1e,35.0,False,0.0,0.0,0.0,0.0,0.0,True,B,3,S
Mars,True,TRAPPIST-1e,27.0,False,0.0,0.0,0.0,0.0,0.0,True,E,394,S
Earth,True,PSO J318.5-22,35.0,False,0.0,0.0,0.0,0.0,0.0,True,,,
Earth,False,TRAPPIST-1e,19.0,False,,9.0,0.0,0.0,1.0,False,F,324,P
Europa,False,TRAPPIST-1e,17.0,False,0.0,366.0,23492.0,356.0,3.0,True,B,291,P
Earth,False,TRAPPIST-1e,11.0,False,0.0,0.0,0.0,0.0,,False,G,734,S
Mars,False,55 Cancri e,28.0,False,809.0,0.0,31.0,733.0,0.0,False,F,731,P
Earth,False,55 Cancri e,36.0,False,286.0,415.0,16.0,0.0,0.0,False,F,258,P
Mars,True,TRAPPIST-1e,21.0,False,0.0,,0.0,0.0,0.0,True,D,80,S
Europa,False,TRAPPIST-1e,42.0,False,0.0,1330.0,0.0,2711.0,691.0,False,E,306,P
Earth,False,TRAPPIST-1e,9.0,False,0.0,0.0,,0.0,0.0,True,G,1284,P
Europa,False,TRAPPIST-1e,23.0,False,3580.0,564.0,103.0,,90.0,False,B,284,S
Earth,False,TRAPPIST-1e,30.0,False,0.0,10.0,0.0,3840.0,329.0,False,G,693,P
Mars,True,TRAPPIST-1e,22.0,False,0.0,0.0,0.0,0.0,0.0,True,F,1667,S
Earth,False,TRAPPIST-1e,31.0,False,0.0,0.0,0.0,675.0,213.0,False,G,155,P
Earth,False,TRAPPIST-1e,2.0,,0.0,0.0,0.0,0.0,0.0,False,G,757,P
Europa,,55 Cancri e,18.0,False,0.0,16263.0,72.0,0.0,15.0,True,C,71,S
Earth,True,TRAPPIST-1e,31.0,False,0.0,0.0,0.0,0.0,0.0,False,G,133,S
Mars,True,TRAPPIST-1e,1.0,False,0.0,0.0,0.0,0.0,0.0,True,F,187,S
Mars,False,TRAPPIST-1e,32.0,False,689.0,0.0,610.0,0.0,0.0,False,E,285,S
Mars,False,55 Cancri e,18.0,False,1874.0,0.0,260.0,0.0,0.0,False,E,184,S
Mars,False,TRAPPIST-1e,37.0,False,237.0,2.0,708.0,0.0,0.0,True,E,39,P
Earth,True,TRAPPIST-1e,26.0,False,0.0,0.0,0.0,0.0,0.0,True,G,1273,P
Earth,True,TRAPPIST-1e,22.0,False,0.0,0.0,0.0,0.0,0.0,True,G,934,S
Europa,False,TRAPPIST-1e,49.0,False,31.0,2727.0,0.0,184.0,135.0,True,D,35,S
Earth,False,TRAPPIST-1e,43.0,False,0.0,16.0,34.0,753.0,1.0,False,F,619,S
Earth,False,TRAPPIST-1e,19.0,False,17.0,0.0,784.0,0.0,2.0,True,,,
Earth,False,PSO J318.5-22,55.0,,98.0,46.0,0.0,743.0,0.0,True,F,229,P
Earth,False,TRAPPIST-1e,29.0,False,37.0,0.0,644.0,0.0,177.0,True,E,518,S
Mars,True,TRAPPIST-1e,26.0,False,0.0,0.0,0.0,0.0,0.0,True,,,
Europa,True,TRAPPIST-1e,41.0,False,0.0,0.0,0.0,0.0,0.0,True,B,109,P
Earth,True,TRAPPIST-1e,2.0,False,0.0,0.0,0.0,0.0,0.0,True,G,1460,S
Earth,False,TRAPPIST-1e,28.0,False,1.0,1484.0,210.0,0.0,5.0,True,G,1409,S
Mars,False,TRAPPIST-1e,40.0,False,286.0,0.0,2299.0,12.0,,True,F,1024,S
Earth,False,,36.0,False,0.0,129.0,0.0,177.0,444.0,False,F,1382,S
Europa,False,TRAPPIST-1e,28.0,False,80.0,828.0,0.0,4494.0,4269.0,False,B,120,P
Mars,False,TRAPPIST-1e,40.0,False,2081.0,1.0,0.0,0.0,25.0,False,E,437,S
Europa,False,TRAPPIST-1e,48.0,False,0.0,8403.0,0.0,7627.0,83.0,False,B,96,P
Earth,False,TRAPPIST-1e,21.0,False,0.0,0.0,0.0,0.0,791.0,False,E,74,S
Europa,False,,57.0,False,0.0,412.0,0.0,5491.0,234.0,False,D,246,P
Earth,False,PSO J318.5-22,18.0,False,0.0,0.0,15.0,570.0,84.0,False,F,1677,P
Europa,True,55 Cancri e,41.0,False,0.0,0.0,0.0,0.0,0.0,True,C,239,P
Mars,False,TRAPPIST-1e,32.0,False,73.0,0.0,1123.0,0.0,113.0,True,F,1,P
Mars,False,TRAPPIST-1e,30.0,False,,0.0,0.0,679.0,0.0,False,E,71,P
Earth,False,TRAPPIST-1e,3.0,False,0.0,0.0,0.0,0.0,0.0,True,G,1135,P
Europa,False,TRAPPIST-1e,34.0,False,0.0,6229.0,0.0,2279.0,587.0,True,C,127,S
Earth,False,TRAPPIST-1e,44.0,False,69.0,0.0,17.0,176.0,2105.0,False,G,928,S
Earth,True,TRAPPIST-1e,15.0,False,0.0,0.0,0.0,0.0,0.0,False,G,458,S
Earth,False,TRAPPIST-1e,30.0,False,3.0,0.0,880.0,0.0,40.0,False,F,484,P
Europa,False,TRAPPIST-1e,23.0,False,3.0,343.0,0.0,4280.0,0.0,False,E,262,P
Europa,False,TRAPPIST-1e,37.0,False,33.0,3484.0,17.0,4.0,1384.0,True,C,157,S
Earth,False,TRAPPIST-1e,16.0,False,23.0,479.0,0.0,0.0,373.0,False,F,1492,P
Earth,False,TRAPPIST-1e,28.0,False,0.0,508.0,334.0,0.0,46.0,True,G,216,P
Europa,False,TRAPPIST-1e,71.0,True,0.0,0.0,0.0,0.0,0.0,True,B,29,S
Earth,False,TRAPPIST-1e,35.0,False,0.0,0.0,0.0,684.0,0.0,False,F,1772,S
Mars,True,TRAPPIST-1e,76.0,False,0.0,0.0,0.0,0.0,0.0,True,D,278,P
Earth,True,TRAPPIST-1e,35.0,False,0.0,0.0,0.0,0.0,0.0,False,G,539,S
Earth,False,TRAPPIST-1e,30.0,False,0.0,0.0,3.0,3434.0,0.0,False,F,948,P
Mars,True,TRAPPIST-1e,6.0,False,0.0,0.0,0.0,0.0,0.0,True,F,972,P
Earth,False,TRAPPIST-1e,19.0,False,4.0,10.0,0.0,1178.0,428.0,False,E,28,P
Earth,False,TRAPPIST-1e,19.0,False,0.0,312.0,2.0,76.0,418.0,False,G,615,S
Europa,False,55 Cancri e,44.0,False,0.0,280.0,112.0,0.0,9244.0,False,B,146,S
Mars,False,TRAPPIST-1e,0.0,False,0.0,0.0,0.0,0.0,0.0,True,F,145,P
Earth,False,TRAPPIST-1e,21.0,,366.0,1136.0,795.0,132.0,0.0,False,F,549,P
Earth,,TRAPPIST-1e,2.0,False,0.0,0.0,0.0,0.0,0.0,True,G,12,P
Earth,False,TRAPPIST-1e,63.0,False,0.0,742.0,0.0,125.0,3.0,False,F,1468,P
Earth,False,55 Cancri e,23.0,False,602.0,0.0,0.0,0.0,24.0,False,G,1165,S
Mars,False,55 Cancri e,27.0,False,1331.0,0.0,0.0,0.0,0.0,False,F,1218,P
Mars,True,TRAPPIST-1e,40.0,False,0.0,0.0,0.0,0.0,0.0,True,F,1695,P
Earth,False,TRAPPIST-1e,22.0,False,0.0,0.0,859.0,62.0,0.0,False,F,1224,P
Europa,False,,41.0,True,0.0,7964.0,0.0,3238.0,5839.0,False,C,308,P
Europa,False,55 Cancri e,30.0,False,0.0,4066.0,0.0,544.0,1272.0,False,C,150,P
Earth,False,TRAPPIST-1e,30.0,False,477.0,0.0,8.0,0.0,323.0,True,G,977,S
Mars,False,TRAPPIST-1e,31.0,False,691.0,3.0,68.0,286.0,0.0,False,E,204,S
Earth,False,TRAPPIST-1e,25.0,False,106.0,46.0,,0.0,843.0,False,E,207,P
Earth,False,TRAPPIST-1e,16.0,False,0.0,11.0,0.0,8.0,827.0,False,G,1274,P
Earth,True,55 Cancri e,19.0,False,0.0,0.0,0.0,0.0,0.0,False,G,1328,S
Earth,True,TRAPPIST-1e,14.0,False,0.0,0.0,0.0,0.0,0.0,True,G,1136,P
Europa,False,55 Cancri e,35.0,False,54.0,493.0,12.0,6691.0,253.0,False,C,194,S
Europa,True,TRAPPIST-1e,47.0,False,0.0,0.0,0.0,0.0,0.0,True,D,140,P
Mars,False,,33.0,False,1373.0,0.0,23.0,920.0,6.0,True,D,203,S
Mars,False,TRAPPIST-1e,26.0,False,912.0,0.0,43.0,0.0,0.0,False,E,206,S
Mars,True,TRAPPIST-1e,,False,0.0,0.0,0.0,0.0,0.0,True,F,796,P
Earth,True,,23.0,False,0.0,0.0,0.0,0.0,0.0,True,G,91,P
Europa,False,PSO J318.5-22,25.0,True,0.0,7069.0,0.0,45.0,282.0,True,A,16,S
Earth,False,TRAPPIST-1e,48.0,False,456.0,0.0,39.0,0.0,5.0,True,G,862,P
Europa,False,TRAPPIST-1e,41.0,False,4.0,4619.0,0.0,251.0,213.0,True,B,167,P
Europa,True,TRAPPIST-1e,35.0,False,0.0,0.0,0.0,0.0,0.0,True,B,190,P
Earth,True,55 Cancri e,22.0,False,0.0,0.0,0.0,0.0,0.0,True,G,882,P
Earth,False,TRAPPIST-1e,24.0,False,0.0,117.0,2134.0,0.0,0.0,True,F,1078,S
Europa,True,55 Cancri e,27.0,False,0.0,0.0,0.0,0.0,0.0,True,B,102,S
Europa,False,55 Cancri e,45.0,False,5.0,17901.0,0.0,79.0,281.0,True,A,97,S
Mars,True,,24.0,False,0.0,0.0,0.0,0.0,0.0,True,F,357,S
Earth,False,TRAPPIST-1e,51.0,False,214.0,3.0,16.0,569.0,0.0,False,F,559,S
Mars,False,TRAPPIST-1e,26.0,True,714.0,450.0,208.0,0.0,44.0,False,F,334,P
Europa,False,TRAPPIST-1e,38.0,False,0.0,952.0,0.0,0.0,1790.0,False,B,110,P
Europa,True,55 Cancri e,28.0,False,0.0,0.0,0.0,0.0,0.0,True,A,106,S
Earth,False,TRAPPIST-1e,30.0,False,854.0,0.0,30.0,0.0,0.0,False,G,386,S
Europa,False,TRAPPIST-1e,24.0,False,0.0,2628.0,,170.0,0.0,True,B,9,S
Earth,False,55 Cancri e,25.0,False,0.0,0.0,1.0,735.0,25.0,False,F,356,S
Earth,True,TRAPPIST-1e,26.0,False,0.0,0.0,0.0,0.0,0.0,True,G,992,S
Mars,True,TRAPPIST-1e,37.0,False,0.0,0.0,0.0,0.0,0.0,False,E,553,P
Mars,True,TRAPPIST-1e,33.0,False,0.0,0.0,0.0,0.0,0.0,True,F,760,S
Europa,False,TRAPPIST-1e,26.0,False,0.0,0.0,0.0,0.0,0.0,False,B,122,P
Mars,False,TRAPPIST-1e,19.0,False,2006.0,0.0,,0.0,0.0,True,D,193,P
,False,,52.0,False,0.0,645.0,0.0,0.0,395.0,True,F,1146,S
Earth,False,,19.0,False,546.0,11.0,0.0,325.0,218.0,False,F,1206,P
Earth,False,TRAPPIST-1e,68.0,False,0.0,286.0,0.0,1739.0,13.0,False,F,407,P
Earth,True,55 Cancri e,35.0,False,0.0,0.0,0.0,0.0,0.0,True,G,920,S
Europa,False,TRAPPIST-1e,25.0,False,1586.0,2342.0,947.0,1.0,276.0,True,E,191,P
Mars,True,55 Cancri e,31.0,False,0.0,0.0,0.0,,0.0,False,E,107,P
Europa,True,55 Cancri e,44.0,False,0.0,0.0,0.0,0.0,0.0,True,B,306,S
Earth,True,PSO J318.5-22,2.0,False,0.0,0.0,0.0,0.0,0.0,False,G,1020,P
Europa,False,TRAPPIST-1e,41.0,False,0.0,184.0,0.0,1520.0,3358.0,False,C,54,S
Earth,False,TRAPPIST-1e,1.0,False,0.0,0.0,0.0,0.0,0.0,True,G,574,P
Earth,False,TRAPPIST-1e,22.0,False,7.0,61.0,110.0,708.0,0.0,False,G,662,S
Mars,False,TRAPPIST-1e,4.0,False,0.0,0.0,0.0,0.0,0.0,True,F,1050,P
Earth,False,PSO J318.5-22,2.0,False,,0.0,0.0,0.0,0.0,False,G,469,S
,True,TRAPPIST-1e,38.0,False,0.0,0.0,0.0,0.0,0.0,True,F,218,P
Earth,False,TRAPPIST-1e,22.0,False,668.0,79.0,0.0,0.0,1.0,False,F,1661,P
Mars,True,TRAPPIST-1e,38.0,False,0.0,0.0,0.0,0.0,0.0,True,F,121,S
Earth,False,TRAPPIST-1e,57.0,False,685.0,,0.0,0.0,,False,G,877,S
Earth,True,TRAPPIST-1e,29.0,False,0.0,0.0,0.0,0.0,0.0,True,G,514,P
Mars,False,TRAPPIST-1e,22.0,,0.0,0.0,0.0,0.0,0.0,True,E,145,P
Europa,True,TRAPPIST-1e,13.0,False,,0.0,0.0,0.0,0.0,True,B,204,S
Earth,False,TRAPPIST-1e,29.0,False,286.0,545.0,,0.0,0.0,True,F,1083,S
Earth,True,55 Cancri e,28.0,False,0.0,0.0,0.0,0.0,0.0,True,G,908,S
Mars,True,TRAPPIST-1e,62.0,False,0.0,0.0,0.0,0.0,0.0,True,F,674,P
Europa,True,TRAPPIST-1e,17.0,False,0.0,0.0,0.0,0.0,0.0,True,B,201,P
Europa,True,55 Cancri e,27.0,False,0.0,0.0,0.0,0.0,0.0,True,C,79,P
Mars,True,TRAPPIST-1e,18.0,False,0.0,0.0,0.0,0.0,0.0,True,F,1440,S
Earth,True,TRAPPIST-1e,1.0,False,0.0,0.0,0.0,0.0,0.0,True,,,
Earth,False,TRAPPIST-1e,24.0,False,2.0,0.0,0.0,52.0,638.0,False,F,1372,P
Mars,False,TRAPPIST-1e,,False,743.0,378.0,8.0,0.0,0.0,False,F,1109,P
Earth,False,TRAPPIST-1e,41.0,False,0.0,82.0,3.0,0.0,718.0,False,F,313,S
Mars,False,TRAPPIST-1e,43.0,False,1054.0,109.0,576.0,645.0,0.0,False,D,257,P
Earth,False,TRAPPIST-1e,34.0,False,233.0,0.0,0.0,1054.0,156.0,False,F,1180,P
Earth,False,PSO J318.5-22,22.0,False,0.0,837.0,192.0,0.0,,False,F,573,P
Earth,True,,27.0,False,0.0,0.0,0.0,0.0,0.0,True,G,1239,S
Mars,False,TRAPPIST-1e,46.0,False,1290.0,0.0,57.0,0.0,0.0,False,F,475,P
Earth,False,TRAPPIST-1e,37.0,False,503.0,0.0,26.0,0.0,116.0,False,F,708,P
Earth,True,TRAPPIST-1e,14.0,False,0.0,0.0,0.0,0.0,0.0,True,G,111,S
Earth,True,TRAPPIST-1e,22.0,False,0.0,0.0,0.0,0.0,0.0,False,G,193,P
Europa,True,55 Cancri e,60.0,False,0.0,0.0,0.0,0.0,0.0,True,D,234,S
Earth,True,TRAPPIST-1e,14.0,False,0.0,0.0,0.0,0.0,,True,G,881,P
Earth,False,PSO J318.5-22,24.0,False,0.0,0.0,604.0,0.0,91.0,True,F,1645,P
Earth,True,PSO J318.5-22,24.0,False,0.0,0.0,0.0,0.0,0.0,True,G,200,S
Europa,False,TRAPPIST-1e,42.0,False,0.0,1829.0,2.0,3133.0,2447.0,False,T,1,P
Earth,True,PSO J318.5-22,28.0,False,0.0,0.0,0.0,0.0,0.0,True,G,1427,P
Earth,False,55 Cancri e,38.0,False,0.0,717.0,0.0,0.0,0.0,False,F,409,S
Earth,False,TRAPPIST-1e,22.0,False,712.0,6.0,70.0,0.0,0.0,False,E,447,P
Earth,False,PSO J318.5-22,27.0,False,182.0,0.0,0.0,0.0,376.0,False,F,199,S
Mars,True,TRAPPIST-1e,24.0,False,0.0,0.0,0.0,,0.0,True,F,709,S
,False,TRAPPIST-1e,39.0,False,0.0,2344.0,0.0,65.0,6898.0,False,A,0,P
Mars,True,TRAPPIST-1e,4.0,False,0.0,0.0,0.0,0.0,0.0,True,F,1587,S
Europa,True,55 Cancri e,,False,0.0,0.0,0.0,0.0,0.0,False,A,22,P
Earth,False,PSO J318.5-22,42.0,False,51.0,6.0,87.0,21.0,404.0,False,F,1679,S
Earth,True,55 Cancri e,37.0,False,0.0,0.0,0.0,0.0,0.0,True,G,1140,P
Earth,False,TRAPPIST-1e,22.0,False,142.0,1307.0,0.0,0.0,0.0,False,F,1140,P
Earth,False,TRAPPIST-1e,24.0,False,590.0,0.0,1.0,168.0,16.0,False,F,1467,P
Earth,False,55 Cancri e,6.0,False,0.0,0.0,0.0,0.0,0.0,False,G,435,S
Mars,True,PSO J318.5-22,45.0,,0.0,0.0,0.0,0.0,0.0,True,E,486,P
Earth,False,TRAPPIST-1e,23.0,False,59.0,0.0,0.0,681.0,0.0,False,F,111,P
Mars,True,TRAPPIST-1e,37.0,False,0.0,0.0,0.0,0.0,0.0,True,F,1102,P
Earth,False,TRAPPIST-1e,46.0,False,819.0,31.0,0.0,49.0,2.0,False,F,1019,P
Earth,False,TRAPPIST-1e,31.0,False,1633.0,4.0,49.0,6.0,0.0,False,,,
Earth,False,TRAPPIST-1e,22.0,False,0.0,824.0,0.0,0.0,411.0,False,F,1112,P
Europa,False,TRAPPIST-1e,36.0,False,1.0,5234.0,343.0,277.0,12682.0,False,C,171,S
Earth,True,TRAPPIST-1e,10.0,False,0.0,0.0,0.0,0.0,0.0,False,,,
Europa,False,TRAPPIST-1e,37.0,False,300.0,3434.0,0.0,1.0,171.0,True,C,264,S
Mars,True,TRAPPIST-1e,54.0,False,0.0,0.0,0.0,0.0,0.0,True,F,1453,S
Earth,False,55 Cancri e,22.0,False,35.0,0.0,36.0,581.0,0.0,False,F,642,P
Earth,False,TRAPPIST-1e,24.0,False,0.0,217.0,0.0,77.0,510.0,False,F,1185,P
Earth,False,TRAPPIST-1e,68.0,False,0.0,0.0,649.0,0.0,239.0,True,G,1089,S
Europa,False,TRAPPIST-1e,,False,0.0,27.0,0.0,3573.0,3643.0,False,C,85,P
Europa,False,55 Cancri e,26.0,False,1.0,1269.0,4790.0,270.0,5116.0,False,C,135,P
Earth,,TRAPPIST-1e,23.0,False,0.0,0.0,0.0,0.0,0.0,True,G,1095,S
Earth,False,55 Cancri e,0.0,False,0.0,0.0,0.0,0.0,0.0,True,G,56,S
Europa,False,55 Cancri e,40.0,False,0.0,3338.0,0.0,6344.0,199.0,False,B,196,P
Mars,False,TRAPPIST-1e,32.0,False,1087.0,0.0,71.0,0.0,0.0,False,F,591,S
Earth,False,TRAPPIST-1e,48.0,False,0.0,0.0,790.0,2368.0,1292.0,False,G,954,P
Mars,True,55 Cancri e,45.0,False,0.0,0.0,0.0,0.0,0.0,True,F,1050,S
Earth,False,TRAPPIST-1e,24.0,False,0.0,0.0,21.0,0.0,695.0,False,,,
Earth,False,TRAPPIST-1e,19.0,False,0.0,0.0,366.0,268.0,0.0,False,F,582,P
Mars,True,TRAPPIST-1e,18.0,False,0.0,0.0,0.0,0.0,0.0,True,F,1377,S
Mars,True,55 Cancri e,64.0,False,0.0,0.0,0.0,0.0,0.0,True,F,237,P
Europa,True,TRAPPIST-1e,16.0,False,,0.0,0.0,0.0,0.0,True,B,113,S
Earth,False,TRAPPIST-1e,18.0,False,0.0,44.0,0.0,795.0,69.0,False,G,1331,S
Europa,False,TRAPPIST-1e,33.0,False,443.0,317.0,0.0,148.0,1260.0,False,C,14,S
Earth,False,TRAPPIST-1e,43.0,False,0.0,0.0,870.0,0.0,14.0,True,G,277,S
Mars,,TRAPPIST-1e,11.0,False,0.0,0.0,0.0,0.0,0.0,True,F,678,S
Earth,False,TRAPPIST-1e,53.0,False,0.0,1487.0,0.0,67.0,0.0,False,F,1741,S
Earth,False,TRAPPIST-1e,21.0,False,15.0,30.0,11.0,2.0,388.0,False,G,468,S
Mars,False,TRAPPIST-1e,31.0,False,49.0,322.0,977.0,0.0,0.0,True,F,1743,P
Earth,False,TRAPPIST-1e,38.0,False,0.0,709.0,39.0,62.0,0.0,True,G,1007,S
Earth,False,TRAPPIST-1e,30.0,False,1110.0,0.0,439.0,5.0,0.0,False,F,1533,P
Europa,True,TRAPPIST-1e,18.0,False,0.0,0.0,0.0,0.0,0.0,True,B,261,P
Europa,False,TRAPPIST-1e,38.0,False,0.0,93.0,0.0,0.0,7303.0,False,D,147,S
Earth,,TRAPPIST-1e,60.0,False,0.0,0.0,0.0,0.0,0.0,False,G,1276,P
Europa,True,55 Cancri e,,False,0.0,0.0,0.0,0.0,0.0,True,D,227,P
Earth,False,TRAPPIST-1e,23.0,False,177.0,0.0,7.0,0.0,448.0,False,F,401,S
Europa,False,55 Cancri e,46.0,False,0.0,3571.0,0.0,0.0,7.0,True,C,6,P
Mars,True,TRAPPIST-1e,2.0,False,0.0,0.0,0.0,0.0,0.0,True,F,16,P
Europa,False,TRAPPIST-1e,32.0,False,0.0,410.0,6.0,3929.0,764.0,False,,,
Europa,False,TRAPPIST-1e,27.0,False,2664.0,15.0,0.0,109.0,2.0,False,A,82,S
Europa,True,55 Cancri e,48.0,False,0.0,0.0,0.0,0.0,0.0,True,B,158,S
Earth,False,TRAPPIST-1e,23.0,False,1616.0,0.0,1.0,0.0,2.0,False,E,250,P
Earth,False,TRAPPIST-1e,22.0,False,0.0,3.0,486.0,0.0,228.0,True,E,272,P
Europa,True,55 Cancri e,23.0,False,0.0,0.0,0.0,0.0,0.0,True,D,56,P
Europa,False,TRAPPIST-1e,35.0,False,345.0,4514.0,0.0,0.0,421.0,True,C,246,S
Europa,True,TRAPPIST-1e,34.0,False,0.0,0.0,0.0,0.0,0.0,True,C,75,P
Earth,True,TRAPPIST-1e,33.0,False,0.0,0.0,0.0,0.0,0.0,False,G,1232,P
Earth,False,TRAPPIST-1e,23.0,False,0.0,1125.0,0.0,,993.0,False,F,875,S
Earth,True,PSO J318.5-22,16.0,False,0.0,0.0,0.0,0.0,0.0,True,G,877,P
Europa,False,TRAPPIST-1e,28.0,False,0.0,4780.0,1761.0,1.0,247.0,True,C,222,S
Earth,True,TRAPPIST-1e,0.0,False,,0.0,0.0,0.0,0.0,True,G,316,P
Earth,True,PSO J318.5-22,3.0,False,0.0,0.0,0.0,0.0,0.0,True,,,
Europa,False,TRAPPIST-1e,32.0,False,0.0,163.0,0.0,6953.0,50.0,False,C,235,P
Europa,True,55 Cancri e,23.0,False,0.0,0.0,0.0,0.0,0.0,True,B,269,S
Mars,False,TRAPPIST-1e,19.0,False,285.0,54.0,1246.0,102.0,0.0,False,F,326,S
Earth,False,PSO J318.5-22,59.0,False,400.0,0.0,126.0,0.0,158.0,True,F,759,S
Earth,False,55 Cancri e,13.0,False,0.0,7.0,0.0,339.0,359.0,False,F,136,P
Earth,True,,24.0,,0.0,0.0,0.0,0.0,0.0,False,G,1396,P
Europa,True,55 Cancri e,61.0,False,0.0,0.0,0.0,0.0,0.0,True,C,217,S
Europa,True,TRAPPIST-1e,26.0,False,0.0,0.0,0.0,0.0,0.0,True,B,47,S
Earth,False,TRAPPIST-1e,21.0,False,3.0,1.0,0.0,1494.0,110.0,False,,,
Earth,False,TRAPPIST-1e,33.0,False,0.0,0.0,154.0,22.0,820.0,False,E,171,P
Earth,False,55 Cancri e,51.0,False,6.0,0.0,706.0,0.0,0.0,True,F,1039,P
Earth,False,TRAPPIST-1e,24.0,False,0.0,80.0,106.0,344.0,0.0,False,G,1278,P
Earth,False,TRAPPIST-1e,24.0,False,0.0,0.0,807.0,0.0,2.0,False,G,1481,S
Europa,False,55 Cancri e,50.0,False,0.0,4558.0,0.0,1.0,267.0,True,B,144,P
Europa,True,TRAPPIST-1e,24.0,False,0.0,0.0,0.0,0.0,0.0,True,C,3,P
Mars,False,55 Cancri e,21.0,False,2237.0,0.0,119.0,0.0,0.0,False,E,13,S
Mars,True,TRAPPIST-1e,24.0,False,0.0,0.0,0.0,0.0,0.0,True,F,526,P
Mars,True,TRAPPIST-1e,35.0,False,0.0,,0.0,0.0,0.0,True,E,305,S
Earth,True,PSO J318.5-22,23.0,False,0.0,0.0,0.0,0.0,0.0,True,G,911,S
Earth,True,TRAPPIST-1e,44.0,False,0.0,0.0,0.0,0.0,0.0,False,G,130,P
Earth,False,TRAPPIST-1e,18.0,False,0.0,0.0,699.0,0.0,0.0,True,F,600,S
Earth,False,TRAPPIST-1e,17.0,False,0.0,0.0,1552.0,0.0,,False,F,1121,S
Mars,True,55 Cancri e,20.0,False,0.0,0.0,0.0,0.0,0.0,True,F,1767,P
Europa,True,TRAPPIST-1e,63.0,False,0.0,0.0,0.0,0.0,0.0,True,B,99,S
Europa,False,55 Cancri e,11.0,False,0.0,0.0,0.0,0.0,0.0,True,B,56,S
Earth,False,PSO J318.5-22,19.0,False,40.0,0.0,77.0,572.0,0.0,False,F,1417,S
Mars,True,55 Cancri e,0.0,False,0.0,0.0,0.0,0.0,0.0,True,F,1711,P
Earth,False,TRAPPIST-1e,28.0,False,0.0,7.0,6.0,0.0,482.0,False,G,1480,S
Mars,False,TRAPPIST-1e,23.0,False,2210.0,0.0,89.0,0.0,0.0,True,D,61,S
Earth,False,PSO J318.5-22,23.0,False,40.0,15.0,30.0,0.0,637.0,False,F,851,P
Earth,True,TRAPPIST-1e,12.0,False,0.0,0.0,0.0,0.0,0.0,False,G,1455,P
Earth,False,TRAPPIST-1e,22.0,False,0.0,0.0,0.0,19.0,785.0,False,F,983,P
Europa,True,55 Cancri e,21.0,False,0.0,0.0,0.0,0.0,0.0,True,,,
Mars,False,TRAPPIST-1e,0.0,False,0.0,0.0,0.0,0.0,0.0,True,F,846,P
Earth,False,TRAPPIST-1e,0.0,False,0.0,0.0,0.0,0.0,0.0,True,G,649,P
Mars,True,TRAPPIST-1e,44.0,False,0.0,0.0,0.0,0.0,0.0,True,F,1144,P
Europa,True,55 Cancri e,22.0,False,0.0,0.0,0.0,0.0,0.0,True,B,193,P
Mars,False,TRAPPIST-1e,16.0,False,271.0,0.0,2251.0,117.0,0.0,True,F,1067,P
Earth,False,TRAPPIST-1e,45.0,False,,9.0,0.0,857.0,16.0,False,G,474,P
Earth,False,TRAPPIST-1e,23.0,False,0.0,0.0,0.0,912.0,41.0,False,F,1727,S
Earth,False,TRAPPIST-1e,20.0,False,65.0,905.0,0.0,0.0,0.0,True,G,182,P
Earth,True,PSO J318.5-22,24.0,False,0.0,0.0,0.0,0.0,0.0,True,G,1441,S
Earth,True,TRAPPIST-1e,53.0,False,0.0,0.0,0.0,0.0,0.0,True,,,
Earth,True,PSO J318.5-22,29.0,False,0.0,0.0,0.0,0.0,0.0,True,G,1351,P
Mars,True,TRAPPIST-1e,12.0,False,0.0,0.0,0.0,0.0,0.0,True,F,958,S
Europa,False,55 Cancri e,55.0,False,114.0,222.0,0.0,2575.0,2919.0,False,D,202,P
Mars,False,TRAPPIST-1e,53.0,False,204.0,142.0,380.0,38.0,1.0,False,D,149,S
Mars,False,TRAPPIST-1e,27.0,True,661.0,,991.0,46.0,0.0,True,F,783,S
Earth,True,TRAPPIST-1e,29.0,False,0.0,0.0,0.0,0.0,,True,G,1200,P
Europa,False,55 Cancri e,34.0,False,,7221.0,0.0,288.0,2275.0,True,C,158,S
,False,TRAPPIST-1e,46.0,False,0.0,0.0,2020.0,323.0,0.0,False,G,223,S
Europa,True,55 Cancri e,26.0,False,0.0,0.0,0.0,0.0,0.0,True,B,333,S
Earth,False,TRAPPIST-1e,24.0,False,0.0,0.0,0.0,2019.0,117.0,False,F,1817,P
Mars,False,TRAPPIST-1e,29.0,True,3887.0,0.0,,12.0,0.0,False,D,30,P
Earth,False,TRAPPIST-1e,41.0,False,324.0,2.0,,7.0,26.0,True,F,159,S
Mars,False,55 Cancri e,21.0,False,,0.0,0.0,1.0,378.0,False,D,220,S
,False,TRAPPIST-1e,30.0,False,628.0,0.0,544.0,0.0,126.0,False,E,385,S
Earth,False,TRAPPIST-1e,24.0,False,0.0,0.0,729.0,,75.0,False,F,1712,P
Earth,False,TRAPPIST-1e,31.0,False,470.0,0.0,0.0,182.0,52.0,False,G,1104,P
Earth,False,55 Cancri e,29.0,False,143.0,548.0,0.0,0.0,0.0,True,F,529,S
Mars,False,TRAPPIST-1e,30.0,False,1851.0,0.0,378.0,0.0,155.0,False,D,130,S
Earth,True,55 Cancri e,3.0,False,0.0,,0.0,0.0,0.0,True,G,450,S
Earth,False,TRAPPIST-1e,23.0,False,0.0,0.0,4.0,0.0,965.0,True,G,221,P
Earth,True,55 Cancri e,23.0,False,0.0,0.0,0.0,0.0,0.0,True,G,1030,P
Earth,True,TRAPPIST-1e,32.0,False,0.0,0.0,0.0,0.0,0.0,True,G,1142,P
Mars,False,TRAPPIST-1e,48.0,False,639.0,412.0,110.0,0.0,0.0,True,F,487,S
Mars,True,TRAPPIST-1e,26.0,False,0.0,0.0,0.0,0.0,0.0,False,E,438,S
Mars,True,55 Cancri e,32.0,False,0.0,0.0,0.0,0.0,0.0,True,F,900,P
Europa,False,55 Cancri e,38.0,True,0.0,1577.0,0.0,425.0,4359.0,False,C,101,P
Earth,False,55 Cancri e,22.0,False,0.0,0.0,0.0,1600.0,168.0,True,F,972,S
Europa,False,TRAPPIST-1e,36.0,False,10.0,2478.0,2080.0,19.0,328.0,True,E,454,P
Earth,True,PSO J318.5-22,17.0,False,0.0,0.0,0.0,0.0,0.0,True,G,1198,S
Mars,False,TRAPPIST-1e,28.0,False,3.0,0.0,0.0,327.0,2054.0,False,,,
Earth,False,TRAPPIST-1e,22.0,False,0.0,0.0,1.0,95.0,605.0,False,F,1412,S
Mars,False,TRAPPIST-1e,45.0,True,1093.0,950.0,341.0,0.0,0.0,False,D,266,P
Earth,False,PSO J318.5-22,21.0,False,4.0,3.0,149.0,17.0,442.0,False,G,1379,S
Europa,False,TRAPPIST-1e,79.0,False,0.0,0.0,0.0,2210.0,2.0,False,C,25,S
Mars,False,TRAPPIST-1e,50.0,False,118.0,0.0,1041.0,0.0,0.0,True,F,1323,S
Earth,True,TRAPPIST-1e,0.0,False,0.0,0.0,0.0,0.0,0.0,True,G,438,S
Mars,False,TRAPPIST-1e,,False,2502.0,0.0,44.0,23.0,29.0,False,F,1640,S
Earth,False,TRAPPIST-1e,25.0,False,64.0,0.0,0.0,660.0,0.0,False,F,481,S
Mars,False,TRAPPIST-1e,21.0,False,354.0,113.0,,487.0,0.0,False,E,215,P
Earth,False,TRAPPIST-1e,31.0,False,13.0,0.0,0.0,679.0,0.0,False,F,1080,S
Earth,False,TRAPPIST-1e,,,928.0,20.0,0.0,0.0,0.0,False,F,347,S
Europa,False,55 Cancri e,39.0,False,0.0,60.0,0.0,310.0,4674.0,False,B,229,P
Europa,False,TRAPPIST-1e,45.0,False,3.0,2344.0,1100.0,498.0,0.0,True,B,118,S
Earth,True,PSO J318.5-22,29.0,False,0.0,0.0,0.0,0.0,0.0,False,G,725,P
,True,55 Cancri e,52.0,False,0.0,0.0,0.0,0.0,0.0,True,C,312,S
Europa,False,TRAPPIST-1e,50.0,False,5.0,809.0,0.0,309.0,731.0,True,D,59,P
Earth,False,TRAPPIST-1e,30.0,False,8.0,752.0,0.0,0.0,687.0,True,F,1789,S
Earth,False,55 Cancri e,37.0,False,426.0,0.0,2.0,194.0,308.0,False,F,848,S
Europa,False,TRAPPIST-1e,27.0,False,0.0,0.0,0.0,0.0,0.0,True,B,32,S
Europa,False,55 Cancri e,,False,0.0,7767.0,0.0,15.0,2453.0,True,C,38,S
Earth,True,PSO J318.5-22,33.0,False,0.0,0.0,0.0,0.0,0.0,True,G,641,P
Earth,True,PSO J318.5-22,36.0,False,0.0,0.0,0.0,0.0,0.0,True,G,902,S
Earth,False,TRAPPIST-1e,70.0,False,390.0,0.0,0.0,0.0,518.0,True,G,918,P
Earth,False,55 Cancri e,22.0,False,,0.0,21.0,0.0,0.0,False,F,198,S
Mars,True,TRAPPIST-1e,37.0,False,0.0,0.0,0.0,0.0,0.0,True,F,1541,S
Mars,False,TRAPPIST-1e,47.0,False,448.0,0.0,891.0,0.0,235.0,False,F,1230,P
Earth,False,TRAPPIST-1e,52.0,False,0.0,0.0,47.0,2059.0,0.0,False,F,1555,P
Earth,False,TRAPPIST-1e,42.0,False,55.0,0.0,1503.0,0.0,0.0,True,F,711,S
Earth,False,TRAPPIST-1e,20.0,False,9.0,0.0,1540.0,0.0,0.0,False,F,1416,S
Europa,,TRAPPIST-1e,12.0,False,0.0,0.0,0.0,0.0,0.0,True,A,84,S
Mars,False,TRAPPIST-1e,32.0,False,56.0,0.0,256.0,1438.0,0.0,False,F,45,S
Europa,False,TRAPPIST-1e,33.0,False,0.0,3624.0,0.0,1537.0,498.0,False,E,476,S
Earth,True,TRAPPIST-1e,27.0,False,0.0,0.0,0.0,0.0,0.0,False,G,208,P
Europa,False,TRAPPIST-1e,48.0,False,0.0,12.0,0.0,7967.0,15.0,False,B,107,P
Europa,False,TRAPPIST-1e,37.0,,27.0,654.0,10.0,881.0,9568.0,False,C,22,P
Europa,False,TRAPPIST-1e,27.0,False,1.0,767.0,0.0,13104.0,3657.0,False,B,87,P
Europa,True,55 Cancri e,17.0,False,0.0,0.0,0.0,0.0,0.0,True,B,150,S
Earth,True,TRAPPIST-1e,55.0,False,0.0,0.0,0.0,0.0,0.0,False,G,3,P
Europa,False,TRAPPIST-1e,32.0,False,0.0,1285.0,0.0,3030.0,334.0,False,C,325,S
Europa,False,55 Cancri e,37.0,False,0.0,439.0,0.0,3198.0,6.0,False,E,94,S
Europa,False,55 Cancri e,18.0,False,0.0,4715.0,0.0,36.0,995.0,True,B,342,S
Earth,True,TRAPPIST-1e,46.0,False,0.0,0.0,0.0,0.0,0.0,True,G,854,S
Mars,False,TRAPPIST-1e,49.0,False,1417.0,0.0,531.0,1348.0,192.0,False,D,135,P
Europa,False,TRAPPIST-1e,36.0,False,90.0,2050.0,0.0,15.0,1244.0,False,C,126,P
Europa,False,TRAPPIST-1e,20.0,False,0.0,275.0,1690.0,580.0,5499.0,False,B,267,S
Europa,False,55 Cancri e,27.0,False,0.0,4342.0,0.0,,36.0,True,C,57,P
Earth,False,TRAPPIST-1e,27.0,False,110.0,0.0,638.0,0.0,0.0,False,F,920,P
Mars,False,TRAPPIST-1e,26.0,False,733.0,0.0,1296.0,80.0,0.0,False,E,599,S
Earth,False,TRAPPIST-1e,20.0,False,0.0,0.0,499.0,285.0,103.0,False,G,882,S
Earth,False,TRAPPIST-1e,18.0,False,622.0,53.0,8.0,47.0,39.0,False,G,604,S
,False,TRAPPIST-1e,0.0,False,0.0,0.0,0.0,0.0,0.0,True,G,322,S
Europa,True,TRAPPIST-1e,52.0,False,0.0,0.0,0.0,0.0,0.0,True,E,388,S
Mars,False,TRAPPIST-1e,27.0,True,3.0,952.0,208.0,951.0,0.0,False,E,548,P
Mars,True,TRAPPIST-1e,46.0,False,0.0,0.0,0.0,0.0,0.0,True,F,725,P
Europa,False,55 Cancri e,36.0,,380.0,686.0,0.0,295.0,1247.0,False,E,364,S
Mars,True,TRAPPIST-1e,50.0,False,0.0,0.0,0.0,,0.0,True,F,1784,S
Mars,False,PSO J318.5-22,34.0,True,0.0,490.0,869.0,0.0,0.0,True,E,249,S
Europa,True,TRAPPIST-1e,49.0,False,0.0,0.0,0.0,0.0,0.0,True,B,42,P
Mars,False,55 Cancri e,67.0,False,1.0,0.0,5.0,1022.0,151.0,False,D,33,P
Earth,False,TRAPPIST-1e,18.0,False,8.0,1.0,4.0,419.0,304.0,True,F,1026,P
Europa,False,55 Cancri e,41.0,False,0.0,12809.0,2.0,2835.0,1514.0,True,A,20,P
Earth,True,TRAPPIST-1e,31.0,False,0.0,0.0,0.0,0.0,,True,G,254,P
Earth,False,55 Cancri e,15.0,False,350.0,0.0,91.0,198.0,0.0,False,F,647,S
Mars,False,55 Cancri e,24.0,False,2698.0,0.0,301.0,8.0,5.0,False,D,24,S
Earth,False,TRAPPIST-1e,43.0,False,1.0,8.0,0.0,0.0,715.0,False,F,1168,P
Earth,False,TRAPPIST-1e,40.0,False,4.0,11.0,669.0,0.0,773.0,False,F,669,P
,True,TRAPPIST-1e,23.0,False,0.0,0.0,0.0,0.0,0.0,True,F,1758,S
,False,TRAPPIST-1e,23.0,False,535.0,3.0,17.0,0.0,214.0,False,G,1264,S
Europa,True,PSO J318.5-22,50.0,False,0.0,0.0,0.0,0.0,0.0,True,C,284,S
Earth,False,TRAPPIST-1e,29.0,False,1377.0,0.0,0.0,167.0,0.0,False,F,179,S
Europa,False,55 Cancri e,35.0,False,87.0,1719.0,2750.0,0.0,79.0,True,B,162,P
Earth,True,TRAPPIST-1e,6.0,False,0.0,0.0,0.0,0.0,0.0,False,G,1100,P
Earth,False,TRAPPIST-1e,12.0,False,0.0,0.0,0.0,0.0,0.0,False,G,1297,S
Earth,True,TRAPPIST-1e,13.0,False,0.0,0.0,0.0,0.0,0.0,True,G,1429,P
Europa,True,TRAPPIST-1e,16.0,False,0.0,0.0,0.0,0.0,0.0,True,C,109,S
Europa,True,TRAPPIST-1e,57.0,False,0.0,0.0,0.0,0.0,0.0,True,D,129,P
Europa,False,TRAPPIST-1e,39.0,False,0.0,2.0,0.0,909.0,3291.0,False,B,130,S
Mars,False,TRAPPIST-1e,47.0,False,1130.0,8.0,299.0,0.0,0.0,True,F,648,P
Earth,False,TRAPPIST-1e,15.0,False,0.0,7.0,0.0,749.0,0.0,False,G,769,S
Earth,True,PSO J318.5-22,28.0,False,0.0,0.0,0.0,0.0,0.0,True,G,1316,S
Earth,False,55 Cancri e,46.0,False,612.0,0.0,62.0,0.0,0.0,True,G,250,S
Mars,False,TRAPPIST-1e,35.0,False,1307.0,0.0,0.0,2.0,0.0,False,F,958,S
Earth,False,TRAPPIST-1e,45.0,False,0.0,0.0,2778.0,1910.0,0.0,False,G,1313,S
Mars,False,TRAPPIST-1e,15.0,False,890.0,9.0,0.0,1250.0,57.0,False,E,352,P
Earth,False,55 Cancri e,3.0,False,0.0,0.0,0.0,0.0,0.0,False,G,1253,P
Earth,False,55 Cancri e,20.0,False,554.0,195.0,0.0,2606.0,0.0,False,F,10,S
Mars,True,TRAPPIST-1e,41.0,False,0.0,0.0,0.0,0.0,0.0,True,F,1396,P
Europa,False,55 Cancri e,36.0,False,23.0,14773.0,0.0,1159.0,7819.0,False,C,338,S
Mars,True,TRAPPIST-1e,46.0,False,0.0,0.0,0.0,0.0,0.0,True,F,1501,S
Mars,False,55 Cancri e,67.0,False,1146.0,16.0,39.0,0.0,518.0,True,D,245,P
Europa,False,55 Cancri e,28.0,False,5.0,2676.0,13.0,0.0,157.0,True,C,76,S
Earth,False,TRAPPIST-1e,32.0,False,238.0,156.0,3.0,2.0,324.0,False,F,523,P
Mars,False,PSO J318.5-22,21.0,False,435.0,0.0,422.0,16.0,0.0,False,,,
Earth,False,TRAPPIST-1e,20.0,False,2215.0,0.0,0.0,86.0,0.0,True,F,377,P
Earth,False,TRAPPIST-1e,31.0,False,0.0,0.0,717.0,0.0,0.0,False,F,1457,P
Earth,False,TRAPPIST-1e,43.0,False,,888.0,0.0,0.0,0.0,False,F,50,P
Earth,True,TRAPPIST-1e,23.0,False,0.0,0.0,0.0,0.0,0.0,False,G,341,P
Mars,True,TRAPPIST-1e,13.0,False,0.0,0.0,0.0,0.0,0.0,True,E,37,S
Earth,False,TRAPPIST-1e,4.0,False,0.0,0.0,0.0,0.0,0.0,True,G,1122,P
Europa,False,TRAPPIST-1e,27.0,False,15.0,2886.0,0.0,249.0,71.0,True,C,238,P
Earth,True,TRAPPIST-1e,61.0,False,0.0,0.0,0.0,0.0,0.0,True,G,811,S
Earth,False,TRAPPIST-1e,20.0,False,127.0,0.0,656.0,0.0,21.0,False,F,645,P
Mars,True,PSO J318.5-22,45.0,False,0.0,0.0,0.0,0.0,0.0,True,E,5,S
Earth,True,PSO J318.5-22,38.0,False,0.0,0.0,0.0,0.0,0.0,True,G,109,P
Earth,False,TRAPPIST-1e,21.0,False,640.0,0.0,144.0,104.0,0.0,False,G,1288,P
Europa,True,55 Cancri e,32.0,False,0.0,0.0,0.0,0.0,0.0,True,B,315,S
Europa,False,TRAPPIST-1e,59.0,False,0.0,2210.0,0.0,4085.0,11.0,False,D,68,P
Earth,True,PSO J318.5-22,10.0,False,0.0,0.0,0.0,0.0,0.0,False,G,117,S
Earth,True,55 Cancri e,29.0,False,0.0,0.0,,0.0,0.0,True,G,595,S
Earth,False,TRAPPIST-1e,24.0,False,172.0,775.0,344.0,0.0,0.0,True,F,485,S
Europa,False,TRAPPIST-1e,35.0,False,0.0,5552.0,6.0,8.0,226.0,True,D,215,S
Earth,False,TRAPPIST-1e,20.0,False,768.0,19.0,0.0,1.0,0.0,False,E,143,P
Earth,False,PSO J318.5-22,14.0,False,80.0,130.0,0.0,1323.0,0.0,False,E,502,S
Earth,True,PSO J318.5-22,21.0,False,0.0,0.0,0.0,0.0,0.0,False,G,758,P
Earth,True,PSO J318.5-22,,False,0.0,0.0,0.0,0.0,0.0,False,G,444,P
Earth,,TRAPPIST-1e,15.0,False,1682.0,103.0,0.0,0.0,3.0,True,G,995,S
Earth,True,TRAPPIST-1e,31.0,False,0.0,0.0,0.0,0.0,0.0,True,G,1431,S
Earth,False,TRAPPIST-1e,13.0,False,852.0,147.0,7.0,0.0,1.0,True,G,981,S
Mars,False,TRAPPIST-1e,45.0,False,506.0,0.0,2.0,829.0,0.0,False,F,1716,P
Europa,False,55 Cancri e,49.0,False,0.0,7762.0,2.0,0.0,98.0,True,C,190,S
Europa,True,TRAPPIST-1e,46.0,True,0.0,0.0,0.0,0.0,0.0,True,B,160,P
Earth,True,PSO J318.5-22,15.0,False,,0.0,,0.0,0.0,True,G,1432,S
Earth,True,TRAPPIST-1e,26.0,False,0.0,0.0,0.0,0.0,0.0,False,G,198,P
Earth,True,TRAPPIST-1e,47.0,False,0.0,0.0,0.0,0.0,0.0,True,G,360,S
Mars,True,TRAPPIST-1e,42.0,False,0.0,0.0,0.0,0.0,0.0,True,D,162,S
Europa,False,TRAPPIST-1e,20.0,False,0.0,219.0,0.0,5.0,3283.0,False,B,166,P
Europa,False,55 Cancri e,31.0,False,0.0,225.0,0.0,301.0,4090.0,False,A,67,S
Earth,False,TRAPPIST-1e,27.0,,0.0,0.0,0.0,716.0,0.0,False,F,1738,P
Europa,,TRAPPIST-1e,53.0,False,0.0,3377.0,0.0,193.0,5563.0,False,B,118,P
Europa,True,TRAPPIST-1e,29.0,False,0.0,0.0,0.0,0.0,0.0,True,D,266,S
,True,TRAPPIST-1e,21.0,False,0.0,0.0,0.0,0.0,0.0,False,G,667,P
Europa,True,TRAPPIST-1e,48.0,False,0.0,0.0,0.0,0.0,0.0,True,B,281,S
Europa,True,55 Cancri e,57.0,False,0.0,0.0,0.0,0.0,0.0,True,B,262,S
Earth,False,TRAPPIST-1e,23.0,False,2189.0,0.0,0.0,0.0,0.0,True,F,1200,S
Europa,False,TRAPPIST-1e,43.0,False,31.0,76.0,0.0,1353.0,1713.0,False,A,54,S
Earth,True,TRAPPIST-1e,17.0,False,0.0,0.0,0.0,0.0,0.0,False,G,266,S
Earth,False,TRAPPIST-1e,47.0,False,0.0,0.0,16.0,3.0,854.0,False,F,1866,P
Earth,True,TRAPPIST-1e,66.0,False,0.0,0.0,,0.0,0.0,True,G,1084,P
Earth,False,PSO J318.5-22,18.0,False,648.0,19.0,0.0,0.0,4.0,True,F,956,S
Earth,True,55 Cancri e,19.0,False,0.0,0.0,0.0,0.0,0.0,True,G,1253,P
Europa,False,TRAPPIST-1e,31.0,False,0.0,1847.0,0.0,103.0,694.0,True,C,45,S
Earth,False,55 Cancri e,36.0,False,0.0,0.0,846.0,0.0,0.0,True,G,829,P
Earth,False,TRAPPIST-1e,14.0,False,588.0,144.0,1.0,0.0,168.0,False,F,1704,S
Europa,False,TRAPPIST-1e,55.0,False,0.0,815.0,1558.0,3.0,1334.0,True,C,95,S
Earth,,TRAPPIST-1e,23.0,False,0.0,0.0,0.0,0.0,0.0,False,F,1194,P
Europa,True,55 Cancri e,36.0,False,0.0,0.0,0.0,0.0,0.0,True,A,14,P
Earth,False,TRAPPIST-1e,29.0,False,888.0,0.0,1.0,0.0,0.0,False,G,1141,S
Mars,False,55 Cancri e,24.0,False,0.0,0.0,396.0,256.0,1482.0,False,E,550,P
Earth,False,TRAPPIST-1e,,False,0.0,1.0,12.0,0.0,779.0,False,E,467,P
Earth,False,TRAPPIST-1e,21.0,False,367.0,281.0,0.0,0.0,146.0,False,F,46,P
Earth,False,TRAPPIST-1e,16.0,False,,0.0,32.0,2529.0,92.0,False,F,180,P
Earth,False,TRAPPIST-1e,30.0,False,1.0,797.0,0.0,10.0,0.0,True,G,750,S
Europa,False,TRAPPIST-1e,22.0,False,0.0,11594.0,0.0,10247.0,1.0,False,B,217,S
Mars,False,TRAPPIST-1e,42.0,False,44.0,0.0,3648.0,0.0,9.0,True,F,593,P
Mars,True,TRAPPIST-1e,2.0,False,0.0,0.0,0.0,0.0,0.0,True,F,952,P
Earth,False,TRAPPIST-1e,22.0,False,0.0,0.0,0.0,778.0,0.0,False,F,904,S
Europa,False,55 Cancri e,43.0,False,0.0,9923.0,660.0,10.0,266.0,True,B,86,P
Earth,True,TRAPPIST-1e,0.0,False,0.0,0.0,0.0,0.0,0.0,True,G,972,S
Europa,True,TRAPPIST-1e,24.0,False,0.0,0.0,0.0,0.0,0.0,True,A,3,S
Mars,False,TRAPPIST-1e,24.0,False,0.0,0.0,0.0,0.0,0.0,False,E,267,P
Mars,True,TRAPPIST-1e,39.0,False,0.0,0.0,0.0,0.0,0.0,False,E,214,S
Earth,False,TRAPPIST-1e,19.0,False,2.0,0.0,,9.0,754.0,False,G,780,S
Earth,True,TRAPPIST-1e,5.0,False,0.0,0.0,0.0,0.0,0.0,True,E,74,S
Europa,False,TRAPPIST-1e,34.0,False,11.0,3299.0,0.0,1013.0,15.0,True,B,305,S
Earth,True,TRAPPIST-1e,8.0,False,0.0,0.0,0.0,0.0,0.0,False,G,1411,P
Earth,False,55 Cancri e,27.0,False,3.0,13.0,0.0,0.0,788.0,False,F,1683,P
,False,TRAPPIST-1e,39.0,False,290.0,0.0,84.0,266.0,0.0,True,F,874,S
Earth,False,TRAPPIST-1e,24.0,False,58.0,0.0,4.0,789.0,54.0,False,E,225,P
Earth,False,TRAPPIST-1e,27.0,False,0.0,0.0,846.0,59.0,0.0,False,E,533,S
Earth,False,TRAPPIST-1e,24.0,False,1.0,790.0,0.0,0.0,0.0,True,E,241,S
Europa,False,55 Cancri e,43.0,False,0.0,39.0,327.0,4643.0,85.0,False,B,146,P
Earth,False,TRAPPIST-1e,45.0,False,406.0,148.0,285.0,0.0,0.0,False,G,420,P
Mars,False,TRAPPIST-1e,39.0,False,9.0,0.0,687.0,0.0,0.0,True,F,1326,S
Earth,False,TRAPPIST-1e,15.0,False,156.0,1.0,1132.0,192.0,33.0,True,F,795,S
Mars,True,TRAPPIST-1e,13.0,False,0.0,0.0,0.0,0.0,0.0,True,F,35,S
Earth,True,TRAPPIST-1e,21.0,False,0.0,0.0,,0.0,0.0,True,G,865,P
Mars,False,TRAPPIST-1e,42.0,False,999.0,0.0,49.0,0.0,11.0,False,D,83,S
Europa,True,TRAPPIST-1e,59.0,False,0.0,0.0,0.0,0.0,0.0,True,B,288,S
Mars,False,55 Cancri e,31.0,False,796.0,0.0,70.0,595.0,0.0,False,F,801,P
Earth,False,TRAPPIST-1e,25.0,False,113.0,0.0,0.0,1282.0,0.0,False,F,367,P
,False,TRAPPIST-1e,13.0,False,206.0,28.0,0.0,1.0,629.0,False,F,1166,S
Europa,True,TRAPPIST-1e,13.0,False,0.0,0.0,0.0,0.0,0.0,True,A,0,P
Europa,True,55 Cancri e,39.0,False,0.0,0.0,0.0,0.0,0.0,True,B,255,P
Europa,True,55 Cancri e,41.0,False,0.0,0.0,0.0,0.0,0.0,True,C,252,P
Earth,False,TRAPPIST-1e,28.0,False,0.0,1073.0,0.0,0.0,5.0,True,F,110,P
Earth,True,PSO J318.5-22,30.0,False,0.0,0.0,0.0,0.0,0.0,False,G,114,S
Earth,True,TRAPPIST-1e,55.0,False,0.0,0.0,0.0,0.0,0.0,True,G,544,P
Europa,False,55 Cancri e,46.0,False,35.0,3953.0,0.0,2108.0,0.0,True,A,54,P
Earth,False,TRAPPIST-1e,27.0,False,0.0,1774.0,0.0,17.0,13.0,True,G,949,S
Europa,True,TRAPPIST-1e,39.0,,0.0,0.0,0.0,0.0,0.0,True,C,24,S
Mars,False,TRAPPIST-1e,27.0,False,831.0,0.0,0.0,867.0,20.0,False,D,254,P
Earth,False,,28.0,False,0.0,0.0,0.0,1191.0,109.0,False,F,1188,P
Earth,False,55 Cancri e,19.0,False,0.0,0.0,496.0,13.0,0.0,True,G,271,S
Europa,False,TRAPPIST-1e,49.0,False,0.0,3991.0,298.0,289.0,2740.0,False,B,188,P
Earth,True,55 Cancri e,0.0,False,0.0,0.0,0.0,0.0,0.0,True,G,469,P
Europa,False,TRAPPIST-1e,26.0,False,0.0,226.0,0.0,436.0,4051.0,False,C,324,S
Mars,False,TRAPPIST-1e,26.0,False,0.0,0.0,0.0,0.0,0.0,False,E,138,S
Earth,False,TRAPPIST-1e,19.0,False,0.0,721.0,0.0,25.0,1.0,True,F,1634,P
Earth,False,55 Cancri e,16.0,False,0.0,17.0,1211.0,0.0,25.0,True,F,1338,S
Europa,False,TRAPPIST-1e,28.0,False,0.0,395.0,118.0,14.0,1647.0,False,A,57,S
Earth,False,TRAPPIST-1e,20.0,False,0.0,0.0,147.0,,0.0,False,F,665,P
Europa,True,55 Cancri e,17.0,False,0.0,0.0,,0.0,0.0,True,B,247,P
Earth,True,TRAPPIST-1e,0.0,False,0.0,0.0,,0.0,0.0,True,G,9,P
Earth,False,TRAPPIST-1e,26.0,False,552.0,192.0,30.0,0.0,1.0,False,F,513,P
Mars,False,TRAPPIST-1e,51.0,False,819.0,4.0,92.0,38.0,0.0,False,E,176,P
Earth,False,TRAPPIST-1e,24.0,False,1405.0,0.0,14.0,2.0,163.0,False,F,1613,P
Europa,False,TRAPPIST-1e,31.0,False,0.0,53.0,0.0,2963.0,1017.0,False,B,235,S
Earth,True,TRAPPIST-1e,38.0,False,0.0,0.0,0.0,0.0,0.0,False,G,447,P
Earth,False,TRAPPIST-1e,0.0,False,0.0,0.0,0.0,0.0,,False,G,1319,S
Europa,True,TRAPPIST-1e,34.0,False,0.0,0.0,0.0,0.0,0.0,True,,,
Mars,False,TRAPPIST-1e,42.0,False,1072.0,0.0,10.0,0.0,76.0,False,F,31,P
Europa,True,TRAPPIST-1e,37.0,False,0.0,0.0,0.0,0.0,0.0,True,D,166,S
Earth,False,TRAPPIST-1e,31.0,False,210.0,20.0,0.0,1027.0,199.0,False,F,1006,P
Earth,True,PSO J318.5-22,24.0,False,0.0,,0.0,0.0,0.0,False,G,1238,P
Earth,True,TRAPPIST-1e,14.0,False,0.0,0.0,0.0,0.0,0.0,False,G,193,S
Earth,True,55 Cancri e,21.0,False,0.0,0.0,0.0,0.0,0.0,True,G,1422,S
Mars,False,TRAPPIST-1e,35.0,True,1234.0,35.0,7.0,0.0,0.0,False,F,1659,S
Mars,False,TRAPPIST-1e,,,43.0,152.0,182.0,1.0,2005.0,False,D,24,P
Mars,True,PSO J318.5-22,31.0,False,0.0,0.0,0.0,0.0,0.0,False,E,385,P
Mars,False,TRAPPIST-1e,18.0,False,950.0,1.0,236.0,754.0,0.0,False,D,135,S
Earth,False,TRAPPIST-1e,24.0,False,0.0,871.0,17.0,0.0,0.0,False,G,783,P
Europa,False,TRAPPIST-1e,27.0,False,0.0,21.0,0.0,8126.0,4.0,False,B,233,S
Earth,False,TRAPPIST-1e,13.0,False,244.0,0.0,100.0,423.0,14.0,False,G,1163,S
Earth,False,TRAPPIST-1e,35.0,False,35.0,0.0,14.0,0.0,816.0,True,E,337,S
Earth,False,TRAPPIST-1e,28.0,False,607.0,0.0,0.0,227.0,0.0,True,G,856,S
Earth,True,PSO J318.5-22,18.0,False,0.0,0.0,0.0,0.0,0.0,True,G,1075,P
Mars,False,TRAPPIST-1e,28.0,False,34.0,0.0,1342.0,91.0,0.0,True,F,517,P
Earth,False,TRAPPIST-1e,30.0,False,513.0,0.0,0.0,0.0,317.0,False,F,778,P
Earth,False,TRAPPIST-1e,15.0,False,0.0,785.0,0.0,0.0,0.0,True,F,455,S
Earth,True,TRAPPIST-1e,19.0,False,0.0,0.0,0.0,0.0,0.0,True,G,36,P
Europa,False,PSO J318.5-22,55.0,True,0.0,102.0,0.0,278.0,5353.0,False,C,143,P
Mars,True,TRAPPIST-1e,14.0,False,0.0,0.0,0.0,0.0,0.0,True,F,175,P
Earth,False,TRAPPIST-1e,38.0,False,1739.0,0.0,0.0,83.0,0.0,False,G,1392,S
Europa,False,55 Cancri e,46.0,False,0.0,8943.0,0.0,0.0,159.0,True,C,192,P
Europa,False,TRAPPIST-1e,43.0,False,2.0,2229.0,33.0,6.0,198.0,True,A,27,S
Earth,True,PSO J318.5-22,16.0,False,0.0,0.0,0.0,0.0,0.0,True,G,755,P
Europa,True,TRAPPIST-1e,26.0,False,0.0,0.0,0.0,0.0,0.0,True,B,246,P
Earth,True,TRAPPIST-1e,15.0,False,0.0,0.0,0.0,0.0,0.0,False,G,102,S
Mars,True,TRAPPIST-1e,21.0,False,0.0,0.0,0.0,0.0,0.0,False,E,567,S
Earth,,PSO J318.5-22,18.0,,103.0,0.0,181.0,1611.0,22.0,False,F,1286,S
Mars,False,TRAPPIST-1e,61.0,True,2353.0,334.0,9.0,316.0,2.0,False,D,3,S
Earth,,TRAPPIST-1e,33.0,False,0.0,950.0,0.0,102.0,0.0,True,F,607,S
Europa,False,TRAPPIST-1e,39.0,False,0.0,957.0,0.0,22.0,401.0,True,B,123,S
Earth,False,,30.0,False,4.0,637.0,0.0,0.0,3.0,False,F,1639,P
Europa,False,55 Cancri e,28.0,False,0.0,101.0,0.0,0.0,12143.0,False,E,559,S
Earth,False,TRAPPIST-1e,36.0,False,3.0,0.0,435.0,8.0,277.0,False,G,365,S
Earth,False,TRAPPIST-1e,28.0,False,0.0,0.0,0.0,882.0,0.0,False,G,805,P
Earth,False,TRAPPIST-1e,56.0,False,0.0,0.0,0.0,0.0,0.0,False,G,25,S
Earth,True,,20.0,False,0.0,0.0,0.0,0.0,0.0,True,G,1453,P
Mars,False,TRAPPIST-1e,52.0,False,758.0,0.0,356.0,5.0,0.0,False,F,569,P
Earth,False,TRAPPIST-1e,18.0,False,1.0,258.0,446.0,0.0,0.0,True,G,10,S
Earth,True,PSO J318.5-22,22.0,False,0.0,0.0,0.0,0.0,0.0,False,G,1384,P
Earth,,PSO J318.5-22,46.0,,559.0,25.0,,22.0,765.0,False,F,1199,P
Europa,True,55 Cancri e,26.0,False,0.0,0.0,0.0,0.0,0.0,True,C,95,S
Europa,True,55 Cancri e,23.0,False,0.0,0.0,,0.0,0.0,True,,,
Mars,False,TRAPPIST-1e,33.0,False,1631.0,0.0,754.0,0.0,0.0,False,D,219,S
Europa,False,TRAPPIST-1e,30.0,False,0.0,3004.0,0.0,1018.0,0.0,False,A,5,P
Earth,True,TRAPPIST-1e,33.0,False,0.0,0.0,0.0,0.0,0.0,True,G,641,S
Earth,True,TRAPPIST-1e,29.0,False,0.0,0.0,0.0,0.0,0.0,False,G,1074,P
Mars,False,TRAPPIST-1e,25.0,True,,280.0,714.0,0.0,0.0,False,D,210,P
Mars,True,TRAPPIST-1e,,False,0.0,0.0,0.0,0.0,0.0,True,F,722,P
Earth,False,TRAPPIST-1e,55.0,False,373.0,1.0,1.0,496.0,0.0,False,F,383,S
Europa,False,55 Cancri e,29.0,False,2.0,8.0,0.0,2864.0,155.0,False,D,83,P
Earth,False,,19.0,False,0.0,1333.0,3.0,624.0,254.0,True,F,361,P
Europa,True,TRAPPIST-1e,40.0,False,0.0,0.0,0.0,0.0,0.0,True,B,318,S
Earth,True,TRAPPIST-1e,22.0,False,0.0,0.0,0.0,0.0,0.0,True,G,483,S
Europa,False,TRAPPIST-1e,28.0,False,1004.0,2423.0,0.0,0.0,17.0,True,C,319,S
Europa,False,TRAPPIST-1e,38.0,False,4.0,5974.0,0.0,3682.0,197.0,False,B,277,S
Mars,False,,37.0,False,610.0,,410.0,148.0,14.0,False,,,
Mars,True,TRAPPIST-1e,34.0,False,0.0,0.0,0.0,0.0,0.0,True,F,93,S
Earth,True,55 Cancri e,,False,0.0,0.0,0.0,0.0,0.0,True,G,82,P
Earth,True,55 Cancri e,0.0,False,0.0,0.0,0.0,0.0,0.0,True,G,109,P
Europa,False,TRAPPIST-1e,21.0,False,0.0,6190.0,1828.0,7.0,35.0,True,C,146,S
Mars,True,TRAPPIST-1e,55.0,False,0.0,0.0,0.0,0.0,0.0,True,F,113,S
Earth,False,TRAPPIST-1e,20.0,False,2.0,0.0,694.0,0.0,22.0,True,E,126,P
Mars,True,TRAPPIST-1e,11.0,False,0.0,0.0,0.0,0.0,0.0,True,F,1387,P
Earth,False,TRAPPIST-1e,23.0,False,88.0,0.0,586.0,0.0,0.0,True,G,933,S
Earth,True,PSO J318.5-22,15.0,False,0.0,0.0,0.0,0.0,0.0,True,G,1114,S
Mars,False,TRAPPIST-1e,33.0,True,1264.0,1787.0,36.0,473.0,337.0,False,D,254,S
Mars,True,TRAPPIST-1e,30.0,False,0.0,0.0,0.0,0.0,0.0,True,F,761,S
Mars,False,TRAPPIST-1e,62.0,False,1663.0,0.0,23.0,2.0,12.0,False,F,522,P
Mars,True,TRAPPIST-1e,47.0,False,0.0,0.0,0.0,0.0,0.0,True,F,1146,P
Mars,False,TRAPPIST-1e,15.0,False,643.0,0.0,45.0,0.0,10.0,False,F,1077,S
Earth,False,TRAPPIST-1e,20.0,False,0.0,258.0,331.0,133.0,,False,G,222,P
Earth,True,TRAPPIST-1e,18.0,False,0.0,0.0,0.0,0.0,0.0,True,G,782,S
Earth,False,55 Cancri e,25.0,False,553.0,0.0,1.0,239.0,8.0,True,F,308,S
Earth,False,PSO J318.5-22,46.0,False,0.0,0.0,743.0,4.0,6.0,True,G,1095,P
Earth,False,TRAPPIST-1e,18.0,False,,0.0,1770.0,1284.0,8.0,False,F,931,S
Earth,False,TRAPPIST-1e,34.0,False,0.0,0.0,885.0,0.0,0.0,True,G,264,P
Europa,True,55 Cancri e,16.0,False,0.0,0.0,0.0,0.0,0.0,True,B,291,P
Earth,True,TRAPPIST-1e,27.0,False,0.0,0.0,0.0,0.0,0.0,False,G,219,P
Mars,False,TRAPPIST-1e,20.0,False,760.0,0.0,742.0,352.0,0.0,True,F,859,P
Earth,False,TRAPPIST-1e,32.0,False,0.0,632.0,0.0,0.0,0.0,False,F,681,P
Earth,True,TRAPPIST-1e,54.0,False,0.0,,0.0,0.0,0.0,True,G,1231,P
Earth,True,TRAPPIST-1e,43.0,False,0.0,0.0,,0.0,0.0,True,G,391,P
Earth,True,PSO J318.5-22,38.0,,0.0,0.0,0.0,0.0,0.0,True,G,405,S
Europa,False,55 Cancri e,66.0,True,0.0,1828.0,1.0,1873.0,45.0,False,E,556,S
Earth,True,TRAPPIST-1e,1.0,False,0.0,0.0,0.0,0.0,0.0,True,G,473,S
Mars,False,TRAPPIST-1e,31.0,False,2048.0,0.0,1040.0,136.0,0.0,False,D,170,P
Earth,True,PSO J318.5-22,19.0,False,0.0,0.0,0.0,0.0,0.0,True,G,30,S
Earth,False,TRAPPIST-1e,43.0,False,45.0,8.0,0.0,607.0,44.0,False,G,477,S
Earth,False,TRAPPIST-1e,27.0,False,17.0,65.0,74.0,1548.0,18.0,False,G,1089,S
Mars,False,55 Cancri e,20.0,False,552.0,8.0,1348.0,5.0,,False,E,134,P
Earth,True,TRAPPIST-1e,38.0,False,0.0,0.0,0.0,0.0,0.0,False,G,658,P
Earth,True,TRAPPIST-1e,20.0,False,0.0,0.0,0.0,0.0,0.0,False,G,395,P
Earth,True,TRAPPIST-1e,36.0,False,0.0,0.0,0.0,0.0,0.0,False,G,701,S
Europa,True,55 Cancri e,,False,0.0,0.0,0.0,0.0,0.0,True,B,263,S
,False,TRAPPIST-1e,0.0,False,0.0,0.0,0.0,0.0,0.0,False,G,1268,S
Earth,False,55 Cancri e,4.0,False,0.0,0.0,0.0,0.0,0.0,True,E,499,S
Earth,True,PSO J318.5-22,16.0,False,0.0,0.0,0.0,0.0,0.0,True,G,1034,S
Europa,True,TRAPPIST-1e,34.0,False,0.0,0.0,0.0,,0.0,True,C,147,S
Earth,False,TRAPPIST-1e,33.0,False,13.0,0.0,984.0,0.0,0.0,False,E,67,S
Mars,True,,25.0,False,0.0,0.0,0.0,0.0,0.0,False,,,
Europa,True,55 Cancri e,28.0,False,0.0,0.0,0.0,0.0,0.0,True,C,197,P
Mars,True,TRAPPIST-1e,22.0,False,0.0,0.0,0.0,0.0,0.0,True,F,1213,P
Europa,False,55 Cancri e,34.0,False,0.0,2612.0,1.0,131.0,2714.0,False,B,238,P
Earth,True,PSO J318.5-22,28.0,False,0.0,0.0,0.0,0.0,0.0,True,G,1158,P
Earth,False,TRAPPIST-1e,49.0,False,0.0,366.0,0.0,0.0,401.0,True,G,1102,S
Mars,True,TRAPPIST-1e,52.0,False,0.0,0.0,0.0,0.0,0.0,False,E,142,S
Europa,False,TRAPPIST-1e,27.0,False,14327.0,1487.0,0.0,1.0,0.0,False,,,
Earth,False,TRAPPIST-1e,49.0,False,0.0,4.0,50.0,0.0,746.0,False,F,1570,S
Earth,False,TRAPPIST-1e,20.0,False,717.0,0.0,0.0,0.0,0.0,False,F,370,S
Earth,,TRAPPIST-1e,7.0,False,0.0,0.0,0.0,0.0,0.0,True,G,1023,S
Earth,False,PSO J318.5-22,24.0,False,0.0,0.0,443.0,244.0,1.0,False,F,599,P
Earth,,PSO J318.5-22,52.0,False,0.0,0.0,0.0,0.0,0.0,True,G,30,P
Europa,True,55 Cancri e,25.0,False,0.0,0.0,0.0,0.0,0.0,True,A,28,S
Earth,True,PSO J318.5-22,21.0,False,0.0,0.0,0.0,0.0,0.0,False,G,1132,P
Earth,False,TRAPPIST-1e,24.0,False,0.0,274.0,594.0,35.0,658.0,True,,,
Earth,False,TRAPPIST-1e,20.0,False,0.0,0.0,0.0,0.0,0.0,False,G,1259,P
Earth,True,TRAPPIST-1e,35.0,False,0.0,0.0,0.0,0.0,0.0,True,G,15,S
Earth,True,TRAPPIST-1e,37.0,False,0.0,0.0,0.0,0.0,0.0,True,G,130,S
Earth,True,TRAPPIST-1e,27.0,False,0.0,0.0,0.0,0.0,0.0,True,G,955,S
Mars,True,TRAPPIST-1e,19.0,False,0.0,0.0,0.0,0.0,0.0,True,F,1710,S
Earth,False,55 Cancri e,49.0,False,331.0,0.0,0.0,318.0,0.0,True,F,68,P
Earth,False,TRAPPIST-1e,29.0,False,0.0,7.0,31.0,700.0,0.0,False,F,1466,S
Mars,False,TRAPPIST-1e,40.0,False,1309.0,0.0,0.0,0.0,0.0,False,F,1591,S
Mars,False,TRAPPIST-1e,37.0,False,416.0,56.0,1912.0,0.0,0.0,False,D,244,P
Europa,False,55 Cancri e,56.0,False,0.0,323.0,971.0,58.0,4240.0,False,E,208,S
Earth,False,TRAPPIST-1e,47.0,False,7.0,877.0,17.0,0.0,0.0,False,F,368,S
Earth,False,TRAPPIST-1e,14.0,False,1489.0,2.0,126.0,460.0,72.0,False,F,261,S
Europa,False,TRAPPIST-1e,38.0,False,0.0,4504.0,0.0,13.0,302.0,True,E,306,S
Mars,True,55 Cancri e,33.0,False,0.0,0.0,0.0,0.0,0.0,True,F,1722,S
Earth,False,TRAPPIST-1e,37.0,False,541.0,38.0,713.0,316.0,0.0,False,E,462,P
Earth,False,TRAPPIST-1e,20.0,False,2.0,2.0,876.0,8.0,0.0,True,G,1330,S
,True,TRAPPIST-1e,8.0,False,0.0,0.0,0.0,0.0,0.0,False,G,450,S
Earth,True,TRAPPIST-1e,21.0,False,0.0,0.0,0.0,0.0,0.0,True,G,858,S
Earth,True,PSO J318.5-22,21.0,False,0.0,0.0,0.0,0.0,0.0,False,,,
Earth,False,TRAPPIST-1e,25.0,False,0.0,528.0,8.0,153.0,0.0,False,F,1065,P
Earth,True,TRAPPIST-1e,2.0,False,,0.0,0.0,0.0,0.0,True,G,730,S
Europa,True,55 Cancri e,26.0,False,0.0,0.0,0.0,0.0,0.0,True,C,140,P
Earth,True,PSO J318.5-22,22.0,False,0.0,0.0,,0.0,0.0,True,G,677,P
Mars,False,TRAPPIST-1e,35.0,False,3.0,1376.0,11.0,0.0,360.0,False,F,1872,P
Earth,True,TRAPPIST-1e,2.0,False,0.0,0.0,0.0,0.0,0.0,True,G,1109,P
Europa,False,TRAPPIST-1e,43.0,False,2.0,5329.0,0.0,7.0,0.0,True,B,245,S
Mars,False,TRAPPIST-1e,29.0,True,803.0,0.0,0.0,58.0,0.0,False,D,75,P
Earth,False,TRAPPIST-1e,32.0,False,0.0,600.0,80.0,0.0,18.0,False,,,
Earth,False,TRAPPIST-1e,9.0,False,,0.0,0.0,0.0,0.0,False,G,377,P
Earth,False,55 Cancri e,21.0,False,13.0,,1098.0,64.0,1.0,False,F,535,S
Europa,True,TRAPPIST-1e,44.0,False,0.0,0.0,0.0,0.0,0.0,True,B,258,S
Europa,True,TRAPPIST-1e,25.0,False,0.0,0.0,0.0,0.0,0.0,True,C,145,P
Europa,False,TRAPPIST-1e,36.0,False,43.0,2.0,0.0,14.0,16337.0,False,B,114,P
Earth,False,PSO J318.5-22,13.0,False,0.0,611.0,0.0,0.0,0.0,False,F,990,P
Earth,True,TRAPPIST-1e,32.0,False,0.0,0.0,0.0,0.0,0.0,True,G,856,P
Mars,True,55 Cancri e,4.0,False,0.0,0.0,0.0,0.0,0.0,True,F,585,P
Earth,False,TRAPPIST-1e,24.0,False,0.0,0.0,53.0,652.0,0.0,True,G,1053,S
Earth,False,TRAPPIST-1e,45.0,False,10.0,16.0,801.0,73.0,,False,F,537,P
Europa,True,TRAPPIST-1e,26.0,False,0.0,0.0,0.0,0.0,0.0,True,C,247,S
Earth,True,TRAPPIST-1e,32.0,False,0.0,0.0,,0.0,0.0,True,G,876,P
Europa,,55 Cancri e,15.0,False,0.0,0.0,0.0,0.0,0.0,True,E,426,P
Earth,True,TRAPPIST-1e,18.0,False,0.0,0.0,0.0,0.0,0.0,True,G,623,S
Earth,False,TRAPPIST-1e,26.0,False,0.0,0.0,0.0,0.0,741.0,False,F,1838,P
Earth,True,TRAPPIST-1e,23.0,False,0.0,0.0,0.0,0.0,0.0,True,G,1226,P
Europa,False,TRAPPIST-1e,37.0,False,0.0,6506.0,0.0,764.0,0.0,True,C,19,P
Mars,True,TRAPPIST-1e,15.0,False,0.0,0.0,0.0,0.0,0.0,True,F,999,P
Earth,False,TRAPPIST-1e,28.0,,944.0,0.0,0.0,0.0,75.0,False,G,1108,P
Earth,False,TRAPPIST-1e,21.0,False,5.0,0.0,0.0,2.0,1061.0,False,F,287,S
Earth,False,TRAPPIST-1e,37.0,False,0.0,0.0,0.0,0.0,0.0,False,G,1254,P
Earth,True,TRAPPIST-1e,13.0,False,0.0,0.0,0.0,0.0,0.0,True,G,18,P
Earth,True,55 Cancri e,17.0,False,0.0,0.0,0.0,0.0,0.0,True,G,614,S
Earth,True,PSO J318.5-22,17.0,False,0.0,0.0,0.0,0.0,0.0,True,G,1293,S
Europa,False,TRAPPIST-1e,64.0,False,77.0,2424.0,0.0,3001.0,127.0,False,C,144,P
Europa,False,TRAPPIST-1e,12.0,False,0.0,0.0,0.0,0.0,0.0,True,B,99,S
Earth,False,PSO J318.5-22,37.0,False,4.0,0.0,223.0,512.0,1.0,False,F,833,P
Earth,False,55 Cancri e,3.0,False,0.0,0.0,0.0,0.0,0.0,True,G,765,S
Mars,True,,34.0,False,0.0,0.0,0.0,0.0,0.0,True,F,949,S
Earth,False,55 Cancri e,22.0,False,0.0,0.0,1072.0,46.0,3.0,False,F,1855,P
Earth,False,55 Cancri e,24.0,False,1030.0,0.0,0.0,0.0,1122.0,False,F,305,P
Europa,False,TRAPPIST-1e,28.0,False,0.0,175.0,0.0,214.0,7461.0,False,A,51,P
,False,TRAPPIST-1e,18.0,False,0.0,0.0,0.0,1565.0,224.0,False,G,626,S
,True,TRAPPIST-1e,20.0,False,0.0,0.0,0.0,0.0,0.0,True,B,134,P
Earth,False,TRAPPIST-1e,56.0,False,0.0,112.0,0.0,1379.0,127.0,False,E,2,S
Earth,False,TRAPPIST-1e,38.0,False,622.0,1319.0,42.0,1.0,444.0,False,F,1387,S
Mars,False,TRAPPIST-1e,45.0,False,877.0,0.0,1383.0,0.0,0.0,False,F,175,S
Earth,False,TRAPPIST-1e,21.0,False,3.0,0.0,0.0,881.0,0.0,False,G,447,S
Europa,True,TRAPPIST-1e,40.0,False,0.0,0.0,0.0,0.0,0.0,True,C,19,P
,False,TRAPPIST-1e,28.0,False,0.0,1376.0,4.0,0.0,0.0,True,F,703,P
Earth,True,TRAPPIST-1e,9.0,False,0.0,0.0,0.0,0.0,0.0,False,G,505,S
Mars,False,TRAPPIST-1e,35.0,False,1890.0,0.0,497.0,1.0,0.0,False,D,48,P
Earth,False,,41.0,False,0.0,0.0,0.0,0.0,607.0,False,F,32,P
Earth,True,PSO J318.5-22,18.0,False,0.0,0.0,0.0,0.0,0.0,True,G,331,P
Mars,False,TRAPPIST-1e,3.0,False,0.0,0.0,0.0,0.0,0.0,True,F,525,P
Earth,False,TRAPPIST-1e,38.0,False,792.0,0.0,,1.0,29.0,True,F,648,S
Europa,False,TRAPPIST-1e,33.0,False,1.0,2223.0,0.0,12.0,404.0,True,D,4,P
Europa,False,TRAPPIST-1e,29.0,False,4.0,3439.0,0.0,0.0,0.0,True,D,111,P
Europa,False,55 Cancri e,62.0,False,362.0,1049.0,46.0,104.0,829.0,True,A,72,P
Earth,True,PSO J318.5-22,16.0,False,0.0,0.0,0.0,0.0,0.0,True,G,1002,S
Europa,False,TRAPPIST-1e,28.0,False,0.0,3317.0,77.0,0.0,130.0,True,B,270,P
,False,TRAPPIST-1e,26.0,False,0.0,597.0,0.0,0.0,212.0,False,G,578,P
Europa,True,TRAPPIST-1e,14.0,False,0.0,0.0,0.0,0.0,0.0,True,C,157,P
Mars,True,TRAPPIST-1e,55.0,False,0.0,0.0,0.0,0.0,0.0,True,F,1772,P
Earth,True,TRAPPIST-1e,3.0,,0.0,0.0,0.0,0.0,0.0,True,G,806,S
Europa,False,TRAPPIST-1e,25.0,False,0.0,3590.0,0.0,27.0,0.0,True,C,232,P
Earth,False,TRAPPIST-1e,33.0,False,48.0,94.0,756.0,308.0,0.0,False,F,1223,P
Earth,True,TRAPPIST-1e,,False,0.0,0.0,0.0,0.0,0.0,False,G,563,S
Earth,,TRAPPIST-1e,21.0,False,0.0,20.0,1540.0,80.0,512.0,False,F,1248,S
Earth,False,TRAPPIST-1e,28.0,False,0.0,14.0,0.0,0.0,615.0,False,F,88,S
Earth,False,,34.0,False,0.0,847.0,14.0,0.0,0.0,True,F,758,S
Europa,True,55 Cancri e,43.0,,0.0,0.0,0.0,0.0,0.0,True,C,295,S
Earth,False,PSO J318.5-22,30.0,False,1269.0,9.0,0.0,0.0,0.0,False,F,1756,S
Europa,False,TRAPPIST-1e,38.0,False,0.0,3135.0,0.0,26.0,3.0,True,T,3,P
Mars,False,TRAPPIST-1e,19.0,False,3097.0,0.0,9.0,0.0,213.0,False,D,23,S
Mars,False,55 Cancri e,42.0,False,1156.0,0.0,1.0,305.0,0.0,False,F,1266,P
,False,TRAPPIST-1e,38.0,False,0.0,3262.0,0.0,295.0,1374.0,True,B,38,P
Earth,False,TRAPPIST-1e,29.0,False,0.0,1026.0,0.0,16.0,0.0,True,F,75,S
Europa,True,55 Cancri e,26.0,False,0.0,0.0,0.0,0.0,0.0,True,A,42,S
Earth,False,PSO J318.5-22,16.0,False,0.0,1519.0,0.0,0.0,766.0,False,F,304,S
Earth,True,PSO J318.5-22,42.0,False,0.0,0.0,0.0,0.0,0.0,True,G,388,P
Earth,False,TRAPPIST-1e,19.0,False,194.0,44.0,0.0,549.0,1.0,False,E,178,S
Earth,False,TRAPPIST-1e,18.0,False,0.0,17.0,5.0,0.0,712.0,True,F,1558,S
Earth,False,55 Cancri e,19.0,False,558.0,0.0,353.0,0.0,8.0,False,F,860,P
Earth,False,TRAPPIST-1e,23.0,False,0.0,1573.0,0.0,36.0,0.0,True,E,213,S
Mars,True,TRAPPIST-1e,36.0,False,0.0,0.0,0.0,0.0,0.0,True,F,686,S
Earth,True,TRAPPIST-1e,41.0,False,0.0,0.0,0.0,0.0,0.0,False,G,211,P
Earth,False,TRAPPIST-1e,21.0,False,11.0,1475.0,0.0,0.0,0.0,True,F,1768,P
Earth,False,TRAPPIST-1e,12.0,False,0.0,0.0,0.0,0.0,0.0,True,G,507,P
Earth,True,TRAPPIST-1e,30.0,,0.0,0.0,0.0,0.0,0.0,True,G,727,S
Mars,True,55 Cancri e,25.0,False,0.0,0.0,0.0,0.0,0.0,True,D,93,S
Mars,False,TRAPPIST-1e,18.0,False,32.0,1255.0,1.0,0.0,0.0,True,F,1697,P
Mars,True,TRAPPIST-1e,24.0,False,,0.0,0.0,0.0,0.0,True,F,395,S
Earth,False,TRAPPIST-1e,36.0,False,,361.0,512.0,34.0,0.0,True,G,1082,P
Earth,False,TRAPPIST-1e,23.0,False,,21.0,0.0,0.0,1699.0,False,G,69,P
Earth,True,TRAPPIST-1e,28.0,False,0.0,0.0,0.0,0.0,0.0,True,G,187,S
Europa,True,TRAPPIST-1e,23.0,False,0.0,0.0,,0.0,0.0,True,B,208,P
Mars,True,TRAPPIST-1e,34.0,False,0.0,0.0,0.0,0.0,0.0,True,F,1429,S
Europa,True,TRAPPIST-1e,32.0,False,0.0,0.0,0.0,0.0,0.0,True,C,151,P
Mars,True,PSO J318.5-22,,False,0.0,0.0,0.0,0.0,0.0,True,F,1002,S
Earth,False,55 Cancri e,23.0,False,9.0,1.0,0.0,492.0,109.0,True,F,1361,S
Europa,False,TRAPPIST-1e,38.0,False,2.0,114.0,771.0,3094.0,448.0,False,B,175,S
Mars,False,TRAPPIST-1e,42.0,False,4102.0,0.0,36.0,0.0,1825.0,False,F,940,P
Earth,False,TRAPPIST-1e,3.0,False,0.0,0.0,0.0,0.0,0.0,True,G,1004,P
Earth,False,TRAPPIST-1e,22.0,False,0.0,747.0,8.0,0.0,314.0,False,F,1113,P
Europa,False,TRAPPIST-1e,36.0,False,0.0,972.0,0.0,795.0,575.0,False,C,5,P
Europa,True,TRAPPIST-1e,50.0,False,0.0,0.0,0.0,0.0,0.0,True,B,85,S
Europa,False,TRAPPIST-1e,37.0,False,636.0,333.0,0.0,205.0,67.0,False,B,44,P
Mars,False,55 Cancri e,53.0,False,83.0,0.0,1590.0,60.0,0.0,True,D,193,S
Europa,True,55 Cancri e,41.0,False,0.0,0.0,0.0,0.0,0.0,True,C,120,P
Earth,False,TRAPPIST-1e,37.0,False,0.0,27.0,11.0,732.0,5.0,False,F,309,S
Earth,False,TRAPPIST-1e,48.0,False,58.0,0.0,12.0,,0.0,False,E,171,S
Europa,False,TRAPPIST-1e,48.0,False,3784.0,917.0,146.0,1770.0,880.0,False,B,279,P
Earth,True,TRAPPIST-1e,0.0,False,0.0,0.0,0.0,0.0,0.0,False,G,222,P
Earth,False,PSO J318.5-22,1.0,False,0.0,0.0,0.0,0.0,0.0,True,G,1433,S
Earth,True,TRAPPIST-1e,1.0,False,0.0,0.0,0.0,0.0,0.0,False,G,881,P
Mars,False,TRAPPIST-1e,18.0,False,2048.0,0.0,2.0,848.0,0.0,False,F,1775,P
Mars,False,TRAPPIST-1e,23.0,False,1695.0,0.0,0.0,31.0,349.0,False,E,42,P
Mars,False,TRAPPIST-1e,18.0,False,4397.0,610.0,1437.0,4.0,0.0,False,F,1162,S
Earth,False,TRAPPIST-1e,24.0,False,45.0,588.0,5.0,7.0,0.0,True,F,742,S
Europa,False,TRAPPIST-1e,41.0,False,0.0,3240.0,0.0,59.0,0.0,True,E,133,S
Earth,False,55 Cancri e,24.0,False,930.0,691.0,838.0,0.0,0.0,False,F,96,S
Earth,True,TRAPPIST-1e,1.0,False,0.0,0.0,0.0,0.0,0.0,True,G,29,P
Earth,False,TRAPPIST-1e,45.0,False,1595.0,0.0,0.0,0.0,13.0,False,E,425,P
Europa,True,TRAPPIST-1e,27.0,False,0.0,0.0,0.0,0.0,0.0,True,B,41,S
Mars,True,TRAPPIST-1e,18.0,False,0.0,0.0,0.0,0.0,0.0,True,F,1405,P
Europa,False,TRAPPIST-1e,44.0,False,0.0,819.0,835.0,266.0,4056.0,False,C,242,S
Earth,True,TRAPPIST-1e,43.0,False,0.0,0.0,0.0,0.0,,True,G,611,P
Europa,True,TRAPPIST-1e,,False,0.0,0.0,0.0,0.0,0.0,True,C,329,S
Earth,True,TRAPPIST-1e,54.0,False,0.0,0.0,0.0,0.0,0.0,False,G,1471,P
Europa,True,TRAPPIST-1e,24.0,False,0.0,0.0,0.0,0.0,0.0,True,C,99,S
Earth,False,TRAPPIST-1e,16.0,False,0.0,58.0,12.0,68.0,653.0,False,E,69,P
Earth,False,TRAPPIST-1e,27.0,False,0.0,0.0,580.0,211.0,0.0,False,E,273,S
Earth,False,TRAPPIST-1e,58.0,False,0.0,0.0,0.0,1989.0,18.0,False,F,1239,P
Earth,True,TRAPPIST-1e,4.0,,0.0,0.0,0.0,0.0,0.0,False,G,292,S
Europa,False,TRAPPIST-1e,31.0,False,0.0,1219.0,7.0,104.0,1082.0,True,B,213,S
Earth,False,TRAPPIST-1e,0.0,False,0.0,0.0,0.0,0.0,0.0,True,G,500,S
Earth,False,TRAPPIST-1e,2.0,False,0.0,0.0,0.0,0.0,0.0,False,G,1032,P
Earth,,TRAPPIST-1e,58.0,False,0.0,985.0,0.0,5.0,0.0,True,E,11,S
Europa,True,55 Cancri e,,False,0.0,0.0,0.0,0.0,0.0,True,B,161,S
Europa,False,55 Cancri e,36.0,False,0.0,8151.0,5.0,0.0,8182.0,False,C,306,S
Europa,False,TRAPPIST-1e,26.0,False,2381.0,1772.0,0.0,0.0,2618.0,False,C,100,S
,False,PSO J318.5-22,49.0,False,0.0,,0.0,160.0,528.0,False,F,570,S
Europa,False,TRAPPIST-1e,25.0,False,0.0,4612.0,0.0,2585.0,1919.0,False,C,220,P
Earth,False,TRAPPIST-1e,23.0,False,0.0,0.0,0.0,724.0,80.0,False,F,787,P
Europa,False,55 Cancri e,28.0,False,89.0,4826.0,0.0,2.0,1598.0,True,C,129,P
Europa,False,TRAPPIST-1e,35.0,False,25.0,866.0,0.0,3198.0,459.0,False,C,170,P
Europa,False,TRAPPIST-1e,14.0,False,0.0,3124.0,40.0,219.0,189.0,False,A,75,P
Europa,True,55 Cancri e,33.0,False,0.0,0.0,0.0,0.0,0.0,True,C,280,P
,False,TRAPPIST-1e,49.0,False,226.0,11.0,2.0,1580.0,0.0,False,F,1132,P
Earth,False,TRAPPIST-1e,21.0,False,942.0,0.0,0.0,0.0,7.0,False,F,372,S
Earth,False,55 Cancri e,27.0,False,0.0,14.0,0.0,734.0,331.0,True,F,819,S
Earth,True,,19.0,False,0.0,0.0,0.0,0.0,0.0,True,G,805,S
Earth,,PSO J318.5-22,29.0,False,5.0,598.0,,0.0,0.0,False,F,1436,S
Earth,False,TRAPPIST-1e,55.0,False,0.0,0.0,0.0,507.0,909.0,True,F,1123,S
Earth,False,TRAPPIST-1e,22.0,False,0.0,32.0,33.0,429.0,1174.0,False,E,409,S
Earth,False,PSO J318.5-22,31.0,False,121.0,0.0,0.0,274.0,907.0,False,F,76,P
Europa,,55 Cancri e,,False,3478.0,10.0,0.0,105.0,2383.0,False,C,231,S
Earth,True,PSO J318.5-22,51.0,False,0.0,0.0,0.0,0.0,0.0,True,G,953,S
Earth,False,,9.0,False,0.0,0.0,0.0,0.0,0.0,False,G,630,S
,,55 Cancri e,18.0,False,0.0,4387.0,0.0,2241.0,0.0,True,C,140,S
Earth,False,TRAPPIST-1e,15.0,False,9.0,776.0,4.0,0.0,2.0,True,E,441,P
Europa,True,TRAPPIST-1e,18.0,False,0.0,0.0,0.0,0.0,0.0,True,C,133,S
Mars,False,TRAPPIST-1e,33.0,False,1933.0,12.0,188.0,1.0,0.0,False,E,13,S
Earth,False,TRAPPIST-1e,16.0,False,0.0,0.0,752.0,0.0,235.0,False,E,73,P
,False,55 Cancri e,25.0,False,0.0,641.0,0.0,2.0,0.0,True,E,179,P
Europa,False,TRAPPIST-1e,38.0,False,0.0,3060.0,0.0,4.0,2325.0,False,B,150,S
Mars,False,55 Cancri e,0.0,False,0.0,0.0,0.0,0.0,0.0,True,F,63,S
Europa,True,55 Cancri e,26.0,True,0.0,0.0,0.0,0.0,0.0,True,B,82,S
Earth,False,55 Cancri e,48.0,False,0.0,717.0,0.0,0.0,10.0,True,F,1637,S
Earth,False,TRAPPIST-1e,,False,717.0,0.0,0.0,0.0,0.0,False,F,415,S
Earth,False,PSO J318.5-22,62.0,False,3.0,0.0,2908.0,0.0,0.0,True,F,718,P
Earth,False,TRAPPIST-1e,37.0,False,608.0,0.0,6.0,0.0,1637.0,False,F,574,S
Europa,True,55 Cancri e,51.0,False,0.0,0.0,0.0,0.0,0.0,True,C,230,S
Europa,False,TRAPPIST-1e,22.0,False,0.0,5.0,0.0,12.0,6111.0,False,C,125,S
Europa,False,55 Cancri e,40.0,False,2320.0,0.0,4874.0,3131.0,498.0,True,C,155,S
Earth,False,TRAPPIST-1e,18.0,False,0.0,1.0,0.0,80.0,826.0,False,G,343,P
Mars,False,TRAPPIST-1e,30.0,False,697.0,0.0,602.0,0.0,0.0,False,E,531,P
Mars,True,TRAPPIST-1e,3.0,False,0.0,0.0,0.0,0.0,0.0,True,F,96,P
Mars,True,,29.0,False,0.0,0.0,0.0,0.0,0.0,True,F,862,S
Mars,True,TRAPPIST-1e,,False,0.0,0.0,0.0,0.0,0.0,True,D,124,P
Earth,False,TRAPPIST-1e,22.0,False,558.0,63.0,0.0,0.0,0.0,False,G,1271,S
Mars,True,55 Cancri e,41.0,False,0.0,0.0,0.0,0.0,0.0,True,F,611,P
Europa,True,55 Cancri e,33.0,False,0.0,0.0,0.0,0.0,0.0,True,C,324,S
Earth,False,55 Cancri e,21.0,False,639.0,0.0,0.0,0.0,0.0,False,F,1030,P
Mars,False,TRAPPIST-1e,0.0,False,0.0,0.0,0.0,0.0,0.0,True,F,1734,S
Earth,True,55 Cancri e,23.0,False,0.0,0.0,0.0,0.0,0.0,True,G,897,S
Mars,False,TRAPPIST-1e,38.0,False,1100.0,43.0,163.0,3.0,0.0,False,F,773,S
Earth,False,TRAPPIST-1e,23.0,False,509.0,0.0,193.0,0.0,2.0,False,G,1205,P
Earth,False,TRAPPIST-1e,21.0,False,29.0,27.0,47.0,694.0,11.0,False,G,743,S
Earth,False,TRAPPIST-1e,19.0,False,0.0,0.0,2078.0,0.0,0.0,True,F,63,P
Earth,False,PSO J318.5-22,27.0,False,0.0,0.0,0.0,1606.0,3675.0,False,G,1434,S
Earth,False,TRAPPIST-1e,36.0,False,0.0,75.0,106.0,0.0,1903.0,True,F,1117,S
Earth,False,TRAPPIST-1e,18.0,False,0.0,0.0,1359.0,0.0,0.0,True,F,59,S
Earth,False,TRAPPIST-1e,15.0,False,0.0,0.0,0.0,6.0,607.0,False,F,720,P
Earth,False,TRAPPIST-1e,19.0,False,1.0,4.0,0.0,750.0,3.0,False,F,515,S
Earth,False,TRAPPIST-1e,18.0,False,0.0,2.0,0.0,,0.0,False,G,44,S
Earth,False,55 Cancri e,10.0,False,0.0,0.0,0.0,0.0,0.0,True,G,795,S
Europa,True,55 Cancri e,32.0,False,0.0,0.0,0.0,0.0,0.0,True,B,123,S
Earth,False,TRAPPIST-1e,20.0,False,,0.0,151.0,508.0,0.0,False,F,1331,P
Europa,True,TRAPPIST-1e,41.0,False,0.0,0.0,0.0,0.0,0.0,True,C,185,P
Europa,True,55 Cancri e,21.0,False,0.0,0.0,0.0,0.0,0.0,True,B,200,S
Mars,False,TRAPPIST-1e,26.0,False,782.0,0.0,0.0,2503.0,1.0,False,D,216,S
Europa,False,55 Cancri e,41.0,False,3.0,1320.0,0.0,0.0,12392.0,False,B,344,S
Earth,False,TRAPPIST-1e,49.0,False,355.0,449.0,8.0,0.0,0.0,False,G,1109,P
Mars,True,TRAPPIST-1e,20.0,False,0.0,0.0,0.0,0.0,0.0,True,F,935,S
Earth,False,55 Cancri e,24.0,False,0.0,479.0,116.0,1.0,37.0,False,F,1274,P
Earth,False,TRAPPIST-1e,24.0,False,90.0,2.0,1324.0,17.0,0.0,True,G,47,P
Mars,False,TRAPPIST-1e,23.0,False,690.0,0.0,0.0,292.0,1596.0,False,D,196,P
Earth,False,TRAPPIST-1e,44.0,False,0.0,509.0,129.0,246.0,0.0,True,G,1031,S
Earth,False,TRAPPIST-1e,13.0,False,0.0,114.0,682.0,0.0,7.0,False,F,1447,P
Europa,True,55 Cancri e,33.0,False,0.0,0.0,0.0,0.0,0.0,True,B,287,S
Earth,True,TRAPPIST-1e,3.0,False,0.0,0.0,0.0,0.0,0.0,True,G,732,S
Mars,False,TRAPPIST-1e,19.0,False,506.0,0.0,395.0,159.0,229.0,False,F,711,P
Earth,False,TRAPPIST-1e,61.0,False,0.0,368.0,3.0,4422.0,0.0,False,E,110,S
Earth,False,TRAPPIST-1e,17.0,False,0.0,628.0,0.0,66.0,449.0,True,F,794,S
Earth,True,TRAPPIST-1e,32.0,False,0.0,0.0,0.0,0.0,0.0,True,G,748,P
,True,TRAPPIST-1e,7.0,False,0.0,0.0,0.0,0.0,0.0,True,F,1825,P
Earth,False,TRAPPIST-1e,27.0,False,93.0,0.0,0.0,0.0,772.0,False,F,1329,P
Mars,False,TRAPPIST-1e,37.0,False,148.0,0.0,684.0,1446.0,88.0,False,F,1774,S
Earth,True,TRAPPIST-1e,26.0,False,,0.0,0.0,0.0,0.0,True,G,16,S
Earth,False,TRAPPIST-1e,36.0,False,0.0,11.0,0.0,18.0,872.0,False,F,194,P
Earth,False,55 Cancri e,19.0,False,720.0,2.0,,,0.0,False,F,1723,S
Earth,False,TRAPPIST-1e,16.0,,0.0,0.0,641.0,33.0,29.0,True,F,1161,S
Europa,False,TRAPPIST-1e,37.0,False,223.0,9495.0,0.0,1318.0,1866.0,True,A,43,P
Earth,True,PSO J318.5-22,19.0,False,0.0,0.0,0.0,0.0,0.0,True,G,1459,P
Earth,True,55 Cancri e,15.0,False,0.0,,0.0,0.0,0.0,True,F,1742,S
Earth,False,TRAPPIST-1e,27.0,False,0.0,1.0,667.0,897.0,43.0,False,E,361,S
Europa,True,55 Cancri e,25.0,False,0.0,0.0,0.0,0.0,0.0,True,A,21,P
Mars,True,TRAPPIST-1e,3.0,False,0.0,0.0,0.0,,0.0,True,F,868,P
Earth,False,TRAPPIST-1e,43.0,False,0.0,9.0,1145.0,0.0,0.0,False,F,483,S
Earth,False,TRAPPIST-1e,31.0,False,116.0,,298.0,2.0,227.0,False,G,1317,S
Mars,False,TRAPPIST-1e,22.0,False,1035.0,0.0,264.0,0.0,0.0,False,E,357,P
Earth,False,TRAPPIST-1e,26.0,False,1.0,0.0,1.0,15.0,854.0,False,F,1770,P
Europa,False,TRAPPIST-1e,40.0,False,0.0,120.0,0.0,2814.0,318.0,False,C,221,P
Earth,False,55 Cancri e,16.0,False,0.0,11.0,0.0,863.0,0.0,False,F,1630,P
Earth,False,TRAPPIST-1e,31.0,False,0.0,679.0,0.0,0.0,213.0,True,G,837,S
Earth,False,TRAPPIST-1e,6.0,,0.0,0.0,0.0,0.0,0.0,True,G,1058,S
Europa,True,TRAPPIST-1e,28.0,False,0.0,0.0,0.0,0.0,0.0,True,A,14,S
Europa,True,TRAPPIST-1e,38.0,False,0.0,0.0,0.0,0.0,0.0,True,E,481,P
Earth,False,55 Cancri e,54.0,False,801.0,5.0,0.0,0.0,0.0,True,F,1319,P
Europa,True,55 Cancri e,42.0,False,0.0,0.0,0.0,0.0,0.0,True,B,46,S
Europa,True,55 Cancri e,,False,0.0,0.0,0.0,0.0,0.0,True,A,46,S
Mars,,TRAPPIST-1e,19.0,False,0.0,0.0,0.0,0.0,0.0,True,F,952,P
Mars,,TRAPPIST-1e,36.0,False,0.0,0.0,0.0,0.0,0.0,True,F,1126,P
Earth,False,,24.0,False,0.0,96.0,0.0,597.0,0.0,False,F,1597,P
Earth,False,TRAPPIST-1e,26.0,False,485.0,8.0,3958.0,0.0,0.0,True,G,1277,P
Earth,False,TRAPPIST-1e,20.0,False,508.0,0.0,1.0,1372.0,0.0,False,G,530,P
Mars,,TRAPPIST-1e,40.0,False,2357.0,0.0,9.0,0.0,0.0,False,F,221,S
Europa,True,55 Cancri e,35.0,False,0.0,0.0,0.0,0.0,0.0,True,E,336,P
Earth,False,TRAPPIST-1e,24.0,False,0.0,489.0,21.0,0.0,184.0,False,F,1362,S
Earth,False,TRAPPIST-1e,36.0,False,9.0,247.0,0.0,482.0,16.0,False,G,970,P
Mars,False,TRAPPIST-1e,18.0,False,1744.0,0.0,8.0,8.0,0.0,False,F,1019,S
Europa,False,TRAPPIST-1e,33.0,False,0.0,7039.0,0.0,902.0,405.0,True,C,179,S
Earth,,PSO J318.5-22,20.0,False,0.0,0.0,585.0,0.0,10.0,False,F,564,S
Earth,True,TRAPPIST-1e,13.0,False,0.0,0.0,0.0,0.0,0.0,True,G,688,S
Earth,False,TRAPPIST-1e,19.0,False,0.0,0.0,0.0,888.0,0.0,False,G,954,S
Earth,False,TRAPPIST-1e,19.0,False,2110.0,0.0,0.0,0.0,1.0,False,F,1554,P
Europa,True,55 Cancri e,47.0,False,0.0,0.0,0.0,0.0,0.0,True,C,232,P
Earth,True,TRAPPIST-1e,16.0,False,0.0,0.0,0.0,0.0,0.0,True,G,831,P
Earth,False,55 Cancri e,15.0,False,0.0,714.0,0.0,0.0,0.0,True,G,1219,P
Europa,False,55 Cancri e,51.0,False,0.0,6.0,0.0,2085.0,67.0,False,A,21,P
Earth,True,TRAPPIST-1e,13.0,False,0.0,0.0,0.0,0.0,0.0,True,G,812,P
Earth,False,TRAPPIST-1e,31.0,False,1177.0,2.0,0.0,,1.0,False,F,1083,P
Mars,False,TRAPPIST-1e,46.0,False,227.0,0.0,1546.0,3.0,2.0,True,D,133,S
Europa,False,PSO J318.5-22,36.0,True,2.0,6504.0,0.0,98.0,4.0,True,B,258,P
Europa,False,55 Cancri e,26.0,True,0.0,186.0,,548.0,5058.0,False,A,24,P
Earth,False,TRAPPIST-1e,0.0,False,0.0,0.0,0.0,0.0,0.0,True,G,1313,S
Earth,True,TRAPPIST-1e,8.0,False,0.0,0.0,0.0,0.0,0.0,False,G,657,P
Earth,True,PSO J318.5-22,22.0,False,0.0,0.0,0.0,0.0,0.0,False,G,374,S
Europa,True,55 Cancri e,46.0,False,0.0,0.0,0.0,0.0,,True,B,278,P
Mars,False,55 Cancri e,55.0,False,14.0,0.0,0.0,3778.0,1.0,False,D,119,P
Europa,True,55 Cancri e,28.0,False,0.0,0.0,0.0,0.0,0.0,True,C,199,S
Earth,False,PSO J318.5-22,19.0,False,23.0,0.0,0.0,0.0,732.0,False,G,474,S
Europa,False,TRAPPIST-1e,57.0,False,0.0,0.0,0.0,0.0,0.0,True,B,169,S
Mars,False,TRAPPIST-1e,16.0,False,1095.0,0.0,54.0,0.0,0.0,False,F,1626,P
Earth,False,TRAPPIST-1e,21.0,False,0.0,0.0,809.0,0.0,0.0,False,G,278,S
Earth,False,PSO J318.5-22,23.0,False,4.0,157.0,142.0,,196.0,False,G,691,S
Earth,False,PSO J318.5-22,17.0,False,0.0,1381.0,2.0,0.0,0.0,False,F,1475,P
Earth,False,TRAPPIST-1e,35.0,False,2224.0,,105.0,1.0,0.0,False,G,1155,S
Earth,False,PSO J318.5-22,20.0,False,0.0,4.0,0.0,0.0,625.0,False,F,1774,P
Europa,True,TRAPPIST-1e,35.0,False,0.0,,0.0,0.0,0.0,True,B,209,P
Earth,False,TRAPPIST-1e,21.0,,12.0,0.0,0.0,1658.0,0.0,False,E,379,P
Earth,False,55 Cancri e,27.0,False,339.0,104.0,116.0,160.0,0.0,True,E,185,S
Europa,False,55 Cancri e,44.0,False,0.0,71.0,7148.0,427.0,394.0,True,B,287,P
Earth,True,TRAPPIST-1e,16.0,False,0.0,0.0,0.0,0.0,0.0,True,G,411,P
Earth,False,55 Cancri e,22.0,False,0.0,30.0,0.0,0.0,673.0,False,F,459,S
Europa,True,PSO J318.5-22,32.0,False,0.0,0.0,0.0,0.0,0.0,True,C,83,P
,False,PSO J318.5-22,15.0,False,85.0,373.0,160.0,5.0,0.0,True,G,574,S
Europa,False,55 Cancri e,33.0,False,0.0,38.0,0.0,1.0,3167.0,False,A,64,P
Earth,False,PSO J318.5-22,18.0,False,16.0,6.0,735.0,0.0,0.0,True,F,725,S
Earth,True,55 Cancri e,7.0,False,0.0,0.0,0.0,0.0,0.0,False,G,1242,S
Europa,False,55 Cancri e,27.0,False,0.0,6924.0,849.0,149.0,1166.0,True,C,201,P
Earth,False,55 Cancri e,14.0,,325.0,0.0,19.0,506.0,2.0,False,G,1254,S
Europa,False,TRAPPIST-1e,26.0,True,0.0,0.0,0.0,0.0,0.0,True,B,201,S
Earth,True,TRAPPIST-1e,0.0,False,0.0,0.0,0.0,0.0,0.0,True,G,1242,S
Earth,False,TRAPPIST-1e,19.0,False,0.0,0.0,670.0,1.0,34.0,False,G,9,P
Mars,True,TRAPPIST-1e,33.0,False,0.0,0.0,0.0,0.0,0.0,True,F,631,P
Earth,True,PSO J318.5-22,20.0,False,0.0,0.0,0.0,0.0,0.0,False,G,645,S
Mars,True,TRAPPIST-1e,12.0,False,0.0,0.0,0.0,0.0,0.0,True,F,743,S
Earth,False,TRAPPIST-1e,9.0,False,0.0,0.0,0.0,0.0,0.0,True,G,1476,P
Europa,True,TRAPPIST-1e,22.0,False,0.0,0.0,0.0,0.0,0.0,True,B,194,S
Earth,False,TRAPPIST-1e,49.0,False,651.0,25.0,0.0,849.0,2.0,False,F,421,S
Earth,False,,33.0,False,6.0,0.0,0.0,0.0,950.0,False,F,1198,S
Mars,False,TRAPPIST-1e,12.0,,0.0,0.0,0.0,0.0,0.0,True,F,523,S
Earth,True,55 Cancri e,14.0,False,0.0,0.0,0.0,0.0,0.0,True,G,952,S
Europa,True,55 Cancri e,31.0,False,0.0,0.0,0.0,0.0,0.0,True,E,330,P
Europa,False,TRAPPIST-1e,27.0,False,390.0,1377.0,0.0,2809.0,4914.0,False,C,279,S
Europa,False,55 Cancri e,37.0,False,1.0,4462.0,1.0,9206.0,3.0,False,B,238,P
Mars,False,TRAPPIST-1e,31.0,False,1979.0,0.0,2.0,112.0,0.0,False,F,1251,S
Mars,False,TRAPPIST-1e,38.0,False,886.0,0.0,618.0,0.0,0.0,False,F,588,S
Mars,True,TRAPPIST-1e,24.0,False,0.0,0.0,0.0,0.0,,False,F,1437,S
Europa,False,55 Cancri e,37.0,False,0.0,2215.0,2.0,1294.0,274.0,False,E,548,S
Earth,False,TRAPPIST-1e,26.0,False,808.0,60.0,0.0,16.0,3.0,False,G,598,P
Mars,True,TRAPPIST-1e,34.0,False,0.0,0.0,0.0,0.0,0.0,True,F,1156,P
Mars,False,55 Cancri e,0.0,False,0.0,0.0,,0.0,0.0,True,F,1114,P
Mars,False,TRAPPIST-1e,,False,134.0,0.0,6.0,1450.0,0.0,False,E,333,P
Earth,False,PSO J318.5-22,26.0,False,0.0,9.0,0.0,0.0,1376.0,False,F,943,S
Earth,,TRAPPIST-1e,45.0,False,112.0,406.0,198.0,0.0,0.0,True,F,1112,S
Mars,False,55 Cancri e,3.0,False,0.0,0.0,0.0,0.0,0.0,True,F,423,P
Mars,False,TRAPPIST-1e,22.0,False,741.0,0.0,1028.0,0.0,0.0,False,F,1497,P
Earth,False,TRAPPIST-1e,19.0,False,0.0,,115.0,126.0,491.0,True,F,193,P
Europa,False,PSO J318.5-22,27.0,True,69.0,5728.0,0.0,0.0,987.0,True,C,9,P
Mars,True,TRAPPIST-1e,7.0,False,0.0,0.0,0.0,0.0,0.0,True,F,1237,S
Earth,False,TRAPPIST-1e,33.0,False,457.0,0.0,0.0,0.0,445.0,False,F,1173,S
Mars,False,TRAPPIST-1e,31.0,False,43.0,782.0,1.0,660.0,0.0,False,F,272,P
Europa,,55 Cancri e,20.0,False,0.0,162.0,0.0,148.0,7619.0,False,B,83,S
Earth,False,TRAPPIST-1e,28.0,False,467.0,,0.0,0.0,307.0,False,G,852,P
,False,TRAPPIST-1e,21.0,False,5.0,0.0,0.0,22.0,639.0,False,F,1592,S
Earth,False,TRAPPIST-1e,40.0,False,1387.0,614.0,1564.0,5.0,0.0,False,G,627,P
Mars,True,TRAPPIST-1e,16.0,False,0.0,0.0,0.0,0.0,0.0,True,F,1259,S
Mars,False,TRAPPIST-1e,55.0,False,403.0,0.0,922.0,0.0,0.0,True,F,525,P
Earth,False,55 Cancri e,24.0,False,0.0,0.0,608.0,37.0,0.0,False,F,1630,S
Mars,False,TRAPPIST-1e,25.0,False,1610.0,29.0,6.0,0.0,0.0,False,F,1289,S
Earth,True,PSO J318.5-22,43.0,False,0.0,0.0,0.0,0.0,0.0,False,G,1186,P
Europa,False,55 Cancri e,50.0,False,4.0,217.0,0.0,2581.0,436.0,False,B,136,S
Earth,False,TRAPPIST-1e,29.0,False,0.0,0.0,702.0,0.0,56.0,False,F,1564,P
Earth,False,TRAPPIST-1e,18.0,False,381.0,4.0,0.0,0.0,368.0,False,G,618,S
Mars,False,TRAPPIST-1e,38.0,False,,0.0,363.0,7.0,3.0,False,E,342,S
Mars,False,TRAPPIST-1e,23.0,,60.0,1356.0,0.0,0.0,0.0,True,F,237,P
Earth,False,55 Cancri e,12.0,False,0.0,0.0,0.0,0.0,0.0,True,G,1476,S
Earth,False,TRAPPIST-1e,40.0,False,21.0,155.0,0.0,267.0,0.0,False,G,1406,P
Earth,,TRAPPIST-1e,23.0,False,0.0,806.0,0.0,2.0,0.0,True,G,870,P
Earth,False,TRAPPIST-1e,31.0,False,3.0,0.0,0.0,747.0,43.0,True,F,1363,P
Europa,False,TRAPPIST-1e,5.0,False,0.0,0.0,0.0,0.0,0.0,True,B,270,P
Earth,False,TRAPPIST-1e,21.0,False,0.0,0.0,,65.0,480.0,False,F,806,P
Earth,False,TRAPPIST-1e,26.0,False,886.0,0.0,0.0,0.0,21.0,False,G,435,P
Earth,False,,16.0,False,0.0,0.0,19.0,971.0,0.0,False,E,335,S
Earth,False,TRAPPIST-1e,8.0,False,0.0,0.0,0.0,0.0,0.0,False,G,1397,S
Europa,False,TRAPPIST-1e,27.0,False,,1381.0,0.0,148.0,2181.0,False,D,131,S
Earth,False,TRAPPIST-1e,23.0,False,0.0,1.0,292.0,0.0,340.0,False,F,1095,P
Mars,False,TRAPPIST-1e,41.0,False,2754.0,398.0,21.0,0.0,0.0,False,D,231,P
Mars,False,TRAPPIST-1e,23.0,False,1696.0,46.0,82.0,235.0,17.0,False,E,398,P
Earth,False,TRAPPIST-1e,33.0,False,0.0,0.0,2.0,787.0,1.0,False,E,109,P
Europa,True,TRAPPIST-1e,22.0,False,0.0,0.0,0.0,0.0,0.0,True,B,194,P
Europa,True,TRAPPIST-1e,37.0,False,0.0,0.0,0.0,0.0,0.0,True,B,65,P
Earth,False,TRAPPIST-1e,22.0,False,0.0,0.0,22.0,0.0,702.0,False,F,378,P
Mars,False,TRAPPIST-1e,53.0,False,868.0,0.0,686.0,520.0,24.0,False,E,524,S
Mars,False,TRAPPIST-1e,27.0,False,249.0,0.0,65.0,812.0,55.0,False,D,116,P
Europa,True,55 Cancri e,19.0,False,0.0,0.0,0.0,0.0,0.0,True,B,265,S
Europa,True,55 Cancri e,41.0,False,0.0,0.0,0.0,0.0,0.0,True,B,185,P
Earth,True,TRAPPIST-1e,7.0,False,,0.0,0.0,0.0,0.0,False,,,
Europa,False,TRAPPIST-1e,29.0,False,0.0,699.0,0.0,0.0,1955.0,False,D,56,P
Europa,True,55 Cancri e,58.0,False,0.0,0.0,0.0,0.0,0.0,True,B,289,S
Earth,False,55 Cancri e,27.0,False,3905.0,7.0,0.0,4.0,53.0,False,G,854,P
Earth,False,TRAPPIST-1e,21.0,False,588.0,0.0,17.0,0.0,1548.0,False,F,1374,P
Europa,False,TRAPPIST-1e,46.0,False,0.0,1119.0,0.0,3427.0,6595.0,False,C,17,P
,True,TRAPPIST-1e,,False,0.0,0.0,0.0,0.0,,True,C,306,S
Europa,True,TRAPPIST-1e,26.0,False,0.0,0.0,0.0,0.0,0.0,True,B,118,P
Earth,False,TRAPPIST-1e,23.0,False,58.0,396.0,15.0,,180.0,False,F,767,P
Earth,False,TRAPPIST-1e,27.0,False,14.0,1186.0,460.0,12.0,9.0,True,E,527,P
Europa,,TRAPPIST-1e,0.0,False,0.0,0.0,,0.0,0.0,True,C,230,S
Earth,True,PSO J318.5-22,1.0,False,,0.0,0.0,0.0,0.0,False,E,0,S
Earth,True,TRAPPIST-1e,13.0,False,0.0,0.0,0.0,0.0,0.0,True,G,1411,P
Earth,False,TRAPPIST-1e,8.0,False,0.0,0.0,0.0,0.0,0.0,False,G,420,P
Earth,False,TRAPPIST-1e,19.0,False,122.0,170.0,52.0,0.0,465.0,False,G,576,P
Earth,False,TRAPPIST-1e,33.0,False,954.0,0.0,10.0,3.0,2.0,False,F,328,P
Earth,False,TRAPPIST-1e,39.0,False,799.0,0.0,0.0,4.0,0.0,False,F,1600,S
Europa,True,55 Cancri e,30.0,False,0.0,0.0,0.0,0.0,0.0,True,B,273,S
Earth,True,55 Cancri e,15.0,False,0.0,0.0,0.0,0.0,0.0,True,G,683,P
Earth,False,TRAPPIST-1e,,False,42.0,0.0,671.0,71.0,0.0,False,G,594,S
Earth,False,55 Cancri e,21.0,False,564.0,9.0,0.0,0.0,30.0,True,F,907,S
Earth,False,PSO J318.5-22,15.0,False,521.0,162.0,62.0,5.0,0.0,True,G,164,S
Europa,False,TRAPPIST-1e,51.0,False,1.0,3935.0,0.0,146.0,0.0,True,C,107,S
Europa,False,55 Cancri e,23.0,False,0.0,8037.0,,1.0,2.0,True,B,82,S
Earth,False,TRAPPIST-1e,17.0,False,5.0,0.0,1317.0,287.0,0.0,True,E,421,S
Earth,,TRAPPIST-1e,18.0,False,289.0,1809.0,3.0,2.0,2.0,True,F,1260,S
Earth,False,TRAPPIST-1e,30.0,False,0.0,6.0,0.0,0.0,1435.0,True,F,1340,S
Europa,True,TRAPPIST-1e,29.0,False,0.0,0.0,0.0,0.0,0.0,True,C,234,P
Earth,False,PSO J318.5-22,19.0,False,0.0,95.0,595.0,0.0,0.0,True,F,1106,S
Europa,False,55 Cancri e,30.0,False,0.0,3564.0,926.0,1.0,1920.0,False,C,43,P
Earth,True,TRAPPIST-1e,0.0,False,0.0,0.0,0.0,0.0,0.0,True,G,577,P
Mars,True,55 Cancri e,30.0,False,0.0,0.0,0.0,0.0,0.0,True,F,1129,S
Mars,False,,18.0,False,697.0,0.0,25.0,0.0,61.0,False,D,276,P
Mars,False,TRAPPIST-1e,41.0,False,1203.0,756.0,140.0,0.0,0.0,False,E,431,P
Earth,False,TRAPPIST-1e,19.0,False,0.0,265.0,882.0,2.0,293.0,False,F,881,P
Earth,False,TRAPPIST-1e,38.0,False,1517.0,0.0,0.0,27.0,0.0,False,F,47,P
Earth,False,TRAPPIST-1e,18.0,False,0.0,508.0,0.0,44.0,257.0,False,G,1318,P
Earth,True,PSO J318.5-22,46.0,False,0.0,0.0,0.0,0.0,0.0,False,G,101,S
Earth,True,TRAPPIST-1e,15.0,False,0.0,0.0,0.0,0.0,0.0,True,G,568,S
Mars,True,TRAPPIST-1e,25.0,False,0.0,0.0,0.0,0.0,0.0,True,F,635,S
Europa,True,55 Cancri e,19.0,False,0.0,0.0,0.0,0.0,0.0,True,C,137,S
Earth,False,TRAPPIST-1e,6.0,False,0.0,0.0,0.0,0.0,0.0,False,F,1808,P
Earth,False,TRAPPIST-1e,37.0,False,374.0,1327.0,10.0,81.0,0.0,False,G,753,S
Europa,False,TRAPPIST-1e,0.0,False,0.0,0.0,0.0,0.0,0.0,True,A,97,P
Europa,False,TRAPPIST-1e,28.0,False,2416.0,8926.0,41.0,1.0,462.0,True,C,85,S
Mars,False,TRAPPIST-1e,23.0,False,2260.0,0.0,152.0,106.0,60.0,False,D,152,S
Mars,False,TRAPPIST-1e,52.0,False,1364.0,131.0,444.0,0.0,0.0,True,D,184,P
Earth,False,TRAPPIST-1e,3.0,False,0.0,0.0,0.0,0.0,0.0,False,G,655,P
Earth,False,TRAPPIST-1e,14.0,False,756.0,84.0,0.0,8.0,99.0,False,F,194,S
Mars,False,,60.0,False,180.0,0.0,414.0,1181.0,0.0,False,F,1499,P
Europa,False,,33.0,False,0.0,3879.0,0.0,48.0,67.0,True,C,26,P
Europa,True,TRAPPIST-1e,14.0,False,0.0,0.0,0.0,0.0,0.0,True,A,91,P
Earth,False,TRAPPIST-1e,27.0,False,0.0,0.0,0.0,658.0,133.0,False,E,261,P
Earth,False,TRAPPIST-1e,31.0,False,2.0,788.0,0.0,128.0,9.0,True,G,477,S
Earth,False,TRAPPIST-1e,58.0,False,0.0,82.0,0.0,758.0,0.0,True,E,165,P
,True,PSO J318.5-22,16.0,False,0.0,0.0,0.0,0.0,0.0,True,G,704,S
Earth,False,TRAPPIST-1e,32.0,False,0.0,850.0,81.0,437.0,453.0,False,G,4,S
Earth,False,TRAPPIST-1e,0.0,False,0.0,0.0,0.0,0.0,0.0,False,G,1233,P
Europa,False,55 Cancri e,44.0,False,0.0,14201.0,0.0,22.0,584.0,True,C,156,S
Europa,True,PSO J318.5-22,35.0,False,0.0,0.0,0.0,0.0,0.0,True,C,256,P
Earth,False,55 Cancri e,23.0,False,0.0,169.0,0.0,553.0,0.0,False,F,354,P
Europa,False,55 Cancri e,40.0,False,82.0,1390.0,0.0,347.0,6237.0,False,C,115,S
Earth,True,PSO J318.5-22,3.0,False,0.0,0.0,0.0,0.0,0.0,False,G,383,S
Mars,False,TRAPPIST-1e,32.0,False,1843.0,0.0,662.0,0.0,0.0,False,F,832,P
Earth,False,PSO J318.5-22,13.0,False,16.0,0.0,87.0,544.0,0.0,False,F,852,P
Earth,False,55 Cancri e,58.0,False,0.0,435.0,2.0,0.0,239.0,False,G,1179,P
Earth,False,TRAPPIST-1e,6.0,False,0.0,0.0,0.0,0.0,0.0,False,G,1267,P
Mars,False,TRAPPIST-1e,36.0,False,386.0,0.0,756.0,6.0,0.0,False,F,1104,P
Earth,False,TRAPPIST-1e,16.0,False,0.0,458.0,725.0,0.0,0.0,True,F,1090,S
Mars,True,TRAPPIST-1e,,False,0.0,0.0,0.0,0.0,0.0,True,F,761,S
Mars,True,TRAPPIST-1e,26.0,False,0.0,0.0,0.0,0.0,0.0,True,F,1422,P
Europa,True,55 Cancri e,59.0,False,0.0,0.0,0.0,0.0,0.0,True,B,110,P
Earth,False,55 Cancri e,25.0,,258.0,0.0,306.0,311.0,24.0,True,F,1280,P
Mars,False,55 Cancri e,26.0,False,866.0,0.0,0.0,0.0,0.0,True,D,213,P
Mars,True,TRAPPIST-1e,13.0,False,0.0,0.0,0.0,0.0,0.0,True,F,859,P
Earth,False,TRAPPIST-1e,33.0,False,0.0,0.0,661.0,0.0,94.0,True,F,507,P
Europa,False,TRAPPIST-1e,15.0,False,0.0,22.0,6805.0,0.0,531.0,True,B,186,P
Earth,False,TRAPPIST-1e,33.0,False,0.0,0.0,0.0,417.0,2372.0,False,F,289,P
Earth,False,TRAPPIST-1e,30.0,False,558.0,4.0,0.0,175.0,0.0,False,F,143,S
Europa,True,TRAPPIST-1e,19.0,False,0.0,0.0,0.0,0.0,0.0,True,B,150,P
Mars,True,TRAPPIST-1e,19.0,False,0.0,0.0,0.0,,0.0,True,F,1769,S
Europa,True,55 Cancri e,40.0,False,0.0,0.0,0.0,0.0,0.0,True,B,229,S
Mars,False,TRAPPIST-1e,54.0,True,111.0,0.0,1144.0,8.0,23.0,False,F,846,P
Earth,False,TRAPPIST-1e,51.0,False,6.0,0.0,0.0,0.0,1164.0,True,F,1783,S
Earth,False,PSO J318.5-22,23.0,False,601.0,0.0,113.0,0.0,39.0,True,F,1243,S
Mars,False,55 Cancri e,47.0,False,275.0,0.0,,24.0,0.0,True,F,1002,S
Earth,True,TRAPPIST-1e,18.0,False,0.0,0.0,0.0,0.0,0.0,True,G,889,S
Earth,True,TRAPPIST-1e,19.0,False,0.0,0.0,0.0,0.0,0.0,True,G,107,P
Europa,True,TRAPPIST-1e,52.0,,0.0,0.0,0.0,0.0,0.0,True,B,300,P
Earth,False,TRAPPIST-1e,20.0,False,,25.0,0.0,11.0,0.0,False,F,1543,S
Earth,False,TRAPPIST-1e,25.0,False,0.0,38.0,0.0,847.0,112.0,False,E,255,P
Mars,False,TRAPPIST-1e,57.0,True,975.0,0.0,295.0,39.0,0.0,False,F,385,P
Earth,False,TRAPPIST-1e,19.0,False,0.0,168.0,481.0,0.0,0.0,True,F,1618,S
Mars,True,,41.0,False,0.0,0.0,0.0,0.0,0.0,True,F,1765,S
Mars,True,TRAPPIST-1e,21.0,False,0.0,0.0,0.0,0.0,0.0,True,F,1716,P
Earth,True,TRAPPIST-1e,19.0,False,0.0,0.0,0.0,0.0,0.0,True,G,809,S
Earth,False,55 Cancri e,24.0,False,0.0,1369.0,848.0,0.0,0.0,True,F,1120,S
Earth,False,TRAPPIST-1e,54.0,False,701.0,32.0,171.0,8.0,0.0,False,G,359,S
Earth,True,55 Cancri e,26.0,False,,0.0,0.0,0.0,0.0,True,G,1323,S
Earth,False,TRAPPIST-1e,26.0,False,0.0,10.0,0.0,702.0,1.0,False,F,455,P
Earth,False,TRAPPIST-1e,39.0,False,0.0,3.0,0.0,802.0,49.0,False,G,735,P
Earth,False,TRAPPIST-1e,53.0,False,0.0,68.0,0.0,920.0,4.0,True,G,945,S
Earth,False,TRAPPIST-1e,21.0,False,305.0,0.0,1.0,618.0,2.0,True,G,262,P
Earth,,TRAPPIST-1e,40.0,False,814.0,12.0,2.0,,79.0,True,G,844,S
Earth,False,TRAPPIST-1e,20.0,False,0.0,0.0,2687.0,35.0,340.0,False,F,739,P
Earth,True,55 Cancri e,18.0,False,0.0,0.0,0.0,0.0,0.0,True,G,944,S
Earth,False,TRAPPIST-1e,18.0,False,391.0,44.0,356.0,0.0,0.0,False,E,23,P
Earth,False,TRAPPIST-1e,21.0,False,9.0,0.0,0.0,0.0,800.0,False,G,245,P
Earth,False,TRAPPIST-1e,35.0,False,777.0,0.0,23.0,0.0,61.0,False,F,1779,P
Earth,True,TRAPPIST-1e,64.0,False,0.0,0.0,0.0,0.0,0.0,True,G,562,S
Earth,False,PSO J318.5-22,57.0,False,0.0,1.0,0.0,664.0,19.0,False,F,1391,S
Europa,,55 Cancri e,64.0,False,0.0,0.0,0.0,0.0,0.0,True,B,245,S
Mars,False,TRAPPIST-1e,26.0,False,1752.0,22.0,0.0,4.0,,False,D,64,S
,False,TRAPPIST-1e,27.0,False,0.0,0.0,0.0,298.0,511.0,False,G,1465,P
Europa,False,PSO J318.5-22,29.0,True,3.0,1849.0,0.0,3104.0,1652.0,False,C,185,P
Mars,True,TRAPPIST-1e,48.0,False,0.0,0.0,0.0,0.0,0.0,False,E,140,S
Earth,False,55 Cancri e,38.0,False,0.0,0.0,591.0,40.0,173.0,False,F,254,P
Earth,False,TRAPPIST-1e,4.0,False,0.0,0.0,0.0,0.0,0.0,False,G,317,S
Europa,True,55 Cancri e,,False,0.0,0.0,0.0,0.0,0.0,True,C,98,P
Earth,True,TRAPPIST-1e,65.0,False,0.0,0.0,0.0,0.0,0.0,False,G,548,S
Earth,False,TRAPPIST-1e,45.0,False,2138.0,0.0,0.0,659.0,0.0,False,F,426,P
Earth,False,TRAPPIST-1e,18.0,False,0.0,0.0,698.0,0.0,0.0,True,F,424,P
Mars,False,TRAPPIST-1e,56.0,False,128.0,0.0,959.0,0.0,42.0,False,F,856,P
Earth,False,PSO J318.5-22,50.0,False,121.0,558.0,0.0,10.0,0.0,False,F,655,S
Mars,True,TRAPPIST-1e,39.0,False,0.0,0.0,0.0,0.0,0.0,True,F,883,S
Europa,False,TRAPPIST-1e,54.0,False,0.0,8246.0,0.0,56.0,118.0,True,C,196,S
Earth,False,TRAPPIST-1e,22.0,False,48.0,329.0,182.0,26.0,154.0,False,F,437,S
Earth,False,55 Cancri e,10.0,False,0.0,0.0,0.0,0.0,0.0,True,G,63,S
Mars,True,PSO J318.5-22,55.0,False,0.0,0.0,0.0,0.0,0.0,True,E,185,P
Earth,False,TRAPPIST-1e,19.0,False,0.0,,0.0,5381.0,139.0,False,G,932,S
Mars,False,TRAPPIST-1e,55.0,False,802.0,0.0,155.0,4.0,337.0,False,E,275,P
Earth,,TRAPPIST-1e,0.0,False,0.0,0.0,0.0,0.0,0.0,False,F,1411,P
Earth,,TRAPPIST-1e,60.0,False,707.0,24.0,0.0,0.0,170.0,False,F,1388,P
Earth,False,55 Cancri e,16.0,False,825.0,9.0,0.0,0.0,42.0,False,,,
Mars,,TRAPPIST-1e,28.0,False,1059.0,0.0,6.0,117.0,0.0,False,D,229,P
Europa,False,TRAPPIST-1e,21.0,False,5.0,251.0,10.0,26.0,3384.0,False,C,53,P
Earth,True,PSO J318.5-22,20.0,False,0.0,0.0,0.0,0.0,0.0,False,G,169,S
Mars,False,TRAPPIST-1e,25.0,False,314.0,2.0,648.0,92.0,0.0,False,D,94,S
Earth,False,TRAPPIST-1e,1.0,False,0.0,0.0,0.0,0.0,0.0,True,G,991,S
Earth,,TRAPPIST-1e,73.0,False,0.0,0.0,0.0,153.0,556.0,False,G,504,P
Mars,True,TRAPPIST-1e,2.0,False,0.0,0.0,0.0,0.0,0.0,True,F,1747,P
Earth,False,TRAPPIST-1e,0.0,False,0.0,0.0,0.0,0.0,0.0,True,G,1251,S
Earth,False,TRAPPIST-1e,24.0,False,0.0,201.0,0.0,0.0,603.0,False,F,328,S
Earth,False,PSO J318.5-22,20.0,False,30.0,4.0,0.0,321.0,451.0,False,,,
Earth,False,TRAPPIST-1e,24.0,False,1.0,677.0,13.0,10.0,0.0,True,F,714,S
Europa,True,TRAPPIST-1e,40.0,False,0.0,0.0,0.0,0.0,0.0,True,B,321,S
Earth,False,TRAPPIST-1e,29.0,False,2478.0,0.0,31.0,4.0,11.0,False,F,800,P
Mars,True,TRAPPIST-1e,51.0,False,0.0,0.0,0.0,0.0,0.0,False,E,558,P
,True,55 Cancri e,54.0,False,0.0,0.0,0.0,0.0,0.0,True,C,11,S
Earth,False,PSO J318.5-22,18.0,False,87.0,41.0,483.0,0.0,0.0,False,F,1777,S
Europa,False,55 Cancri e,36.0,False,0.0,1302.0,0.0,2067.0,10173.0,False,A,35,P
Earth,False,TRAPPIST-1e,23.0,False,0.0,153.0,11.0,646.0,0.0,False,G,715,S
Earth,False,TRAPPIST-1e,54.0,False,880.0,2.0,531.0,2.0,0.0,False,F,838,P
Mars,False,TRAPPIST-1e,41.0,False,982.0,64.0,380.0,0.0,0.0,True,F,1246,P
Earth,False,TRAPPIST-1e,24.0,False,0.0,0.0,0.0,0.0,757.0,False,F,1361,S
Europa,False,TRAPPIST-1e,65.0,False,51.0,4451.0,0.0,20.0,397.0,True,A,26,S
Europa,True,,27.0,False,0.0,0.0,0.0,0.0,0.0,True,C,285,P
Europa,False,TRAPPIST-1e,26.0,True,0.0,3638.0,0.0,1043.0,0.0,True,,,
Europa,False,TRAPPIST-1e,52.0,False,0.0,5.0,0.0,108.0,1788.0,False,D,120,S
Mars,True,TRAPPIST-1e,32.0,False,0.0,0.0,0.0,0.0,0.0,True,E,193,S
Earth,False,TRAPPIST-1e,39.0,False,44.0,1620.0,0.0,6.0,0.0,False,E,522,P
Earth,False,TRAPPIST-1e,4.0,False,0.0,0.0,0.0,0.0,0.0,True,G,383,S
Earth,False,TRAPPIST-1e,23.0,False,0.0,0.0,279.0,0.0,512.0,False,E,83,S
Europa,False,TRAPPIST-1e,54.0,False,0.0,793.0,0.0,87.0,1567.0,False,C,262,P
Earth,False,PSO J318.5-22,,False,112.0,473.0,0.0,92.0,0.0,False,G,126,P
Earth,True,TRAPPIST-1e,1.0,False,0.0,0.0,,0.0,0.0,True,G,785,S
Earth,True,55 Cancri e,0.0,False,0.0,0.0,0.0,0.0,0.0,True,G,1219,P
Mars,False,TRAPPIST-1e,51.0,True,511.0,0.0,291.0,4212.0,0.0,False,F,1553,P
Earth,False,PSO J318.5-22,37.0,False,501.0,0.0,179.0,1.0,0.0,True,E,464,P
Earth,False,TRAPPIST-1e,40.0,False,909.0,0.0,0.0,0.0,0.0,False,G,1395,S
Earth,False,PSO J318.5-22,48.0,False,0.0,306.0,3.0,,359.0,False,F,199,P
Europa,False,55 Cancri e,35.0,False,0.0,1471.0,2.0,445.0,533.0,True,B,99,S
Earth,False,TRAPPIST-1e,55.0,False,280.0,0.0,444.0,0.0,0.0,False,F,164,S
Europa,False,55 Cancri e,35.0,False,0.0,388.0,0.0,1792.0,2891.0,False,C,121,P
Mars,True,TRAPPIST-1e,43.0,,0.0,0.0,0.0,0.0,0.0,False,E,151,P
Earth,False,55 Cancri e,27.0,False,31.0,225.0,331.0,0.0,14.0,False,F,1535,S
Earth,False,TRAPPIST-1e,39.0,False,505.0,178.0,181.0,0.0,0.0,False,F,702,P
Mars,True,TRAPPIST-1e,62.0,False,0.0,0.0,0.0,0.0,0.0,True,E,543,S
Earth,False,TRAPPIST-1e,37.0,False,0.0,959.0,8.0,20.0,169.0,False,F,1322,P
Earth,True,TRAPPIST-1e,23.0,False,0.0,0.0,0.0,0.0,0.0,False,G,203,S
Mars,False,TRAPPIST-1e,23.0,False,706.0,0.0,0.0,0.0,583.0,False,F,889,S
Mars,False,55 Cancri e,3.0,False,0.0,0.0,0.0,0.0,0.0,True,F,810,S
Earth,False,TRAPPIST-1e,21.0,False,27.0,,782.0,0.0,0.0,True,G,1127,P
Mars,True,55 Cancri e,68.0,False,0.0,0.0,0.0,0.0,0.0,True,E,450,S
Earth,False,PSO J318.5-22,2.0,False,0.0,0.0,0.0,0.0,0.0,True,E,82,P
Earth,False,TRAPPIST-1e,13.0,False,0.0,671.0,0.0,8.0,0.0,True,G,1059,P
Europa,False,TRAPPIST-1e,2.0,False,0.0,0.0,0.0,0.0,0.0,True,A,1,S
Earth,False,PSO J318.5-22,63.0,False,526.0,2.0,0.0,0.0,0.0,False,G,1160,S
Earth,False,TRAPPIST-1e,57.0,False,6.0,510.0,372.0,0.0,0.0,True,G,1332,P
Earth,False,TRAPPIST-1e,20.0,False,0.0,0.0,3.0,299.0,92.0,False,G,27,P
Europa,False,55 Cancri e,27.0,False,0.0,1801.0,0.0,304.0,1393.0,False,A,57,P
Earth,False,55 Cancri e,51.0,False,0.0,260.0,91.0,0.0,264.0,False,,,
Earth,True,TRAPPIST-1e,3.0,False,0.0,0.0,0.0,0.0,0.0,True,G,272,P
Mars,False,TRAPPIST-1e,44.0,False,583.0,0.0,222.0,0.0,1560.0,False,F,1156,P
Mars,False,55 Cancri e,21.0,False,1410.0,3.0,49.0,0.0,0.0,False,F,1751,S
Earth,True,TRAPPIST-1e,23.0,False,0.0,0.0,0.0,0.0,0.0,False,G,992,P
,True,TRAPPIST-1e,40.0,False,0.0,0.0,0.0,0.0,0.0,True,,,
Mars,False,TRAPPIST-1e,27.0,False,1228.0,0.0,0.0,0.0,0.0,False,F,1271,S
Europa,False,55 Cancri e,52.0,False,0.0,2.0,0.0,10976.0,810.0,False,,,
Earth,True,TRAPPIST-1e,34.0,False,0.0,0.0,0.0,0.0,0.0,False,,,
Earth,False,TRAPPIST-1e,24.0,False,1256.0,2.0,8.0,1530.0,0.0,False,F,1234,S
Earth,True,55 Cancri e,16.0,False,0.0,0.0,0.0,0.0,0.0,True,G,683,S
Earth,False,55 Cancri e,7.0,False,0.0,0.0,0.0,0.0,0.0,False,G,272,P
Earth,False,TRAPPIST-1e,19.0,False,736.0,0.0,0.0,0.0,1.0,False,F,627,P
,False,TRAPPIST-1e,55.0,False,0.0,1620.0,159.0,,0.0,False,G,1287,P
Europa,False,TRAPPIST-1e,,False,0.0,4155.0,0.0,1368.0,42.0,False,B,237,P
Earth,False,55 Cancri e,21.0,False,301.0,,19.0,0.0,0.0,False,F,1471,P
Earth,False,TRAPPIST-1e,23.0,False,0.0,381.0,142.0,0.0,261.0,False,G,826,S
Earth,True,PSO J318.5-22,25.0,False,0.0,0.0,0.0,0.0,0.0,False,G,153,P
Mars,False,,1.0,False,0.0,0.0,0.0,0.0,0.0,True,F,265,P
Earth,False,55 Cancri e,18.0,False,0.0,0.0,,588.0,0.0,False,F,668,P
Mars,True,TRAPPIST-1e,20.0,,0.0,0.0,0.0,0.0,0.0,True,F,520,P
Earth,False,TRAPPIST-1e,62.0,False,104.0,53.0,194.0,436.0,0.0,False,E,379,S
Earth,False,TRAPPIST-1e,31.0,False,773.0,0.0,0.0,,1.0,False,G,1354,P
Europa,False,TRAPPIST-1e,37.0,False,0.0,1336.0,2.0,12.0,7.0,True,D,57,S
Mars,False,TRAPPIST-1e,29.0,True,20.0,,1902.0,0.0,3.0,True,F,911,S
Earth,True,TRAPPIST-1e,30.0,False,0.0,0.0,0.0,0.0,0.0,True,G,739,S
Mars,False,TRAPPIST-1e,20.0,False,59.0,0.0,1646.0,1657.0,0.0,False,D,77,P
Mars,False,TRAPPIST-1e,41.0,False,806.0,16.0,125.0,1008.0,0.0,False,D,269,P
Earth,True,TRAPPIST-1e,44.0,False,0.0,0.0,0.0,0.0,0.0,True,G,1468,S
Earth,False,PSO J318.5-22,24.0,False,86.0,669.0,1.0,0.0,0.0,False,F,1610,S
Europa,True,TRAPPIST-1e,41.0,False,0.0,0.0,0.0,0.0,0.0,True,C,83,S
Earth,True,PSO J318.5-22,38.0,False,0.0,0.0,0.0,0.0,0.0,False,G,346,P
Earth,True,PSO J318.5-22,22.0,False,0.0,0.0,0.0,0.0,0.0,False,G,1475,P
Earth,False,PSO J318.5-22,36.0,False,56.0,,81.0,0.0,468.0,False,F,1461,P
Mars,False,TRAPPIST-1e,29.0,False,902.0,1.0,137.0,0.0,0.0,True,F,44,P
Earth,False,PSO J318.5-22,29.0,False,0.0,0.0,20.0,0.0,402.0,False,G,885,P
Europa,False,,28.0,False,3.0,1300.0,0.0,1250.0,1148.0,False,E,264,S
Earth,True,TRAPPIST-1e,26.0,False,0.0,0.0,0.0,0.0,0.0,True,G,603,S
Earth,False,TRAPPIST-1e,17.0,False,0.0,566.0,18.0,318.0,0.0,False,F,1210,P
Europa,False,TRAPPIST-1e,33.0,False,0.0,774.0,0.0,6255.0,6.0,False,C,53,P
Earth,False,TRAPPIST-1e,2.0,False,0.0,0.0,0.0,0.0,0.0,True,G,972,S
Mars,True,TRAPPIST-1e,22.0,False,0.0,0.0,0.0,0.0,0.0,True,E,26,S
Mars,False,TRAPPIST-1e,21.0,False,2206.0,0.0,353.0,0.0,19.0,False,D,165,P
Mars,False,TRAPPIST-1e,35.0,False,576.0,0.0,459.0,22.0,0.0,False,D,120,P
Mars,True,TRAPPIST-1e,30.0,False,0.0,0.0,0.0,0.0,0.0,True,F,799,P
Earth,True,TRAPPIST-1e,21.0,,0.0,0.0,0.0,0.0,0.0,True,G,561,P
Earth,False,TRAPPIST-1e,41.0,,0.0,176.0,414.0,133.0,0.0,False,F,1459,P
Mars,True,55 Cancri e,32.0,False,0.0,0.0,0.0,0.0,0.0,True,F,1846,P
Mars,False,TRAPPIST-1e,4.0,False,,0.0,0.0,0.0,0.0,True,F,1278,P
Earth,False,TRAPPIST-1e,22.0,False,146.0,654.0,1.0,0.0,2.0,True,F,64,P
Earth,True,TRAPPIST-1e,47.0,False,0.0,0.0,0.0,0.0,0.0,True,G,924,S
Earth,False,TRAPPIST-1e,16.0,False,0.0,3.0,0.0,0.0,1099.0,False,F,48,P
Earth,False,TRAPPIST-1e,46.0,False,0.0,557.0,0.0,287.0,781.0,False,E,168,S
Europa,True,TRAPPIST-1e,25.0,False,0.0,0.0,,0.0,0.0,True,C,196,S
Europa,False,TRAPPIST-1e,36.0,False,0.0,583.0,1789.0,19.0,1009.0,False,D,58,P
Mars,False,TRAPPIST-1e,21.0,False,572.0,584.0,128.0,14.0,0.0,False,E,283,P
Mars,False,,18.0,False,1988.0,0.0,95.0,0.0,0.0,False,E,461,S
Europa,False,TRAPPIST-1e,38.0,False,158.0,787.0,2820.0,,86.0,True,D,59,S
Earth,False,TRAPPIST-1e,10.0,False,0.0,0.0,0.0,0.0,0.0,True,E,0,S
Mars,False,TRAPPIST-1e,27.0,False,83.0,0.0,2621.0,5.0,0.0,True,D,242,P
Europa,True,TRAPPIST-1e,32.0,False,0.0,0.0,0.0,0.0,0.0,True,B,43,P
Earth,False,TRAPPIST-1e,11.0,False,0.0,0.0,0.0,0.0,0.0,False,G,805,P
Mars,False,TRAPPIST-1e,71.0,True,901.0,0.0,1698.0,0.0,0.0,False,F,597,P
Mars,False,TRAPPIST-1e,71.0,False,1243.0,0.0,5.0,16.0,34.0,False,E,496,S
Earth,False,TRAPPIST-1e,15.0,False,0.0,398.0,0.0,467.0,0.0,False,F,689,S
Earth,False,PSO J318.5-22,49.0,False,0.0,51.0,101.0,50.0,,True,G,625,S
Earth,False,TRAPPIST-1e,30.0,False,0.0,0.0,779.0,0.0,18.0,False,F,1575,S
Europa,False,55 Cancri e,37.0,False,0.0,2065.0,1650.0,356.0,1.0,True,D,94,P
Europa,True,TRAPPIST-1e,27.0,False,0.0,0.0,0.0,0.0,0.0,True,B,72,P
Earth,False,TRAPPIST-1e,37.0,False,0.0,1190.0,4.0,455.0,71.0,True,G,1098,S
Earth,False,55 Cancri e,0.0,False,0.0,0.0,0.0,,0.0,True,G,571,P
Earth,True,TRAPPIST-1e,20.0,False,0.0,0.0,0.0,0.0,0.0,True,G,725,S
Mars,False,TRAPPIST-1e,31.0,False,1088.0,0.0,280.0,0.0,0.0,False,E,85,P
Earth,True,TRAPPIST-1e,20.0,False,0.0,0.0,0.0,0.0,0.0,False,G,111,P
Europa,False,TRAPPIST-1e,30.0,False,0.0,640.0,0.0,31.0,6201.0,False,D,245,S
Mars,False,TRAPPIST-1e,14.0,False,460.0,0.0,0.0,315.0,172.0,False,E,243,P
Earth,True,TRAPPIST-1e,37.0,False,0.0,0.0,0.0,0.0,0.0,False,E,82,P
Earth,False,TRAPPIST-1e,61.0,False,2.0,0.0,17.0,868.0,28.0,False,G,343,S
Europa,False,55 Cancri e,23.0,False,0.0,584.0,0.0,20.0,2469.0,False,C,7,P
Earth,False,TRAPPIST-1e,39.0,False,0.0,1.0,0.0,739.0,0.0,False,F,1129,P
Earth,False,TRAPPIST-1e,4.0,False,0.0,0.0,0.0,0.0,0.0,True,G,1422,P
Europa,True,TRAPPIST-1e,39.0,False,0.0,0.0,0.0,0.0,0.0,True,B,298,S
Mars,False,TRAPPIST-1e,34.0,False,368.0,499.0,1729.0,0.0,2.0,False,F,1787,P
Earth,False,TRAPPIST-1e,30.0,False,0.0,123.0,0.0,1.0,784.0,False,G,1067,S
Earth,False,TRAPPIST-1e,25.0,False,0.0,181.0,671.0,0.0,0.0,True,G,823,P
Mars,False,55 Cancri e,32.0,False,2555.0,0.0,456.0,2.0,0.0,False,D,274,S
Earth,False,TRAPPIST-1e,23.0,False,0.0,0.0,206.0,681.0,31.0,False,F,905,P
Earth,,TRAPPIST-1e,19.0,False,0.0,0.0,0.0,0.0,0.0,False,G,1041,P
Earth,False,TRAPPIST-1e,20.0,False,71.0,8.0,513.0,354.0,0.0,False,F,241,P
Europa,True,55 Cancri e,33.0,False,0.0,0.0,0.0,0.0,0.0,True,B,111,S
Europa,True,55 Cancri e,57.0,False,0.0,0.0,0.0,0.0,0.0,True,C,201,P
Europa,True,PSO J318.5-22,35.0,False,0.0,0.0,0.0,0.0,0.0,True,C,326,S
Europa,True,55 Cancri e,56.0,,0.0,0.0,0.0,0.0,0.0,True,A,11,S
Earth,False,TRAPPIST-1e,46.0,False,248.0,,0.0,4.0,0.0,False,F,1507,S
Earth,True,55 Cancri e,17.0,False,0.0,0.0,0.0,0.0,0.0,True,G,849,P
Earth,True,PSO J318.5-22,23.0,False,0.0,0.0,0.0,0.0,0.0,True,G,691,P
Earth,False,TRAPPIST-1e,21.0,False,882.0,0.0,0.0,,0.0,False,G,412,P
Mars,True,TRAPPIST-1e,24.0,False,0.0,0.0,0.0,0.0,,True,F,25,P
Earth,False,TRAPPIST-1e,27.0,False,20.0,0.0,11.0,0.0,848.0,False,F,1668,S
Europa,True,55 Cancri e,19.0,False,0.0,0.0,0.0,0.0,0.0,True,B,301,P
,False,PSO J318.5-22,26.0,False,717.0,0.0,84.0,0.0,0.0,False,D,108,S
Europa,True,TRAPPIST-1e,37.0,False,0.0,0.0,0.0,0.0,0.0,True,B,149,P
Mars,False,TRAPPIST-1e,33.0,False,748.0,130.0,1047.0,458.0,0.0,False,D,163,S
Mars,False,TRAPPIST-1e,28.0,,1998.0,0.0,13.0,87.0,0.0,False,E,445,P
Europa,False,TRAPPIST-1e,32.0,False,0.0,0.0,0.0,0.0,0.0,False,A,37,S
Europa,False,TRAPPIST-1e,26.0,False,0.0,1549.0,0.0,0.0,766.0,True,D,132,S
Earth,True,TRAPPIST-1e,23.0,False,0.0,0.0,0.0,0.0,0.0,False,G,1308,S
Europa,True,55 Cancri e,24.0,False,0.0,0.0,0.0,0.0,0.0,True,B,277,P
Earth,False,PSO J318.5-22,43.0,False,6.0,25.0,0.0,5250.0,0.0,False,G,1260,P
Mars,True,TRAPPIST-1e,0.0,False,0.0,0.0,0.0,0.0,0.0,True,F,766,S
Earth,True,55 Cancri e,23.0,False,0.0,0.0,0.0,0.0,0.0,True,G,622,S
Earth,False,TRAPPIST-1e,26.0,False,0.0,586.0,1.0,0.0,58.0,True,F,772,S
Earth,True,TRAPPIST-1e,41.0,False,0.0,0.0,0.0,0.0,0.0,True,G,1190,S
Europa,False,TRAPPIST-1e,32.0,False,0.0,2583.0,3.0,500.0,129.0,True,C,291,P
Earth,True,PSO J318.5-22,,False,0.0,0.0,0.0,0.0,0.0,True,G,829,P
Europa,True,TRAPPIST-1e,,False,0.0,0.0,0.0,0.0,0.0,True,A,16,P
Mars,False,55 Cancri e,24.0,False,737.0,293.0,301.0,0.0,0.0,False,F,1289,P
Europa,False,TRAPPIST-1e,42.0,False,0.0,16.0,0.0,144.0,7492.0,False,A,52,P
Europa,True,TRAPPIST-1e,32.0,False,0.0,0.0,0.0,0.0,0.0,True,B,119,P
Mars,False,TRAPPIST-1e,35.0,False,1313.0,0.0,24.0,0.0,1.0,False,,,
Mars,False,55 Cancri e,44.0,False,2267.0,0.0,107.0,0.0,0.0,False,,,
Earth,False,TRAPPIST-1e,24.0,False,530.0,0.0,0.0,0.0,179.0,False,G,814,S
Earth,False,,36.0,False,1.0,716.0,3.0,0.0,57.0,True,F,1081,P
Earth,False,TRAPPIST-1e,29.0,False,0.0,0.0,0.0,0.0,1972.0,False,F,1668,S
Europa,True,TRAPPIST-1e,29.0,False,0.0,0.0,0.0,0.0,0.0,False,E,315,P
Earth,False,55 Cancri e,31.0,False,1.0,,2.0,605.0,0.0,False,G,377,P
Europa,True,TRAPPIST-1e,40.0,False,0.0,0.0,0.0,0.0,0.0,True,A,75,S
Mars,True,TRAPPIST-1e,48.0,False,0.0,0.0,0.0,0.0,0.0,True,F,120,P
,False,TRAPPIST-1e,11.0,False,0.0,0.0,0.0,0.0,0.0,False,G,1032,P
Mars,True,55 Cancri e,4.0,False,0.0,0.0,0.0,,0.0,True,F,259,P
Earth,False,55 Cancri e,12.0,False,0.0,0.0,0.0,0.0,0.0,True,G,1028,S
Earth,False,TRAPPIST-1e,45.0,False,,0.0,0.0,1501.0,24.0,False,F,1212,P
Earth,False,TRAPPIST-1e,42.0,False,0.0,594.0,0.0,0.0,119.0,False,F,317,P
Earth,False,TRAPPIST-1e,15.0,False,0.0,840.0,123.0,0.0,20.0,False,E,253,P
Earth,False,55 Cancri e,5.0,False,0.0,0.0,0.0,0.0,0.0,True,G,659,S
Europa,True,55 Cancri e,21.0,False,0.0,0.0,0.0,0.0,0.0,True,C,237,S
Earth,True,PSO J318.5-22,16.0,False,0.0,0.0,0.0,0.0,0.0,True,G,558,S
Earth,False,TRAPPIST-1e,56.0,False,967.0,0.0,0.0,3.0,0.0,False,F,804,P
Earth,False,55 Cancri e,15.0,False,3.0,854.0,23.0,0.0,0.0,False,F,1379,P
Europa,,TRAPPIST-1e,27.0,False,0.0,1891.0,0.0,2167.0,0.0,False,C,208,P
Europa,,TRAPPIST-1e,43.0,False,0.0,0.0,0.0,0.0,0.0,True,B,7,S
Earth,False,TRAPPIST-1e,23.0,False,393.0,510.0,0.0,0.0,5.0,False,G,179,P
Earth,True,TRAPPIST-1e,16.0,False,0.0,0.0,0.0,0.0,,True,G,558,P
Mars,False,TRAPPIST-1e,17.0,False,0.0,0.0,0.0,0.0,0.0,False,E,530,S
Earth,True,55 Cancri e,2.0,False,0.0,0.0,0.0,0.0,0.0,False,G,659,S
Earth,True,55 Cancri e,42.0,False,0.0,0.0,0.0,0.0,,True,G,324,S
Earth,False,TRAPPIST-1e,23.0,False,1.0,0.0,0.0,237.0,553.0,True,F,1612,P
Earth,False,55 Cancri e,18.0,False,2.0,83.0,576.0,37.0,0.0,False,F,1710,P
Mars,True,TRAPPIST-1e,18.0,False,0.0,0.0,0.0,0.0,0.0,True,F,146,P
Europa,True,TRAPPIST-1e,13.0,False,0.0,0.0,0.0,0.0,0.0,True,D,214,P
Earth,False,TRAPPIST-1e,19.0,False,2044.0,0.0,13.0,1.0,0.0,False,F,1197,S
Earth,False,TRAPPIST-1e,26.0,False,0.0,773.0,48.0,0.0,149.0,False,F,219,P
Mars,False,TRAPPIST-1e,19.0,False,758.0,425.0,0.0,0.0,0.0,False,D,180,S
Earth,False,TRAPPIST-1e,22.0,False,664.0,0.0,0.0,65.0,0.0,False,F,638,P
Earth,False,TRAPPIST-1e,61.0,False,67.0,0.0,654.0,0.0,86.0,False,G,1336,S
Europa,False,TRAPPIST-1e,57.0,False,0.0,987.0,1.0,4948.0,53.0,False,C,52,S
Mars,True,TRAPPIST-1e,22.0,False,0.0,0.0,0.0,0.0,0.0,True,F,1557,S
Earth,False,TRAPPIST-1e,18.0,False,0.0,858.0,2.0,,0.0,True,G,1316,S
Earth,,TRAPPIST-1e,28.0,False,0.0,0.0,0.0,0.0,0.0,False,G,1202,P
Earth,False,PSO J318.5-22,24.0,False,0.0,0.0,648.0,0.0,0.0,False,F,454,S
Mars,False,TRAPPIST-1e,28.0,,42.0,1116.0,0.0,0.0,0.0,True,,,
Earth,False,TRAPPIST-1e,21.0,False,37.0,0.0,31.0,696.0,63.0,True,E,334,P
Earth,True,TRAPPIST-1e,6.0,False,0.0,0.0,0.0,0.0,0.0,False,G,210,S
Earth,False,TRAPPIST-1e,15.0,,852.0,0.0,0.0,135.0,0.0,False,E,128,S
Earth,False,55 Cancri e,24.0,False,0.0,254.0,13.0,0.0,477.0,False,F,1297,P
Earth,True,TRAPPIST-1e,38.0,False,0.0,0.0,,0.0,0.0,True,G,259,P
Earth,False,TRAPPIST-1e,21.0,False,8.0,796.0,0.0,0.0,0.0,True,F,1864,P
Europa,False,55 Cancri e,31.0,True,0.0,11003.0,552.0,8157.0,5688.0,False,B,17,P
Earth,True,55 Cancri e,38.0,False,0.0,0.0,0.0,0.0,0.0,False,G,20,P
Earth,False,TRAPPIST-1e,25.0,False,0.0,0.0,251.0,0.0,552.0,False,F,72,P
Earth,False,55 Cancri e,3.0,False,0.0,0.0,0.0,0.0,0.0,True,G,266,P
Mars,False,TRAPPIST-1e,37.0,False,1094.0,2.0,26.0,34.0,1.0,False,F,96,P
Europa,False,TRAPPIST-1e,36.0,False,994.0,526.0,0.0,7.0,1279.0,False,A,67,P
Mars,True,55 Cancri e,53.0,False,0.0,0.0,0.0,0.0,0.0,True,F,1161,P
Earth,False,TRAPPIST-1e,25.0,False,322.0,0.0,81.0,3.0,298.0,True,G,836,P
Mars,True,TRAPPIST-1e,17.0,False,0.0,0.0,0.0,0.0,0.0,False,E,510,S
Europa,False,55 Cancri e,25.0,False,0.0,3512.0,20.0,24.0,1459.0,True,C,257,S
Earth,False,PSO J318.5-22,19.0,False,577.0,169.0,0.0,7.0,0.0,True,F,1318,P
Earth,False,TRAPPIST-1e,23.0,False,1.0,700.0,0.0,7.0,136.0,False,G,1276,P
Earth,False,PSO J318.5-22,24.0,False,61.0,0.0,0.0,0.0,1495.0,False,E,427,P
Earth,False,TRAPPIST-1e,26.0,False,178.0,0.0,3.0,0.0,704.0,True,G,923,S
Earth,False,TRAPPIST-1e,22.0,False,1.0,2.0,243.0,0.0,484.0,False,F,1606,S
Mars,False,TRAPPIST-1e,0.0,False,0.0,0.0,0.0,0.0,0.0,True,F,555,S
Europa,True,TRAPPIST-1e,30.0,False,0.0,0.0,0.0,0.0,0.0,True,C,70,P
,True,TRAPPIST-1e,23.0,False,0.0,0.0,0.0,0.0,0.0,True,G,1508,P
Europa,False,TRAPPIST-1e,52.0,False,0.0,0.0,0.0,0.0,0.0,False,B,111,P
Mars,True,TRAPPIST-1e,39.0,False,0.0,0.0,0.0,0.0,,True,F,643,S
Europa,False,55 Cancri e,41.0,False,35.0,6103.0,0.0,180.0,160.0,True,B,175,S
Earth,False,55 Cancri e,13.0,False,0.0,1501.0,23.0,5.0,163.0,True,E,585,P
Europa,,55 Cancri e,18.0,False,0.0,30.0,0.0,67.0,2790.0,False,B,155,S
Earth,True,TRAPPIST-1e,22.0,False,0.0,0.0,0.0,0.0,0.0,False,G,1357,P
Earth,False,TRAPPIST-1e,22.0,False,4.0,0.0,72.0,21.0,600.0,False,F,1655,S
,False,TRAPPIST-1e,23.0,False,,282.0,0.0,0.0,71.0,True,F,911,P
,True,TRAPPIST-1e,35.0,False,0.0,0.0,0.0,0.0,0.0,True,F,914,P
Mars,False,PSO J318.5-22,32.0,True,494.0,701.0,71.0,0.0,0.0,False,F,160,S
Earth,False,TRAPPIST-1e,28.0,False,804.0,2.0,13.0,0.0,62.0,False,G,421,P
Earth,False,55 Cancri e,42.0,False,0.0,0.0,739.0,0.0,0.0,True,,,
Europa,False,TRAPPIST-1e,49.0,False,0.0,104.0,809.0,3668.0,7.0,False,C,112,P
Mars,True,TRAPPIST-1e,19.0,False,0.0,0.0,0.0,0.0,0.0,True,F,29,S
Earth,False,TRAPPIST-1e,18.0,False,128.0,37.0,626.0,0.0,5.0,False,F,470,P
Earth,True,TRAPPIST-1e,21.0,False,0.0,0.0,0.0,0.0,0.0,True,G,1128,P
Earth,True,PSO J318.5-22,18.0,False,0.0,0.0,0.0,0.0,0.0,True,G,1148,P
Mars,False,55 Cancri e,35.0,False,319.0,0.0,6331.0,8.0,0.0,True,F,1635,S
Europa,False,TRAPPIST-1e,52.0,False,0.0,3275.0,111.0,51.0,18.0,True,,,
Earth,False,TRAPPIST-1e,45.0,False,0.0,1.0,13.0,0.0,873.0,False,G,150,S
Earth,False,TRAPPIST-1e,17.0,False,584.0,738.0,54.0,0.0,621.0,False,F,513,P
Mars,True,TRAPPIST-1e,18.0,False,0.0,0.0,0.0,0.0,0.0,True,F,1734,S
Europa,True,TRAPPIST-1e,25.0,False,0.0,0.0,0.0,0.0,0.0,True,C,141,S
Mars,False,TRAPPIST-1e,28.0,False,120.0,8.0,1128.0,1.0,7.0,True,D,46,S
Earth,False,TRAPPIST-1e,22.0,False,37.0,3.0,0.0,305.0,581.0,True,G,773,S
Earth,False,TRAPPIST-1e,30.0,False,0.0,192.0,0.0,565.0,0.0,False,G,185,P
Earth,False,TRAPPIST-1e,24.0,False,3.0,1018.0,687.0,50.0,,True,G,808,S
Earth,True,55 Cancri e,0.0,False,0.0,0.0,0.0,0.0,0.0,True,G,642,P
Earth,True,55 Cancri e,15.0,False,0.0,0.0,0.0,0.0,0.0,True,G,69,S
Mars,True,TRAPPIST-1e,43.0,False,0.0,0.0,0.0,0.0,0.0,True,F,1545,P
,False,TRAPPIST-1e,21.0,False,894.0,1.0,0.0,61.0,26.0,False,E,111,S
Europa,False,TRAPPIST-1e,26.0,False,0.0,170.0,0.0,3718.0,0.0,False,C,55,P
Earth,False,TRAPPIST-1e,13.0,False,28.0,396.0,367.0,0.0,0.0,False,E,395,S
Europa,True,55 Cancri e,18.0,False,0.0,0.0,0.0,0.0,0.0,True,B,43,S
Earth,False,TRAPPIST-1e,12.0,False,0.0,0.0,0.0,0.0,0.0,False,G,1476,S
Earth,True,TRAPPIST-1e,0.0,False,0.0,0.0,0.0,0.0,0.0,True,G,577,P
Earth,False,TRAPPIST-1e,48.0,False,38.0,0.0,23.0,722.0,1.0,False,G,1461,P
Earth,False,TRAPPIST-1e,19.0,False,0.0,0.0,5.0,756.0,0.0,True,F,752,S
Mars,True,TRAPPIST-1e,26.0,False,0.0,0.0,0.0,0.0,0.0,False,E,269,S
Europa,True,55 Cancri e,17.0,False,0.0,0.0,0.0,0.0,0.0,True,D,35,S
Earth,True,PSO J318.5-22,25.0,False,0.0,0.0,0.0,0.0,0.0,False,G,1113,P
Europa,True,TRAPPIST-1e,15.0,False,0.0,0.0,0.0,0.0,0.0,True,C,66,P
Earth,True,PSO J318.5-22,38.0,False,0.0,0.0,0.0,0.0,0.0,False,G,1343,P
Europa,False,TRAPPIST-1e,31.0,False,0.0,87.0,0.0,2263.0,224.0,False,C,296,S
Earth,False,55 Cancri e,11.0,False,0.0,0.0,0.0,0.0,0.0,False,G,734,S
Earth,False,TRAPPIST-1e,51.0,False,406.0,0.0,53.0,0.0,350.0,False,G,624,S
Earth,False,TRAPPIST-1e,25.0,False,131.0,124.0,408.0,196.0,9.0,False,F,1633,P
Earth,False,55 Cancri e,25.0,False,76.0,600.0,0.0,0.0,25.0,False,F,1403,P
Earth,False,TRAPPIST-1e,15.0,False,0.0,951.0,128.0,0.0,0.0,False,F,425,P
Earth,False,TRAPPIST-1e,21.0,False,0.0,70.0,2.0,0.0,486.0,False,F,1525,P
Mars,True,TRAPPIST-1e,35.0,False,0.0,0.0,0.0,0.0,0.0,True,F,1263,S
Earth,False,TRAPPIST-1e,51.0,False,90.0,0.0,0.0,881.0,0.0,False,F,712,P
Europa,False,55 Cancri e,54.0,False,0.0,37.0,0.0,4689.0,0.0,False,B,86,P
Earth,False,TRAPPIST-1e,0.0,False,0.0,0.0,0.0,0.0,0.0,False,G,574,P
Europa,True,TRAPPIST-1e,16.0,False,0.0,0.0,0.0,0.0,0.0,True,B,202,S
Earth,False,PSO J318.5-22,15.0,False,0.0,0.0,9.0,0.0,952.0,False,F,1413,S
Earth,False,TRAPPIST-1e,16.0,False,45.0,0.0,622.0,0.0,564.0,False,F,1229,S
Earth,False,TRAPPIST-1e,26.0,False,42.0,1539.0,3.0,0.0,0.0,True,F,2,S
Earth,False,TRAPPIST-1e,,False,16.0,0.0,799.0,0.0,37.0,False,G,523,P
Earth,False,TRAPPIST-1e,18.0,False,0.0,733.0,0.0,0.0,0.0,True,F,748,P
Earth,False,55 Cancri e,18.0,False,1471.0,59.0,95.0,1109.0,330.0,False,F,973,S
Earth,False,TRAPPIST-1e,20.0,False,0.0,0.0,4.0,35.0,769.0,False,G,335,P
Europa,True,TRAPPIST-1e,34.0,False,0.0,0.0,0.0,0.0,0.0,True,D,181,S
Earth,True,PSO J318.5-22,17.0,False,0.0,0.0,0.0,0.0,0.0,True,G,281,P
Mars,False,TRAPPIST-1e,16.0,False,1032.0,0.0,267.0,0.0,0.0,False,E,580,S
Earth,False,55 Cancri e,14.0,False,0.0,184.0,16.0,1234.0,0.0,False,G,1210,P
Earth,False,PSO J318.5-22,50.0,False,199.0,0.0,182.0,0.0,,False,F,1192,S
Europa,False,,36.0,False,0.0,3206.0,0.0,698.0,72.0,False,A,27,S
Earth,False,TRAPPIST-1e,18.0,False,1.0,56.0,0.0,602.0,205.0,False,F,699,P
Earth,False,TRAPPIST-1e,27.0,False,12.0,0.0,0.0,873.0,0.0,False,G,1000,P
Earth,False,,25.0,False,7.0,0.0,0.0,877.0,0.0,False,G,388,S
Earth,False,TRAPPIST-1e,18.0,False,341.0,0.0,332.0,102.0,0.0,False,F,306,P
Earth,False,PSO J318.5-22,23.0,False,0.0,471.0,120.0,13.0,6.0,True,F,1725,S
Europa,False,55 Cancri e,22.0,False,0.0,5183.0,0.0,1080.0,2.0,True,B,83,S
Earth,False,TRAPPIST-1e,21.0,False,120.0,235.0,0.0,,0.0,False,F,699,S
Earth,True,TRAPPIST-1e,61.0,False,0.0,0.0,0.0,0.0,0.0,False,G,980,P
Earth,True,PSO J318.5-22,,False,0.0,0.0,0.0,0.0,0.0,True,G,654,S
Earth,False,TRAPPIST-1e,18.0,False,0.0,402.0,2027.0,0.0,0.0,True,F,424,S
Earth,False,TRAPPIST-1e,29.0,False,646.0,91.0,13.0,0.0,0.0,True,G,702,S
Earth,True,TRAPPIST-1e,19.0,False,0.0,0.0,0.0,0.0,0.0,True,G,1360,S
Earth,False,TRAPPIST-1e,45.0,False,198.0,454.0,1.0,0.0,4.0,True,E,565,P
Europa,True,TRAPPIST-1e,26.0,False,,0.0,0.0,0.0,0.0,True,B,283,S
Earth,True,TRAPPIST-1e,28.0,False,0.0,0.0,0.0,0.0,0.0,True,G,452,S
Europa,True,TRAPPIST-1e,16.0,False,0.0,0.0,0.0,0.0,0.0,True,B,50,S
Europa,,55 Cancri e,25.0,False,0.0,0.0,0.0,0.0,0.0,True,C,221,S
Earth,False,TRAPPIST-1e,47.0,False,0.0,444.0,328.0,56.0,,False,G,312,P
Mars,False,TRAPPIST-1e,28.0,False,1708.0,,65.0,1.0,0.0,False,F,1734,S
Europa,,55 Cancri e,26.0,False,0.0,3593.0,47.0,19.0,229.0,True,C,171,S
Mars,False,TRAPPIST-1e,32.0,True,0.0,0.0,0.0,0.0,0.0,True,E,570,P
Europa,False,TRAPPIST-1e,31.0,False,0.0,46.0,0.0,209.0,2908.0,False,D,141,S
Earth,False,TRAPPIST-1e,32.0,False,2756.0,125.0,9.0,0.0,103.0,False,F,945,S
Earth,False,TRAPPIST-1e,19.0,False,0.0,4.0,109.0,0.0,671.0,True,F,264,P
Earth,True,PSO J318.5-22,33.0,False,0.0,0.0,0.0,0.0,0.0,False,G,1484,P
Earth,False,TRAPPIST-1e,26.0,False,401.0,0.0,693.0,62.0,0.0,False,F,376,S
Earth,False,55 Cancri e,42.0,False,526.0,2.0,28.0,161.0,,False,F,470,S
Europa,False,TRAPPIST-1e,25.0,True,1.0,4298.0,0.0,0.0,2.0,True,A,93,S
,False,TRAPPIST-1e,21.0,False,0.0,6.0,0.0,593.0,0.0,False,F,1839,P
Earth,False,TRAPPIST-1e,19.0,False,857.0,0.0,0.0,0.0,0.0,False,F,820,S
Earth,False,TRAPPIST-1e,15.0,False,348.0,1627.0,0.0,0.0,0.0,False,F,1179,P
Earth,True,TRAPPIST-1e,18.0,False,0.0,0.0,0.0,0.0,0.0,True,G,1339,S
Europa,False,TRAPPIST-1e,29.0,False,0.0,4118.0,0.0,715.0,3139.0,True,C,16,S
Europa,False,55 Cancri e,59.0,False,8.0,1563.0,0.0,73.0,31.0,True,A,21,S
Earth,False,,23.0,False,339.0,754.0,7.0,0.0,0.0,True,F,726,S
Europa,False,55 Cancri e,39.0,False,0.0,0.0,0.0,1854.0,171.0,False,A,56,P
Earth,False,,0.0,False,0.0,0.0,0.0,0.0,0.0,False,G,464,S
Earth,False,TRAPPIST-1e,26.0,False,0.0,79.0,53.0,,0.0,False,G,1256,P
Mars,True,TRAPPIST-1e,37.0,False,0.0,0.0,0.0,0.0,0.0,True,F,1319,S
Europa,False,TRAPPIST-1e,18.0,False,0.0,1878.0,0.0,18572.0,10028.0,False,B,280,P
Earth,False,55 Cancri e,24.0,False,95.0,35.0,1442.0,0.0,0.0,False,F,707,P
Earth,True,PSO J318.5-22,13.0,False,0.0,0.0,0.0,0.0,0.0,True,G,1489,S
Mars,False,TRAPPIST-1e,9.0,False,0.0,0.0,0.0,0.0,0.0,True,F,862,S
Earth,True,55 Cancri e,34.0,False,0.0,0.0,0.0,0.0,0.0,True,G,149,S
Europa,False,,33.0,False,0.0,2107.0,0.0,15586.0,473.0,False,E,474,P
Earth,False,TRAPPIST-1e,22.0,False,213.0,85.0,352.0,12.0,1.0,True,E,146,S
Europa,False,55 Cancri e,27.0,False,,21066.0,0.0,2448.0,2293.0,True,C,75,S
Earth,False,TRAPPIST-1e,31.0,False,880.0,0.0,0.0,8.0,0.0,False,G,434,P
Earth,False,55 Cancri e,22.0,False,0.0,15.0,0.0,548.0,124.0,False,F,1528,S
Europa,True,55 Cancri e,20.0,False,0.0,0.0,0.0,0.0,0.0,True,C,251,P
Earth,False,TRAPPIST-1e,3.0,False,0.0,0.0,0.0,0.0,0.0,True,G,1368,P
Earth,False,TRAPPIST-1e,38.0,False,766.0,38.0,0.0,0.0,0.0,False,F,1111,P
Earth,True,PSO J318.5-22,18.0,False,0.0,0.0,0.0,0.0,0.0,True,G,697,S
Earth,False,TRAPPIST-1e,9.0,False,0.0,0.0,0.0,0.0,0.0,False,G,469,P
Mars,False,TRAPPIST-1e,0.0,False,0.0,0.0,0.0,0.0,0.0,True,F,1888,P
Earth,False,TRAPPIST-1e,24.0,False,0.0,5.0,0.0,2766.0,0.0,False,F,85,P
Earth,False,55 Cancri e,50.0,False,57.0,29.0,0.0,0.0,643.0,False,F,1096,S
Europa,True,55 Cancri e,19.0,False,0.0,0.0,0.0,0.0,0.0,True,B,194,P
Earth,False,TRAPPIST-1e,19.0,False,0.0,0.0,0.0,0.0,1051.0,False,F,510,S
Earth,False,TRAPPIST-1e,35.0,False,0.0,88.0,718.0,46.0,0.0,False,G,295,S
,True,TRAPPIST-1e,28.0,False,0.0,0.0,0.0,0.0,0.0,True,F,1773,P
Europa,False,TRAPPIST-1e,31.0,False,0.0,4655.0,135.0,2075.0,402.0,True,D,238,S
Earth,False,TRAPPIST-1e,36.0,False,418.0,40.0,7.0,338.0,0.0,False,F,592,P
Earth,,TRAPPIST-1e,18.0,False,3.0,0.0,3.0,1773.0,0.0,False,G,1335,P
Earth,False,TRAPPIST-1e,27.0,False,0.0,593.0,0.0,259.0,0.0,False,G,1281,S
Mars,True,TRAPPIST-1e,31.0,False,0.0,0.0,0.0,0.0,0.0,False,E,446,S
Europa,False,55 Cancri e,33.0,True,0.0,16.0,12.0,2349.0,12.0,False,A,75,P
Earth,False,TRAPPIST-1e,30.0,False,0.0,2.0,0.0,690.0,86.0,False,F,1552,P
Europa,True,TRAPPIST-1e,60.0,False,0.0,0.0,0.0,0.0,0.0,True,B,279,S
Mars,False,TRAPPIST-1e,16.0,False,501.0,974.0,1164.0,0.0,0.0,False,F,1321,S
Earth,False,TRAPPIST-1e,40.0,False,678.0,0.0,229.0,0.0,0.0,False,G,1188,S
Mars,False,PSO J318.5-22,25.0,False,1052.0,0.0,719.0,0.0,7.0,False,D,5,P
Europa,True,55 Cancri e,42.0,False,0.0,0.0,0.0,0.0,0.0,True,C,205,P
Earth,True,55 Cancri e,59.0,False,0.0,0.0,0.0,0.0,0.0,True,G,794,P
Earth,True,PSO J318.5-22,26.0,False,0.0,0.0,0.0,0.0,0.0,True,G,583,P
Earth,False,TRAPPIST-1e,20.0,False,12.0,177.0,1110.0,0.0,0.0,True,F,1084,S
Earth,True,TRAPPIST-1e,36.0,False,0.0,0.0,0.0,0.0,0.0,True,G,586,S
Mars,False,TRAPPIST-1e,37.0,False,78.0,0.0,0.0,2948.0,0.0,False,D,115,P
Europa,True,55 Cancri e,,False,0.0,0.0,0.0,0.0,0.0,True,B,199,P
Mars,False,TRAPPIST-1e,34.0,False,419.0,0.0,15.0,0.0,0.0,False,F,1248,P
Europa,False,55 Cancri e,34.0,False,0.0,3424.0,6.0,2445.0,1128.0,False,B,305,S
Mars,False,TRAPPIST-1e,14.0,False,0.0,0.0,0.0,0.0,0.0,False,E,431,S
Earth,False,TRAPPIST-1e,21.0,False,36.0,162.0,0.0,588.0,0.0,True,G,816,S
Europa,False,55 Cancri e,22.0,False,,171.0,2233.0,1.0,800.0,True,B,142,S
Mars,True,TRAPPIST-1e,45.0,False,0.0,0.0,0.0,0.0,0.0,True,F,5,P
Earth,False,TRAPPIST-1e,49.0,False,324.0,275.0,0.0,0.0,0.0,False,F,818,P
Earth,False,TRAPPIST-1e,39.0,False,2.0,0.0,0.0,2.0,787.0,False,E,488,S
Europa,False,55 Cancri e,39.0,False,106.0,243.0,126.0,7.0,4967.0,False,C,158,S
Earth,True,55 Cancri e,7.0,False,0.0,0.0,0.0,,0.0,True,G,636,P
Earth,False,TRAPPIST-1e,22.0,False,60.0,48.0,0.0,0.0,500.0,False,F,1609,P
Earth,False,55 Cancri e,,False,0.0,760.0,0.0,21.0,23.0,False,F,450,S
Mars,False,TRAPPIST-1e,67.0,False,443.0,0.0,1721.0,250.0,2.0,False,F,275,S
Mars,False,,14.0,False,809.0,0.0,59.0,0.0,0.0,False,D,167,P
Europa,False,TRAPPIST-1e,29.0,False,0.0,1644.0,0.0,0.0,3780.0,False,B,226,S
Earth,False,55 Cancri e,20.0,False,0.0,0.0,0.0,335.0,957.0,False,F,1818,P
Europa,False,TRAPPIST-1e,45.0,False,0.0,1897.0,0.0,880.0,605.0,True,C,125,S
Europa,True,TRAPPIST-1e,51.0,False,0.0,0.0,0.0,0.0,0.0,True,C,8,S
Earth,True,55 Cancri e,5.0,False,0.0,0.0,0.0,0.0,0.0,True,G,1246,P
Mars,False,TRAPPIST-1e,25.0,False,338.0,319.0,32.0,15.0,0.0,False,F,1472,S
Earth,True,55 Cancri e,18.0,False,0.0,0.0,0.0,0.0,0.0,False,G,307,S
Earth,True,TRAPPIST-1e,47.0,False,0.0,0.0,0.0,0.0,0.0,True,G,1012,P
Earth,True,TRAPPIST-1e,16.0,False,0.0,0.0,0.0,0.0,0.0,True,G,1123,S
Earth,True,TRAPPIST-1e,22.0,False,0.0,0.0,0.0,0.0,0.0,True,G,852,S
Europa,True,TRAPPIST-1e,52.0,False,0.0,0.0,0.0,0.0,0.0,True,A,23,S
Mars,True,TRAPPIST-1e,34.0,False,0.0,0.0,0.0,0.0,0.0,False,E,158,P
Mars,True,TRAPPIST-1e,40.0,False,0.0,0.0,0.0,0.0,0.0,True,F,1643,S
Earth,True,TRAPPIST-1e,13.0,False,0.0,0.0,0.0,0.0,0.0,True,G,1446,S
Earth,False,TRAPPIST-1e,15.0,False,0.0,3137.0,0.0,0.0,0.0,True,F,1726,P
Earth,True,TRAPPIST-1e,28.0,False,0.0,0.0,0.0,0.0,0.0,True,G,1092,P
Earth,True,PSO J318.5-22,38.0,False,0.0,0.0,0.0,0.0,0.0,True,G,1043,P
Earth,False,55 Cancri e,34.0,False,0.0,968.0,273.0,,283.0,False,F,1242,P
Mars,True,TRAPPIST-1e,38.0,False,0.0,0.0,0.0,,0.0,True,F,1091,P
Europa,True,TRAPPIST-1e,55.0,False,0.0,0.0,0.0,0.0,0.0,True,B,296,P
Mars,False,TRAPPIST-1e,43.0,False,11.0,0.0,1297.0,38.0,0.0,True,F,1010,P
Earth,False,TRAPPIST-1e,18.0,False,2.0,1311.0,60.0,28.0,1.0,True,F,244,P
Europa,False,55 Cancri e,31.0,True,0.0,27723.0,3.0,202.0,3146.0,True,B,55,S
Mars,False,55 Cancri e,19.0,False,1043.0,0.0,138.0,0.0,0.0,False,D,222,P
Earth,False,TRAPPIST-1e,18.0,False,1656.0,0.0,0.0,,0.0,False,E,86,P
Earth,True,55 Cancri e,21.0,False,0.0,0.0,0.0,0.0,0.0,True,G,1400,S
Mars,False,TRAPPIST-1e,22.0,False,2413.0,0.0,53.0,1.0,0.0,False,F,1147,S
Mars,False,TRAPPIST-1e,20.0,False,0.0,0.0,0.0,0.0,0.0,False,E,320,P
Europa,False,TRAPPIST-1e,32.0,False,1.0,470.0,0.0,1440.0,2114.0,False,C,55,P
Earth,False,TRAPPIST-1e,39.0,False,14.0,583.0,310.0,0.0,0.0,True,G,1104,S
Europa,False,TRAPPIST-1e,25.0,False,0.0,4313.0,0.0,175.0,60.0,True,C,206,S
Earth,True,55 Cancri e,22.0,False,0.0,0.0,0.0,0.0,0.0,True,G,1385,P
Mars,False,PSO J318.5-22,34.0,True,49.0,478.0,387.0,0.0,0.0,False,D,55,P
Earth,False,PSO J318.5-22,33.0,False,270.0,412.0,1.0,,5.0,False,F,467,P
Mars,False,TRAPPIST-1e,0.0,False,0.0,0.0,0.0,0.0,0.0,True,F,981,P
Mars,False,TRAPPIST-1e,29.0,False,574.0,0.0,4940.0,1831.0,2.0,False,F,893,S
Mars,False,TRAPPIST-1e,18.0,False,196.0,0.0,744.0,0.0,0.0,True,F,1636,P
Europa,False,TRAPPIST-1e,26.0,False,0.0,823.0,0.0,1821.0,1508.0,False,D,147,S
Earth,False,TRAPPIST-1e,,False,0.0,715.0,0.0,170.0,0.0,False,G,117,S
Europa,False,TRAPPIST-1e,62.0,True,0.0,1633.0,0.0,1742.0,0.0,True,B,153,P
Earth,False,55 Cancri e,64.0,False,0.0,316.0,2.0,673.0,0.0,False,E,401,P
Europa,False,55 Cancri e,28.0,False,167.0,2406.0,71.0,283.0,650.0,True,C,78,S
Earth,True,PSO J318.5-22,14.0,False,0.0,0.0,0.0,0.0,0.0,True,G,664,P
Earth,False,TRAPPIST-1e,8.0,False,0.0,0.0,0.0,0.0,0.0,True,G,657,P
Europa,True,55 Cancri e,31.0,False,0.0,0.0,0.0,0.0,0.0,True,C,315,S
Europa,True,TRAPPIST-1e,46.0,False,0.0,0.0,0.0,0.0,0.0,True,D,217,P
Europa,True,TRAPPIST-1e,59.0,False,0.0,0.0,0.0,0.0,0.0,True,C,44,P
Europa,True,55 Cancri e,16.0,False,0.0,0.0,0.0,0.0,0.0,True,B,258,P
Earth,True,TRAPPIST-1e,,False,0.0,0.0,0.0,0.0,0.0,False,G,525,P
Europa,True,55 Cancri e,56.0,True,0.0,0.0,0.0,0.0,0.0,True,C,93,S
Mars,False,TRAPPIST-1e,27.0,False,1277.0,0.0,1.0,10.0,9.0,False,E,92,S
Mars,True,TRAPPIST-1e,39.0,,0.0,0.0,0.0,0.0,0.0,True,F,418,S
Earth,False,55 Cancri e,21.0,False,0.0,56.0,0.0,0.0,1918.0,False,F,40,S
Mars,True,TRAPPIST-1e,26.0,False,0.0,0.0,0.0,0.0,,True,F,1493,S
Mars,True,TRAPPIST-1e,24.0,False,0.0,0.0,0.0,0.0,0.0,True,F,125,P
Mars,False,TRAPPIST-1e,0.0,False,0.0,0.0,0.0,0.0,0.0,True,F,151,S
Europa,True,55 Cancri e,28.0,False,0.0,0.0,0.0,0.0,0.0,True,C,90,P
Earth,False,TRAPPIST-1e,22.0,False,1018.0,100.0,0.0,9.0,0.0,False,,,
Earth,False,TRAPPIST-1e,22.0,False,0.0,0.0,0.0,10.0,761.0,False,G,310,S
Earth,False,TRAPPIST-1e,37.0,False,477.0,0.0,167.0,0.0,46.0,False,F,1601,S
Mars,False,TRAPPIST-1e,43.0,False,375.0,103.0,1990.0,36.0,0.0,True,F,937,P
Earth,True,PSO J318.5-22,40.0,False,0.0,0.0,0.0,0.0,0.0,True,G,657,P
Earth,False,PSO J318.5-22,35.0,False,0.0,0.0,2.0,672.0,10.0,False,F,994,P
Earth,False,TRAPPIST-1e,25.0,False,0.0,478.0,71.0,11.0,162.0,False,G,1270,P
Earth,True,TRAPPIST-1e,36.0,False,0.0,0.0,,0.0,0.0,True,G,1493,P
Earth,False,TRAPPIST-1e,24.0,False,1231.0,0.0,0.0,1.0,3.0,True,F,1005,S
Earth,True,PSO J318.5-22,29.0,False,0.0,0.0,0.0,0.0,0.0,True,G,355,P
Earth,False,TRAPPIST-1e,10.0,False,0.0,0.0,0.0,0.0,0.0,False,G,817,P
Earth,False,TRAPPIST-1e,20.0,False,0.0,4.0,429.0,0.0,287.0,False,G,323,S
Europa,False,55 Cancri e,49.0,False,0.0,7683.0,0.0,13016.0,0.0,False,B,268,S
Mars,False,TRAPPIST-1e,18.0,False,659.0,0.0,2316.0,0.0,23.0,True,E,265,S
Mars,,TRAPPIST-1e,32.0,False,0.0,0.0,0.0,0.0,0.0,True,F,525,P
Mars,False,55 Cancri e,18.0,False,3992.0,673.0,1360.0,2.0,0.0,True,D,50,P
Europa,True,TRAPPIST-1e,32.0,False,0.0,0.0,0.0,0.0,0.0,True,B,11,S
Earth,False,TRAPPIST-1e,14.0,False,450.0,4791.0,896.0,0.0,0.0,True,G,1394,S
Mars,False,TRAPPIST-1e,43.0,False,27.0,0.0,797.0,830.0,161.0,False,F,1767,P
Earth,True,TRAPPIST-1e,20.0,False,0.0,0.0,0.0,0.0,0.0,True,G,438,P
Europa,True,55 Cancri e,54.0,False,0.0,0.0,0.0,0.0,0.0,True,B,28,S
Earth,False,TRAPPIST-1e,20.0,False,362.0,0.0,31.0,12.0,483.0,False,G,786,P
Mars,False,55 Cancri e,13.0,False,4.0,0.0,1973.0,0.0,39.0,True,F,214,P
Earth,True,TRAPPIST-1e,9.0,False,0.0,0.0,0.0,0.0,0.0,True,G,1108,P
Earth,True,TRAPPIST-1e,18.0,False,0.0,0.0,0.0,0.0,0.0,False,G,617,P
Earth,False,55 Cancri e,6.0,,0.0,0.0,0.0,0.0,0.0,True,G,1394,P
Earth,False,PSO J318.5-22,44.0,False,0.0,2.0,0.0,0.0,1556.0,False,E,594,S
,True,TRAPPIST-1e,25.0,False,0.0,0.0,0.0,0.0,0.0,True,B,163,S
Earth,True,PSO J318.5-22,20.0,False,0.0,0.0,0.0,0.0,0.0,True,G,209,S
Europa,False,TRAPPIST-1e,8.0,False,0.0,0.0,0.0,0.0,0.0,True,B,47,P
Europa,True,TRAPPIST-1e,36.0,False,0.0,0.0,0.0,0.0,0.0,True,B,25,S
Earth,False,TRAPPIST-1e,57.0,False,433.0,0.0,0.0,371.0,0.0,False,F,314,P
Europa,False,TRAPPIST-1e,42.0,False,0.0,6244.0,0.0,10912.0,4.0,False,B,251,S
Mars,False,TRAPPIST-1e,21.0,False,1244.0,0.0,1119.0,0.0,3.0,False,F,1399,P
Earth,False,TRAPPIST-1e,0.0,False,0.0,0.0,0.0,0.0,0.0,True,G,1159,S
Mars,False,TRAPPIST-1e,21.0,False,0.0,0.0,0.0,0.0,0.0,False,E,356,S
Earth,False,55 Cancri e,36.0,False,0.0,0.0,0.0,33.0,619.0,False,,,
Earth,False,TRAPPIST-1e,19.0,False,0.0,0.0,0.0,0.0,0.0,True,G,1450,P
Earth,True,TRAPPIST-1e,24.0,,0.0,0.0,0.0,0.0,0.0,False,G,1436,P
Mars,False,TRAPPIST-1e,41.0,False,29.0,0.0,1095.0,0.0,4.0,False,F,218,S
Mars,False,,33.0,False,361.0,0.0,381.0,1622.0,0.0,False,F,523,S
Earth,False,TRAPPIST-1e,40.0,False,0.0,0.0,84.0,798.0,0.0,False,G,1223,P
Europa,False,55 Cancri e,33.0,False,0.0,27071.0,0.0,15.0,0.0,True,B,131,S
Earth,False,TRAPPIST-1e,27.0,False,0.0,0.0,23.0,30.0,815.0,False,F,1364,P
Earth,False,TRAPPIST-1e,56.0,False,0.0,605.0,0.0,179.0,0.0,False,G,1066,P
Earth,False,TRAPPIST-1e,17.0,False,16.0,2165.0,0.0,0.0,52.0,False,F,14,P
Earth,False,TRAPPIST-1e,20.0,False,98.0,499.0,0.0,142.0,52.0,False,E,504,P
Earth,False,TRAPPIST-1e,21.0,False,759.0,0.0,0.0,,40.0,False,F,501,P
Mars,True,,30.0,False,0.0,0.0,0.0,0.0,0.0,True,F,1306,S
Mars,True,TRAPPIST-1e,30.0,False,0.0,0.0,0.0,0.0,0.0,False,E,373,P
Mars,False,TRAPPIST-1e,34.0,False,751.0,0.0,185.0,0.0,77.0,False,E,499,P
Europa,True,TRAPPIST-1e,22.0,False,0.0,0.0,0.0,0.0,0.0,True,C,267,P
Mars,False,55 Cancri e,25.0,False,1410.0,123.0,26.0,9.0,812.0,False,D,180,P
Mars,True,TRAPPIST-1e,9.0,False,0.0,0.0,0.0,0.0,0.0,True,F,700,S
Mars,False,TRAPPIST-1e,0.0,False,0.0,0.0,0.0,0.0,0.0,True,F,522,P
Europa,False,TRAPPIST-1e,39.0,True,1.0,392.0,64.0,148.0,1367.0,True,A,97,S
Mars,False,TRAPPIST-1e,21.0,False,899.0,1.0,1686.0,13.0,0.0,True,F,1233,S
Europa,False,TRAPPIST-1e,50.0,False,0.0,2684.0,0.0,153.0,1751.0,False,C,94,P
Earth,False,TRAPPIST-1e,23.0,False,0.0,179.0,569.0,0.0,0.0,True,F,606,P
Earth,False,TRAPPIST-1e,0.0,False,0.0,0.0,0.0,0.0,0.0,True,G,1340,S
Mars,False,TRAPPIST-1e,,False,0.0,0.0,0.0,0.0,0.0,True,E,475,S
Earth,True,TRAPPIST-1e,6.0,False,0.0,0.0,0.0,0.0,0.0,True,G,186,S
Europa,True,TRAPPIST-1e,14.0,False,0.0,0.0,0.0,0.0,0.0,True,D,288,P
Europa,True,55 Cancri e,26.0,False,0.0,0.0,0.0,0.0,0.0,True,C,301,S
Europa,False,TRAPPIST-1e,53.0,False,0.0,0.0,0.0,0.0,0.0,True,B,222,P
Europa,False,55 Cancri e,25.0,False,0.0,1673.0,0.0,642.0,612.0,False,A,101,S
Earth,True,PSO J318.5-22,29.0,False,0.0,0.0,0.0,0.0,0.0,True,G,826,S
Earth,True,TRAPPIST-1e,15.0,False,0.0,0.0,,0.0,0.0,True,G,981,S
Mars,False,TRAPPIST-1e,32.0,False,536.0,0.0,736.0,118.0,0.0,False,F,765,S
Earth,False,55 Cancri e,41.0,False,0.0,33.0,0.0,1324.0,0.0,False,F,488,P
Europa,True,55 Cancri e,26.0,False,0.0,0.0,0.0,,0.0,True,D,164,S
Europa,False,55 Cancri e,33.0,False,0.0,8759.0,0.0,2788.0,4513.0,False,C,91,S
Mars,False,TRAPPIST-1e,25.0,False,2093.0,0.0,6.0,0.0,0.0,False,E,391,S
,False,PSO J318.5-22,19.0,False,54.0,0.0,0.0,42.0,986.0,False,F,1224,S
Mars,False,TRAPPIST-1e,50.0,False,748.0,164.0,269.0,0.0,0.0,False,D,259,S
Earth,True,PSO J318.5-22,25.0,False,0.0,0.0,0.0,0.0,0.0,True,G,720,P
Earth,False,PSO J318.5-22,45.0,False,0.0,0.0,734.0,3.0,5.0,True,F,413,S
Earth,False,TRAPPIST-1e,14.0,False,0.0,360.0,0.0,25.0,1340.0,False,G,1290,P
Europa,True,55 Cancri e,37.0,False,0.0,0.0,0.0,0.0,0.0,True,A,97,S
Earth,False,TRAPPIST-1e,21.0,False,86.0,3.0,149.0,208.0,329.0,False,F,1894,P
Earth,False,PSO J318.5-22,22.0,False,141.0,16.0,0.0,177.0,336.0,True,F,873,S
Earth,False,TRAPPIST-1e,7.0,False,0.0,0.0,0.0,0.0,0.0,False,G,72,P
Mars,True,TRAPPIST-1e,27.0,False,0.0,0.0,0.0,0.0,0.0,True,F,1625,S
Europa,True,TRAPPIST-1e,25.0,False,0.0,0.0,0.0,0.0,0.0,True,B,85,S
Earth,False,PSO J318.5-22,21.0,False,1.0,368.0,0.0,0.0,388.0,False,F,131,P
Europa,False,55 Cancri e,41.0,True,0.0,9463.0,0.0,1022.0,1562.0,True,C,133,P
Earth,False,PSO J318.5-22,18.0,False,0.0,525.0,0.0,0.0,84.0,True,F,735,S
Earth,False,TRAPPIST-1e,18.0,False,200.0,124.0,0.0,413.0,0.0,True,F,188,P
Earth,False,TRAPPIST-1e,18.0,False,0.0,0.0,31.0,2121.0,0.0,False,F,993,P
,False,TRAPPIST-1e,20.0,False,0.0,0.0,,703.0,0.0,False,F,1141,S
Europa,True,TRAPPIST-1e,26.0,False,0.0,0.0,0.0,0.0,0.0,True,B,8,P
Mars,False,TRAPPIST-1e,0.0,False,0.0,0.0,0.0,0.0,0.0,True,E,534,S
Europa,True,TRAPPIST-1e,39.0,False,0.0,0.0,0.0,0.0,0.0,True,C,56,S
Mars,False,TRAPPIST-1e,37.0,False,14.0,0.0,91.0,1203.0,0.0,False,F,812,P
Europa,False,TRAPPIST-1e,39.0,False,2.0,530.0,0.0,,1360.0,False,D,239,P
Earth,False,TRAPPIST-1e,31.0,False,459.0,194.0,0.0,5.0,125.0,False,G,1494,P
Europa,False,55 Cancri e,27.0,False,0.0,867.0,0.0,20.0,1371.0,False,C,157,P
Europa,True,TRAPPIST-1e,22.0,False,0.0,0.0,0.0,0.0,0.0,True,B,155,S
Earth,False,TRAPPIST-1e,23.0,False,,0.0,6.0,30.0,200.0,False,G,178,P
Earth,True,TRAPPIST-1e,15.0,False,0.0,0.0,0.0,0.0,0.0,True,G,394,P
Mars,True,TRAPPIST-1e,13.0,False,0.0,0.0,0.0,0.0,0.0,True,F,1203,S
Europa,True,55 Cancri e,42.0,False,0.0,0.0,0.0,0.0,0.0,True,A,14,P
Earth,False,TRAPPIST-1e,37.0,False,0.0,886.0,0.0,58.0,441.0,False,F,789,S
Earth,False,TRAPPIST-1e,8.0,False,0.0,0.0,,0.0,0.0,True,G,1015,P
Europa,False,TRAPPIST-1e,56.0,False,153.0,1750.0,0.0,334.0,1539.0,False,A,60,S
Mars,False,TRAPPIST-1e,21.0,False,0.0,0.0,0.0,0.0,0.0,False,E,29,S
Earth,False,TRAPPIST-1e,20.0,False,735.0,0.0,0.0,41.0,1.0,False,F,1823,P
Europa,True,TRAPPIST-1e,60.0,False,0.0,0.0,0.0,0.0,0.0,True,C,39,S
Earth,True,TRAPPIST-1e,3.0,False,0.0,0.0,0.0,0.0,0.0,True,G,652,S
Europa,False,55 Cancri e,33.0,False,13.0,,2011.0,17.0,32.0,True,D,45,P
Europa,False,TRAPPIST-1e,51.0,False,0.0,3571.0,106.0,0.0,0.0,True,B,161,P
Europa,False,55 Cancri e,33.0,False,0.0,73.0,31.0,8493.0,9065.0,False,C,291,S
Europa,True,TRAPPIST-1e,17.0,False,0.0,0.0,0.0,0.0,0.0,True,B,74,S
Earth,False,TRAPPIST-1e,21.0,False,0.0,780.0,44.0,0.0,5.0,False,F,490,P
Earth,False,TRAPPIST-1e,45.0,False,0.0,25.0,87.0,989.0,482.0,False,F,142,P
Mars,False,TRAPPIST-1e,38.0,False,1478.0,0.0,631.0,0.0,0.0,False,E,598,S
Earth,True,TRAPPIST-1e,30.0,False,0.0,0.0,0.0,0.0,0.0,False,G,672,P
Mars,False,TRAPPIST-1e,37.0,False,0.0,0.0,0.0,0.0,0.0,False,E,556,P
Mars,False,TRAPPIST-1e,29.0,False,2223.0,0.0,0.0,0.0,0.0,False,F,1212,S
Mars,False,TRAPPIST-1e,13.0,False,0.0,0.0,0.0,0.0,0.0,False,E,429,P
Europa,False,TRAPPIST-1e,66.0,False,354.0,2639.0,0.0,1180.0,0.0,False,E,559,P
Earth,False,55 Cancri e,26.0,,620.0,0.0,187.0,0.0,1304.0,False,F,232,P
Mars,False,TRAPPIST-1e,38.0,False,3414.0,0.0,161.0,28.0,119.0,False,D,6,S
Earth,False,TRAPPIST-1e,23.0,False,139.0,0.0,0.0,567.0,0.0,False,G,398,S
Europa,True,TRAPPIST-1e,51.0,False,0.0,0.0,0.0,0.0,0.0,True,A,59,P
Earth,False,55 Cancri e,22.0,False,126.0,3.0,0.0,1305.0,0.0,False,G,787,P
Europa,True,55 Cancri e,26.0,False,0.0,0.0,0.0,0.0,0.0,True,B,43,P
Mars,,TRAPPIST-1e,25.0,False,1299.0,0.0,0.0,0.0,0.0,False,D,102,P
Earth,False,TRAPPIST-1e,19.0,False,511.0,0.0,0.0,267.0,0.0,False,F,1577,S
Earth,True,TRAPPIST-1e,9.0,False,0.0,0.0,0.0,0.0,0.0,False,G,757,P
Europa,False,55 Cancri e,37.0,False,4301.0,791.0,0.0,1748.0,91.0,False,D,35,S
Earth,False,TRAPPIST-1e,21.0,False,17.0,427.0,31.0,257.0,0.0,True,F,594,S
Europa,True,55 Cancri e,27.0,False,0.0,0.0,0.0,0.0,0.0,True,,,
Europa,True,TRAPPIST-1e,48.0,False,0.0,0.0,0.0,0.0,0.0,True,B,36,P
Europa,False,TRAPPIST-1e,52.0,False,6.0,2333.0,11.0,1149.0,1.0,False,D,110,P
Europa,False,55 Cancri e,23.0,False,36.0,2467.0,0.0,381.0,803.0,False,A,19,P
Earth,False,TRAPPIST-1e,18.0,False,3.0,688.0,0.0,0.0,23.0,True,G,1170,S
Earth,False,55 Cancri e,26.0,False,0.0,158.0,0.0,0.0,912.0,False,F,1355,S
Mars,False,TRAPPIST-1e,48.0,False,581.0,6.0,1.0,158.0,0.0,False,D,171,P
Europa,False,55 Cancri e,49.0,False,3.0,1108.0,2.0,5775.0,1964.0,False,C,325,S
Earth,False,TRAPPIST-1e,24.0,False,0.0,171.0,591.0,22.0,0.0,False,G,1374,P
Earth,False,55 Cancri e,16.0,False,,231.0,569.0,2.0,0.0,False,F,351,S
Mars,True,TRAPPIST-1e,5.0,False,0.0,0.0,0.0,0.0,0.0,True,F,355,P
Mars,False,TRAPPIST-1e,46.0,False,479.0,4.0,699.0,0.0,0.0,False,D,283,P
Earth,True,PSO J318.5-22,16.0,False,0.0,0.0,0.0,0.0,0.0,True,G,1493,S
Mars,True,TRAPPIST-1e,29.0,False,0.0,0.0,0.0,0.0,0.0,True,F,1362,P
Earth,True,TRAPPIST-1e,,False,0.0,0.0,0.0,0.0,0.0,True,G,673,P
Earth,True,55 Cancri e,31.0,False,0.0,0.0,0.0,0.0,0.0,True,G,592,P
Europa,False,55 Cancri e,13.0,False,1212.0,4485.0,0.0,4016.0,57.0,False,C,290,P
Earth,True,TRAPPIST-1e,58.0,False,0.0,0.0,0.0,0.0,0.0,True,G,156,P
Earth,False,TRAPPIST-1e,34.0,False,0.0,0.0,53.0,731.0,0.0,False,G,313,P
Earth,False,55 Cancri e,14.0,False,547.0,145.0,5.0,0.0,9.0,False,G,1383,S
Earth,False,TRAPPIST-1e,24.0,False,0.0,,229.0,502.0,5.0,False,F,129,P
Earth,False,TRAPPIST-1e,16.0,False,866.0,0.0,0.0,184.0,0.0,False,F,1753,S
Mars,False,TRAPPIST-1e,28.0,False,142.0,0.0,1878.0,62.0,0.0,True,E,341,P
Earth,False,TRAPPIST-1e,15.0,False,1042.0,0.0,36.0,0.0,0.0,False,F,1185,S
Europa,False,TRAPPIST-1e,41.0,False,0.0,371.0,0.0,1701.0,21.0,False,A,82,S
Earth,False,55 Cancri e,19.0,,0.0,6.0,0.0,0.0,1179.0,True,F,1711,S
Earth,False,TRAPPIST-1e,62.0,False,102.0,696.0,0.0,0.0,0.0,True,F,1891,P
Earth,True,PSO J318.5-22,16.0,False,0.0,0.0,0.0,0.0,0.0,True,G,999,S
Europa,True,TRAPPIST-1e,33.0,False,0.0,0.0,0.0,0.0,0.0,True,C,323,S
Earth,False,PSO J318.5-22,41.0,False,0.0,122.0,0.0,104.0,486.0,False,F,718,S
Earth,True,TRAPPIST-1e,,False,0.0,,0.0,0.0,0.0,False,G,224,S
Europa,False,55 Cancri e,26.0,False,0.0,4458.0,0.0,1157.0,262.0,True,B,7,S
Mars,True,TRAPPIST-1e,54.0,False,0.0,0.0,0.0,0.0,0.0,True,F,786,P
Earth,False,TRAPPIST-1e,46.0,False,0.0,0.0,868.0,0.0,3.0,True,F,1257,P
Europa,False,TRAPPIST-1e,30.0,False,0.0,1076.0,0.0,3725.0,9.0,False,E,203,P
Europa,False,55 Cancri e,46.0,False,0.0,8221.0,0.0,1010.0,160.0,True,C,209,S
Earth,False,TRAPPIST-1e,49.0,False,0.0,69.0,92.0,1600.0,15.0,False,G,1109,S
Mars,True,TRAPPIST-1e,29.0,False,0.0,0.0,0.0,0.0,0.0,False,E,258,P
Earth,False,PSO J318.5-22,71.0,False,48.0,43.0,0.0,78.0,534.0,False,F,1678,P
Earth,False,TRAPPIST-1e,22.0,False,26.0,0.0,0.0,0.0,733.0,False,F,531,P
Mars,False,TRAPPIST-1e,19.0,False,1962.0,0.0,1.0,641.0,0.0,False,F,1450,P
Earth,False,TRAPPIST-1e,44.0,False,1258.0,3.0,0.0,1.0,0.0,False,F,823,P
Earth,False,TRAPPIST-1e,13.0,False,118.0,0.0,0.0,754.0,1.0,False,F,51,S
Earth,False,TRAPPIST-1e,28.0,False,0.0,26.0,88.0,5.0,754.0,False,F,335,P
Earth,True,PSO J318.5-22,0.0,False,0.0,0.0,0.0,,0.0,True,G,250,S
Earth,False,PSO J318.5-22,39.0,False,0.0,0.0,0.0,0.0,744.0,False,F,1360,P
Earth,False,PSO J318.5-22,26.0,False,0.0,541.0,46.0,4.0,96.0,False,F,183,S
Earth,False,55 Cancri e,9.0,False,0.0,0.0,0.0,0.0,0.0,False,G,1487,S
Europa,True,TRAPPIST-1e,,False,0.0,0.0,0.0,0.0,0.0,True,B,184,S
Mars,True,,18.0,False,0.0,0.0,0.0,0.0,0.0,True,F,126,S
Europa,True,55 Cancri e,22.0,False,0.0,0.0,0.0,0.0,0.0,True,B,148,S
Europa,False,TRAPPIST-1e,38.0,False,0.0,347.0,0.0,1545.0,2187.0,False,C,213,S
Earth,True,55 Cancri e,30.0,False,0.0,0.0,0.0,0.0,0.0,False,G,328,P
Earth,False,TRAPPIST-1e,39.0,False,17.0,334.0,708.0,17.0,366.0,False,F,1657,P
Earth,False,TRAPPIST-1e,21.0,False,958.0,1668.0,82.0,0.0,78.0,True,F,1069,S
Earth,False,TRAPPIST-1e,13.0,False,27.0,81.0,1080.0,0.0,0.0,True,F,869,P
Europa,True,TRAPPIST-1e,36.0,False,0.0,0.0,0.0,0.0,0.0,True,B,89,P
Mars,False,TRAPPIST-1e,35.0,,2301.0,0.0,414.0,,0.0,True,D,82,P
Europa,False,TRAPPIST-1e,29.0,False,4.0,841.0,0.0,363.0,1107.0,True,,,
Earth,False,TRAPPIST-1e,26.0,False,0.0,56.0,322.0,6.0,243.0,True,G,531,P
Earth,False,55 Cancri e,35.0,False,2594.0,195.0,0.0,0.0,0.0,False,F,477,S
Europa,True,55 Cancri e,28.0,False,0.0,0.0,0.0,0.0,0.0,True,C,220,S
Earth,True,TRAPPIST-1e,21.0,False,0.0,0.0,0.0,0.0,0.0,True,G,650,S
Earth,True,PSO J318.5-22,2.0,False,0.0,0.0,0.0,0.0,0.0,False,G,109,P
Earth,False,TRAPPIST-1e,36.0,False,2.0,0.0,0.0,1958.0,19.0,False,F,114,S
Europa,True,55 Cancri e,28.0,False,0.0,0.0,0.0,0.0,0.0,True,C,227,S
Europa,False,TRAPPIST-1e,41.0,True,0.0,649.0,0.0,945.0,,True,B,131,S
Europa,True,TRAPPIST-1e,32.0,False,0.0,0.0,0.0,,0.0,True,C,84,P
Earth,False,55 Cancri e,5.0,False,0.0,0.0,0.0,0.0,0.0,True,G,1460,S
Europa,True,55 Cancri e,41.0,False,0.0,0.0,0.0,0.0,0.0,True,C,293,S
Earth,False,PSO J318.5-22,24.0,False,662.0,0.0,0.0,0.0,9.0,False,F,391,S
Earth,False,TRAPPIST-1e,38.0,False,0.0,338.0,0.0,453.0,0.0,False,E,478,S
Europa,True,55 Cancri e,42.0,False,0.0,0.0,0.0,0.0,0.0,True,E,16,P
Earth,False,TRAPPIST-1e,26.0,False,207.0,350.0,74.0,0.0,3.0,True,F,598,S
Earth,False,TRAPPIST-1e,21.0,False,38.0,1.0,591.0,1.0,31.0,True,E,336,S
Earth,False,TRAPPIST-1e,69.0,False,577.0,139.0,0.0,0.0,0.0,False,F,636,P
Mars,False,PSO J318.5-22,22.0,False,193.0,1.0,640.0,15.0,30.0,True,D,121,P
Earth,False,55 Cancri e,51.0,False,183.0,0.0,1.0,0.0,1103.0,False,F,780,P
Earth,False,55 Cancri e,19.0,False,423.0,,0.0,0.0,0.0,False,G,782,P
Earth,True,PSO J318.5-22,33.0,False,0.0,0.0,0.0,0.0,0.0,True,G,911,P
Mars,True,55 Cancri e,19.0,False,0.0,0.0,0.0,0.0,0.0,True,F,1153,P
Mars,False,TRAPPIST-1e,42.0,False,554.0,0.0,1168.0,0.0,275.0,False,F,471,S
Earth,False,TRAPPIST-1e,65.0,False,0.0,0.0,113.0,208.0,587.0,False,G,1327,S
Earth,True,TRAPPIST-1e,22.0,False,0.0,0.0,0.0,0.0,0.0,False,G,1257,P
Earth,False,TRAPPIST-1e,23.0,False,39.0,263.0,0.0,0.0,,True,E,32,S
Earth,False,TRAPPIST-1e,19.0,False,0.0,0.0,1.0,644.0,0.0,False,F,483,P
Earth,False,55 Cancri e,43.0,False,0.0,1197.0,0.0,223.0,1.0,True,F,1201,P
Earth,True,TRAPPIST-1e,0.0,False,0.0,0.0,0.0,0.0,0.0,True,G,981,S
Earth,False,TRAPPIST-1e,19.0,False,1.0,143.0,0.0,254.0,107.0,True,E,163,P
Earth,True,TRAPPIST-1e,28.0,False,0.0,0.0,0.0,0.0,,True,G,0,S
Earth,False,55 Cancri e,29.0,False,0.0,0.0,0.0,1819.0,1.0,False,F,740,S
Earth,False,55 Cancri e,8.0,False,0.0,0.0,0.0,0.0,0.0,True,G,1334,S
Europa,False,TRAPPIST-1e,35.0,False,0.0,725.0,3415.0,,1.0,False,D,158,S
Earth,True,55 Cancri e,41.0,False,0.0,,,0.0,0.0,False,G,759,P
Earth,False,TRAPPIST-1e,58.0,False,0.0,268.0,0.0,109.0,594.0,False,F,1508,S
Mars,False,TRAPPIST-1e,37.0,False,27.0,0.0,1131.0,0.0,1318.0,False,F,535,P
Earth,False,TRAPPIST-1e,36.0,False,0.0,0.0,1508.0,110.0,117.0,True,F,369,S
Mars,False,TRAPPIST-1e,26.0,True,1.0,445.0,170.0,614.0,68.0,False,E,575,P
,False,TRAPPIST-1e,31.0,False,1458.0,421.0,76.0,0.0,0.0,False,D,72,P
Mars,False,TRAPPIST-1e,50.0,False,202.0,,1108.0,0.0,0.0,False,F,204,S
Earth,False,TRAPPIST-1e,21.0,False,0.0,0.0,845.0,4.0,470.0,True,F,1254,S
Earth,False,TRAPPIST-1e,12.0,False,0.0,0.0,0.0,0.0,0.0,True,G,177,S
Earth,False,TRAPPIST-1e,17.0,False,736.0,0.0,2.0,20.0,0.0,False,F,420,P
Europa,True,55 Cancri e,36.0,False,0.0,0.0,0.0,0.0,0.0,True,B,165,S
Earth,False,PSO J318.5-22,19.0,False,150.0,605.0,0.0,0.0,1.0,False,F,1552,S
Mars,True,55 Cancri e,32.0,False,0.0,0.0,0.0,0.0,0.0,True,F,1430,P
Europa,True,55 Cancri e,18.0,False,0.0,0.0,0.0,0.0,0.0,True,B,279,P
Europa,False,TRAPPIST-1e,33.0,False,0.0,739.0,0.0,140.0,6901.0,False,A,89,P
Europa,False,TRAPPIST-1e,54.0,False,0.0,,0.0,3200.0,0.0,True,C,149,S
Earth,False,TRAPPIST-1e,53.0,False,49.0,584.0,0.0,0.0,70.0,False,F,1877,P
Mars,False,TRAPPIST-1e,20.0,False,915.0,12.0,25.0,205.0,311.0,True,F,623,S
Earth,False,55 Cancri e,15.0,False,0.0,59.0,714.0,0.0,3.0,True,F,154,S
Europa,True,TRAPPIST-1e,36.0,True,0.0,0.0,0.0,0.0,0.0,True,C,110,S
Mars,False,TRAPPIST-1e,61.0,False,953.0,415.0,974.0,0.0,133.0,False,F,358,S
,False,TRAPPIST-1e,13.0,False,,256.0,0.0,207.0,409.0,False,F,629,P
Europa,True,TRAPPIST-1e,27.0,False,0.0,0.0,0.0,0.0,0.0,True,B,182,P
Earth,True,TRAPPIST-1e,18.0,False,0.0,0.0,0.0,0.0,0.0,True,G,175,P
Europa,False,TRAPPIST-1e,40.0,False,0.0,0.0,0.0,0.0,0.0,True,B,252,P
Earth,False,TRAPPIST-1e,37.0,False,72.0,0.0,18.0,0.0,809.0,False,F,1575,S
Europa,False,,27.0,False,0.0,,0.0,1866.0,676.0,True,C,274,P
Earth,False,TRAPPIST-1e,41.0,False,84.0,0.0,6.0,811.0,2.0,True,F,1520,S
,False,PSO J318.5-22,22.0,,2.0,46.0,0.0,483.0,67.0,False,F,1035,S
Earth,True,PSO J318.5-22,36.0,False,0.0,0.0,0.0,0.0,0.0,True,G,446,S
Europa,,TRAPPIST-1e,2.0,False,0.0,0.0,0.0,0.0,,True,B,315,S
,True,TRAPPIST-1e,69.0,False,0.0,0.0,0.0,0.0,0.0,False,G,396,S
Earth,False,TRAPPIST-1e,23.0,False,1639.0,1218.0,0.0,1.0,0.0,True,F,362,P
Europa,True,55 Cancri e,20.0,False,0.0,0.0,0.0,0.0,0.0,True,B,28,P
Earth,False,TRAPPIST-1e,12.0,False,0.0,0.0,0.0,0.0,0.0,True,G,813,S
Mars,False,TRAPPIST-1e,41.0,False,145.0,0.0,2383.0,30.0,40.0,True,F,1412,P
Earth,False,TRAPPIST-1e,31.0,False,198.0,0.0,591.0,0.0,164.0,True,G,63,P
Mars,True,TRAPPIST-1e,55.0,False,0.0,0.0,0.0,0.0,0.0,True,F,1295,S
Europa,True,TRAPPIST-1e,56.0,False,0.0,0.0,0.0,0.0,0.0,True,C,283,S
Earth,False,55 Cancri e,51.0,False,8.0,0.0,206.0,1247.0,14.0,True,,,
Europa,True,55 Cancri e,24.0,False,0.0,0.0,0.0,,0.0,True,C,255,S
Earth,False,TRAPPIST-1e,27.0,False,3.0,,10.0,4.0,855.0,True,F,1751,P
Europa,True,TRAPPIST-1e,28.0,,0.0,,0.0,0.0,0.0,True,C,115,P
Earth,True,TRAPPIST-1e,6.0,False,0.0,0.0,0.0,0.0,0.0,False,G,18,S
Europa,False,TRAPPIST-1e,44.0,False,0.0,4313.0,0.0,568.0,7.0,True,B,297,P
Earth,True,TRAPPIST-1e,64.0,False,0.0,0.0,0.0,0.0,0.0,True,G,891,S
Earth,True,TRAPPIST-1e,4.0,False,0.0,0.0,0.0,0.0,0.0,False,G,252,S
Mars,False,TRAPPIST-1e,21.0,False,2627.0,0.0,597.0,0.0,0.0,True,E,256,S
Mars,False,TRAPPIST-1e,31.0,False,2575.0,1.0,2.0,,0.0,False,D,291,P
Earth,False,TRAPPIST-1e,18.0,False,95.0,0.0,0.0,13.0,622.0,False,F,808,P
Mars,False,TRAPPIST-1e,34.0,False,1199.0,33.0,346.0,0.0,0.0,False,F,1486,S
Europa,False,55 Cancri e,11.0,False,0.0,0.0,0.0,0.0,0.0,True,A,57,P
Europa,False,TRAPPIST-1e,49.0,False,0.0,3750.0,0.0,2.0,341.0,True,E,101,P
Earth,False,TRAPPIST-1e,16.0,False,3.0,595.0,0.0,9.0,321.0,True,G,871,P
Europa,True,TRAPPIST-1e,28.0,False,0.0,0.0,0.0,0.0,0.0,True,,,
Mars,False,TRAPPIST-1e,20.0,False,0.0,0.0,0.0,0.0,0.0,True,F,937,S
Earth,False,TRAPPIST-1e,42.0,False,0.0,1.0,0.0,17.0,1601.0,False,E,298,S
Mars,False,TRAPPIST-1e,60.0,True,2739.0,0.0,0.0,0.0,0.0,False,D,132,P
Earth,False,TRAPPIST-1e,27.0,False,203.0,539.0,0.0,0.0,0.0,False,F,449,P
Earth,True,TRAPPIST-1e,19.0,False,0.0,0.0,,0.0,,False,G,89,S
Europa,False,55 Cancri e,34.0,False,0.0,3126.0,0.0,112.0,15.0,True,C,329,S
Earth,False,55 Cancri e,23.0,False,3.0,0.0,2.0,61.0,634.0,False,F,1522,P
Earth,False,PSO J318.5-22,23.0,False,90.0,4.0,0.0,7.0,588.0,False,F,1553,S
Europa,True,TRAPPIST-1e,41.0,False,0.0,0.0,0.0,0.0,0.0,True,D,105,P
Europa,True,55 Cancri e,41.0,False,0.0,0.0,0.0,0.0,0.0,True,B,236,S
Earth,True,TRAPPIST-1e,25.0,,0.0,0.0,0.0,0.0,0.0,False,G,1131,P
Earth,True,TRAPPIST-1e,15.0,False,0.0,0.0,0.0,0.0,0.0,True,G,1018,P
Earth,False,TRAPPIST-1e,3.0,False,0.0,0.0,0.0,0.0,0.0,False,G,1015,P
Europa,False,55 Cancri e,23.0,False,0.0,44.0,0.0,3452.0,83.0,False,D,196,S
Mars,False,TRAPPIST-1e,29.0,False,298.0,0.0,888.0,5.0,0.0,True,F,969,P
Mars,False,TRAPPIST-1e,44.0,False,,971.0,700.0,0.0,0.0,False,F,1786,P
Earth,True,TRAPPIST-1e,39.0,False,0.0,0.0,0.0,0.0,0.0,False,G,69,P
Europa,False,TRAPPIST-1e,24.0,False,1289.0,3343.0,0.0,4996.0,729.0,False,D,69,S
Mars,True,TRAPPIST-1e,43.0,False,0.0,0.0,0.0,0.0,0.0,True,E,435,P
Earth,True,TRAPPIST-1e,19.0,False,0.0,0.0,0.0,0.0,0.0,False,G,1373,P
Earth,True,TRAPPIST-1e,55.0,False,0.0,0.0,0.0,0.0,0.0,False,G,643,P
Earth,False,TRAPPIST-1e,18.0,False,716.0,,0.0,0.0,0.0,False,F,810,P
Earth,True,TRAPPIST-1e,0.0,False,0.0,0.0,0.0,0.0,0.0,True,G,894,S
Earth,True,55 Cancri e,78.0,False,0.0,0.0,0.0,0.0,0.0,False,G,410,P
Earth,False,TRAPPIST-1e,20.0,False,631.0,93.0,0.0,0.0,0.0,False,F,934,P
Earth,False,TRAPPIST-1e,2.0,False,0.0,0.0,0.0,0.0,0.0,False,G,934,P
Earth,False,TRAPPIST-1e,20.0,False,0.0,0.0,708.0,101.0,0.0,True,F,1094,P
Mars,False,55 Cancri e,18.0,False,2904.0,5.0,50.0,0.0,9.0,False,F,1253,P
Earth,False,TRAPPIST-1e,40.0,False,0.0,0.0,286.0,6.0,570.0,True,E,574,S
Earth,False,TRAPPIST-1e,17.0,False,3.0,83.0,927.0,0.0,1.0,True,G,657,P
Earth,False,TRAPPIST-1e,10.0,False,0.0,0.0,0.0,0.0,0.0,False,G,1411,P
Earth,True,PSO J318.5-22,15.0,False,0.0,0.0,0.0,0.0,0.0,True,G,1398,P
Earth,False,TRAPPIST-1e,29.0,False,0.0,316.0,0.0,,338.0,True,G,1090,P
Mars,False,TRAPPIST-1e,33.0,False,836.0,0.0,155.0,31.0,0.0,False,E,392,S
Europa,False,TRAPPIST-1e,26.0,False,0.0,1026.0,3301.0,831.0,356.0,True,C,50,S
Earth,False,TRAPPIST-1e,40.0,False,1.0,0.0,895.0,10.0,0.0,True,G,1025,S
Earth,True,TRAPPIST-1e,46.0,False,0.0,0.0,0.0,0.0,0.0,True,G,230,S
Mars,True,55 Cancri e,25.0,False,0.0,0.0,0.0,0.0,0.0,True,F,1697,S
Europa,True,55 Cancri e,13.0,,0.0,0.0,0.0,0.0,0.0,True,C,324,S
Mars,True,TRAPPIST-1e,28.0,False,0.0,0.0,0.0,0.0,0.0,True,F,1216,S
Earth,False,TRAPPIST-1e,28.0,False,0.0,1.0,12.0,875.0,0.0,False,G,1333,S
Earth,False,TRAPPIST-1e,24.0,False,174.0,0.0,0.0,630.0,0.0,False,F,172,S
Earth,False,TRAPPIST-1e,45.0,False,0.0,0.0,450.0,94.0,364.0,False,G,403,P
Mars,True,TRAPPIST-1e,21.0,False,0.0,0.0,0.0,0.0,0.0,True,F,587,P
Europa,False,55 Cancri e,52.0,True,0.0,831.0,1536.0,0.0,7953.0,False,C,279,P
Earth,False,TRAPPIST-1e,0.0,,0.0,0.0,0.0,0.0,0.0,True,G,916,P
Earth,True,55 Cancri e,23.0,,0.0,0.0,0.0,,0.0,False,G,135,S
Earth,False,TRAPPIST-1e,21.0,False,0.0,0.0,12.0,0.0,747.0,False,F,126,P
Mars,False,TRAPPIST-1e,23.0,False,1215.0,80.0,1.0,2.0,0.0,False,E,13,S
Earth,True,55 Cancri e,22.0,False,0.0,0.0,0.0,0.0,0.0,True,G,268,S
Europa,True,TRAPPIST-1e,18.0,False,0.0,0.0,0.0,0.0,0.0,True,B,89,S
Earth,False,TRAPPIST-1e,33.0,False,44.0,630.0,18.0,96.0,0.0,False,E,238,S
Earth,True,TRAPPIST-1e,9.0,False,0.0,0.0,0.0,0.0,0.0,False,G,974,P
Earth,False,TRAPPIST-1e,24.0,False,,32.0,8.0,0.0,0.0,False,F,203,P
Earth,False,PSO J318.5-22,21.0,False,0.0,576.0,1.0,20.0,,False,F,118,S
Earth,False,TRAPPIST-1e,9.0,False,0.0,0.0,0.0,0.0,0.0,False,G,1115,S
Europa,True,55 Cancri e,30.0,False,0.0,0.0,0.0,0.0,0.0,True,B,241,S
Earth,True,TRAPPIST-1e,18.0,False,0.0,0.0,0.0,0.0,0.0,False,G,339,P
Earth,False,TRAPPIST-1e,25.0,False,62.0,0.0,0.0,0.0,956.0,False,G,28,P
Earth,True,TRAPPIST-1e,20.0,False,0.0,0.0,0.0,0.0,0.0,True,G,869,S
Earth,True,TRAPPIST-1e,15.0,False,0.0,0.0,0.0,0.0,,True,G,1070,P
Earth,True,TRAPPIST-1e,0.0,False,0.0,0.0,0.0,0.0,0.0,True,F,1808,P
Mars,True,TRAPPIST-1e,34.0,False,0.0,0.0,0.0,0.0,0.0,True,F,1275,P
Earth,False,55 Cancri e,41.0,False,4.0,737.0,0.0,51.0,0.0,False,E,321,S
Earth,False,TRAPPIST-1e,30.0,False,0.0,0.0,871.0,0.0,0.0,True,E,68,S
Mars,False,TRAPPIST-1e,32.0,,1240.0,0.0,58.0,0.0,0.0,False,E,95,P
Mars,True,TRAPPIST-1e,20.0,,0.0,0.0,0.0,0.0,0.0,True,F,1009,P
Earth,False,PSO J318.5-22,24.0,False,1.0,0.0,11.0,0.0,734.0,False,F,1037,S
Europa,False,TRAPPIST-1e,30.0,False,209.0,157.0,2566.0,171.0,472.0,False,E,541,S
Mars,False,TRAPPIST-1e,49.0,False,2209.0,42.0,109.0,23.0,0.0,False,D,186,S
Earth,False,TRAPPIST-1e,18.0,False,628.0,0.0,0.0,31.0,150.0,False,G,1000,P
Europa,True,55 Cancri e,38.0,False,0.0,0.0,0.0,0.0,0.0,True,D,265,S
Mars,True,55 Cancri e,60.0,False,0.0,0.0,0.0,0.0,0.0,True,D,101,S
Earth,False,PSO J318.5-22,17.0,False,414.0,0.0,139.0,28.0,173.0,False,G,320,P
Earth,True,TRAPPIST-1e,13.0,False,0.0,0.0,0.0,0.0,0.0,True,G,464,P
Earth,False,TRAPPIST-1e,0.0,False,0.0,0.0,0.0,0.0,0.0,True,,,
Europa,True,TRAPPIST-1e,25.0,False,0.0,0.0,0.0,0.0,0.0,True,C,329,S
Earth,True,TRAPPIST-1e,0.0,,0.0,0.0,,0.0,0.0,True,G,1460,S
Mars,True,TRAPPIST-1e,51.0,False,0.0,0.0,0.0,0.0,0.0,True,F,1225,S
Mars,True,TRAPPIST-1e,23.0,False,0.0,0.0,0.0,0.0,0.0,True,F,1290,S
Mars,False,55 Cancri e,23.0,False,228.0,1451.0,912.0,3.0,0.0,True,F,961,S
Mars,True,55 Cancri e,23.0,False,0.0,0.0,0.0,0.0,0.0,True,,,
Earth,False,PSO J318.5-22,25.0,False,153.0,0.0,0.0,388.0,0.0,False,G,1295,P
Europa,False,TRAPPIST-1e,36.0,False,83.0,1186.0,0.0,2160.0,736.0,False,D,227,P
Earth,False,TRAPPIST-1e,29.0,False,0.0,95.0,424.0,1.0,364.0,False,G,1094,P
Earth,False,TRAPPIST-1e,22.0,False,38.0,483.0,80.0,47.0,121.0,True,G,362,P
Earth,True,55 Cancri e,13.0,,0.0,0.0,0.0,0.0,0.0,True,G,344,S
Earth,True,PSO J318.5-22,18.0,False,0.0,0.0,0.0,0.0,0.0,True,G,1216,P
Mars,True,TRAPPIST-1e,21.0,False,0.0,0.0,0.0,0.0,0.0,True,F,1262,S
Mars,True,TRAPPIST-1e,38.0,False,0.0,0.0,0.0,0.0,0.0,True,F,1100,P
Europa,True,TRAPPIST-1e,18.0,False,0.0,0.0,0.0,0.0,0.0,True,E,34,P
Europa,False,TRAPPIST-1e,30.0,False,0.0,0.0,0.0,0.0,0.0,True,A,16,S
Europa,False,55 Cancri e,27.0,False,0.0,33.0,9.0,1847.0,2035.0,False,E,445,S
Europa,False,TRAPPIST-1e,34.0,False,10.0,5659.0,15.0,3.0,0.0,True,C,103,S
Mars,True,TRAPPIST-1e,26.0,False,0.0,0.0,0.0,0.0,0.0,True,F,402,P
Earth,False,TRAPPIST-1e,30.0,False,574.0,0.0,,25.0,2.0,False,F,1599,P
Europa,False,TRAPPIST-1e,26.0,False,2050.0,8525.0,0.0,270.0,636.0,False,A,35,S
Earth,True,PSO J318.5-22,46.0,False,0.0,0.0,0.0,0.0,,False,G,318,S
Earth,False,PSO J318.5-22,53.0,False,1215.0,0.0,0.0,0.0,0.0,False,F,1867,P
Earth,False,TRAPPIST-1e,37.0,False,0.0,0.0,1025.0,0.0,0.0,True,G,1372,P
Europa,False,55 Cancri e,62.0,False,320.0,1179.0,756.0,4996.0,85.0,False,A,29,S
Earth,False,TRAPPIST-1e,49.0,False,188.0,0.0,143.0,1443.0,555.0,False,G,1382,P
Europa,True,TRAPPIST-1e,,False,0.0,0.0,,0.0,0.0,True,C,18,P
,False,TRAPPIST-1e,2.0,False,0.0,0.0,0.0,0.0,0.0,True,F,1140,S
Earth,False,TRAPPIST-1e,26.0,False,0.0,0.0,716.0,0.0,1.0,True,F,187,P
Europa,False,55 Cancri e,30.0,False,0.0,787.0,116.0,1924.0,2.0,False,D,119,S
Mars,True,TRAPPIST-1e,19.0,False,0.0,0.0,0.0,0.0,0.0,True,F,952,S
Europa,False,TRAPPIST-1e,44.0,False,126.0,4688.0,0.0,0.0,12.0,True,E,608,S
Earth,False,TRAPPIST-1e,39.0,False,0.0,454.0,0.0,454.0,0.0,False,G,372,S
Mars,True,TRAPPIST-1e,28.0,False,0.0,0.0,0.0,0.0,0.0,True,F,1607,S
Mars,True,TRAPPIST-1e,12.0,False,0.0,0.0,0.0,0.0,0.0,True,F,1593,S
Earth,False,TRAPPIST-1e,39.0,False,382.0,0.0,22.0,467.0,0.0,False,F,78,S
Earth,True,TRAPPIST-1e,56.0,False,0.0,0.0,0.0,0.0,0.0,False,,,
Earth,False,TRAPPIST-1e,22.0,False,758.0,0.0,46.0,0.0,0.0,False,F,1141,P
Earth,False,55 Cancri e,15.0,False,0.0,0.0,0.0,208.0,754.0,False,F,1858,P
Earth,False,TRAPPIST-1e,25.0,False,0.0,997.0,0.0,0.0,0.0,True,E,100,S
Earth,True,55 Cancri e,0.0,False,0.0,0.0,0.0,0.0,0.0,False,G,1108,P
Earth,True,TRAPPIST-1e,27.0,False,0.0,0.0,0.0,0.0,0.0,False,G,1460,S
Europa,True,TRAPPIST-1e,54.0,False,0.0,0.0,0.0,0.0,0.0,True,C,142,P
Earth,False,55 Cancri e,2.0,False,0.0,0.0,0.0,0.0,0.0,False,G,316,P
Earth,True,TRAPPIST-1e,10.0,False,0.0,0.0,0.0,0.0,0.0,True,G,1313,S
Earth,False,TRAPPIST-1e,11.0,False,0.0,0.0,0.0,0.0,,False,G,166,P
Europa,False,TRAPPIST-1e,28.0,False,0.0,4340.0,0.0,186.0,0.0,True,C,226,P
Europa,False,TRAPPIST-1e,47.0,False,1.0,734.0,28.0,78.0,3471.0,False,B,60,S
Earth,False,TRAPPIST-1e,49.0,False,0.0,,0.0,0.0,0.0,True,G,981,S
Europa,False,55 Cancri e,32.0,False,0.0,5755.0,0.0,59.0,122.0,True,D,18,S
Europa,True,TRAPPIST-1e,22.0,False,0.0,0.0,0.0,0.0,0.0,True,B,97,P
Earth,True,TRAPPIST-1e,36.0,False,0.0,0.0,,0.0,0.0,True,G,1184,S
Earth,True,PSO J318.5-22,59.0,False,0.0,0.0,0.0,0.0,0.0,False,G,288,P
Europa,False,TRAPPIST-1e,27.0,False,0.0,2481.0,0.0,3657.0,93.0,False,C,331,S
Earth,True,TRAPPIST-1e,18.0,False,0.0,0.0,0.0,0.0,0.0,False,G,1356,P
Earth,False,55 Cancri e,59.0,,269.0,1776.0,0.0,0.0,12.0,False,F,561,P
Mars,True,TRAPPIST-1e,1.0,False,0.0,0.0,0.0,0.0,0.0,True,F,259,P
Earth,False,TRAPPIST-1e,65.0,False,458.0,0.0,555.0,0.0,0.0,False,G,1019,P
Earth,False,55 Cancri e,9.0,False,0.0,0.0,0.0,0.0,0.0,False,,,
Earth,False,TRAPPIST-1e,27.0,False,1.0,,0.0,20.0,948.0,False,F,1840,P
Europa,False,TRAPPIST-1e,48.0,True,313.0,2864.0,0.0,0.0,12424.0,False,A,81,P
Earth,True,TRAPPIST-1e,28.0,False,0.0,0.0,0.0,0.0,0.0,True,G,1391,S
Earth,False,TRAPPIST-1e,38.0,False,646.0,0.0,0.0,135.0,260.0,False,F,192,P
Earth,False,TRAPPIST-1e,36.0,False,5.0,623.0,88.0,5.0,1.0,True,F,606,S
Earth,False,55 Cancri e,23.0,False,0.0,247.0,1063.0,36.0,0.0,True,F,1690,S
Earth,False,TRAPPIST-1e,27.0,False,1109.0,0.0,0.0,0.0,0.0,False,F,1041,S
Earth,False,TRAPPIST-1e,18.0,False,0.0,3.0,41.0,359.0,393.0,False,F,1204,P
Europa,True,55 Cancri e,16.0,False,0.0,0.0,0.0,0.0,0.0,True,C,21,P
Earth,False,TRAPPIST-1e,21.0,False,39.0,360.0,0.0,,0.0,True,E,360,S
Earth,False,55 Cancri e,28.0,False,2.0,558.0,0.0,0.0,0.0,True,F,239,P
Earth,False,TRAPPIST-1e,21.0,False,0.0,1.0,0.0,808.0,0.0,False,G,1485,P
Earth,False,55 Cancri e,0.0,False,0.0,0.0,0.0,0.0,0.0,True,G,1235,P
Mars,True,TRAPPIST-1e,43.0,False,0.0,0.0,0.0,0.0,0.0,True,D,124,P
Mars,False,TRAPPIST-1e,25.0,False,520.0,0.0,139.0,0.0,77.0,False,F,1695,S
Europa,False,55 Cancri e,20.0,False,11.0,596.0,0.0,3583.0,266.0,False,E,211,S
Europa,True,55 Cancri e,31.0,True,0.0,0.0,0.0,0.0,0.0,True,B,144,P
Mars,False,TRAPPIST-1e,27.0,False,542.0,0.0,1231.0,0.0,1.0,False,F,722,P
Earth,False,TRAPPIST-1e,1.0,False,0.0,0.0,0.0,0.0,0.0,True,G,1023,S
Europa,True,55 Cancri e,43.0,False,0.0,0.0,0.0,0.0,0.0,True,B,353,S
Earth,True,TRAPPIST-1e,3.0,False,0.0,0.0,0.0,0.0,0.0,False,G,442,S
Earth,False,TRAPPIST-1e,0.0,False,0.0,0.0,0.0,0.0,0.0,False,G,478,S
Earth,False,TRAPPIST-1e,22.0,False,0.0,0.0,441.0,0.0,423.0,False,F,1569,P
Europa,True,TRAPPIST-1e,34.0,False,0.0,0.0,0.0,0.0,0.0,True,C,279,P
Earth,False,55 Cancri e,36.0,False,85.0,0.0,545.0,15.0,0.0,True,F,1060,S
Mars,False,PSO J318.5-22,30.0,False,77.0,71.0,1147.0,0.0,0.0,False,E,424,P
Europa,True,55 Cancri e,34.0,False,0.0,0.0,,0.0,0.0,True,E,230,P
Mars,False,TRAPPIST-1e,57.0,True,435.0,22.0,1435.0,4.0,0.0,True,E,549,S
Europa,False,55 Cancri e,,False,49.0,13342.0,,1885.0,6985.0,False,C,238,S
Europa,True,TRAPPIST-1e,39.0,False,0.0,0.0,0.0,0.0,0.0,True,C,310,S
,True,PSO J318.5-22,18.0,False,0.0,0.0,0.0,0.0,0.0,True,G,455,P
Earth,False,TRAPPIST-1e,46.0,False,0.0,,0.0,17.0,655.0,False,G,1268,S
Europa,True,TRAPPIST-1e,,False,0.0,0.0,0.0,0.0,0.0,True,A,59,P
Europa,False,TRAPPIST-1e,26.0,False,0.0,4894.0,0.0,62.0,85.0,True,A,65,S
Earth,False,TRAPPIST-1e,7.0,False,0.0,0.0,0.0,0.0,0.0,False,G,178,S
Europa,True,55 Cancri e,19.0,False,0.0,0.0,0.0,0.0,0.0,True,C,169,S
Mars,False,TRAPPIST-1e,19.0,False,0.0,0.0,0.0,0.0,0.0,False,E,134,P
Earth,False,TRAPPIST-1e,22.0,False,91.0,6.0,0.0,17.0,693.0,False,G,427,P
Earth,True,55 Cancri e,51.0,False,0.0,0.0,0.0,0.0,0.0,True,G,864,S
Mars,True,PSO J318.5-22,27.0,False,0.0,0.0,0.0,0.0,0.0,True,F,425,S
Earth,True,TRAPPIST-1e,25.0,False,0.0,0.0,0.0,0.0,0.0,True,G,1039,S
Earth,True,PSO J318.5-22,18.0,False,0.0,0.0,0.0,0.0,0.0,True,G,1285,S
Europa,False,TRAPPIST-1e,26.0,False,36.0,2285.0,0.0,2287.0,159.0,False,,,
Earth,True,TRAPPIST-1e,21.0,False,0.0,0.0,0.0,0.0,0.0,False,G,37,S
Mars,True,TRAPPIST-1e,27.0,False,0.0,0.0,0.0,0.0,0.0,True,F,206,S
Earth,True,PSO J318.5-22,38.0,False,0.0,0.0,0.0,0.0,0.0,False,G,328,S
Earth,False,TRAPPIST-1e,43.0,False,142.0,1208.0,0.0,0.0,204.0,False,F,1420,P
Europa,False,55 Cancri e,18.0,False,0.0,3268.0,0.0,436.0,342.0,True,B,190,P
Mars,False,TRAPPIST-1e,27.0,False,555.0,0.0,744.0,0.0,0.0,False,E,91,P
Earth,False,TRAPPIST-1e,21.0,False,556.0,0.0,20.0,1589.0,0.0,False,F,453,S
Earth,False,55 Cancri e,29.0,False,0.0,0.0,2.0,786.0,594.0,True,F,134,S
Earth,False,TRAPPIST-1e,10.0,False,0.0,0.0,0.0,0.0,0.0,False,G,184,S
Mars,False,TRAPPIST-1e,19.0,False,154.0,170.0,2074.0,0.0,0.0,True,D,141,P
Mars,False,TRAPPIST-1e,35.0,False,771.0,0.0,183.0,0.0,0.0,False,E,415,P
Earth,False,TRAPPIST-1e,21.0,False,724.0,0.0,0.0,0.0,0.0,True,F,1045,S
Earth,True,55 Cancri e,43.0,False,0.0,0.0,0.0,0.0,0.0,False,G,308,P
Earth,False,TRAPPIST-1e,37.0,False,15.0,7.0,0.0,786.0,0.0,False,G,1468,S
Mars,False,TRAPPIST-1e,24.0,False,165.0,0.0,981.0,2.0,0.0,True,F,585,P
Earth,False,TRAPPIST-1e,18.0,False,64.0,0.0,3.0,3440.0,5.0,False,F,775,P
Earth,False,PSO J318.5-22,20.0,False,0.0,90.0,561.0,2.0,0.0,True,F,1375,P
Mars,,PSO J318.5-22,39.0,False,173.0,0.0,660.0,1.0,781.0,False,F,227,P
Earth,False,TRAPPIST-1e,32.0,False,11.0,31.0,0.0,836.0,9.0,False,G,393,P
Earth,False,TRAPPIST-1e,27.0,False,352.0,14.0,1.0,407.0,15.0,False,E,433,S
Earth,False,TRAPPIST-1e,22.0,False,0.0,0.0,0.0,0.0,1345.0,False,F,580,P
Mars,False,TRAPPIST-1e,22.0,False,142.0,2876.0,202.0,3.0,0.0,True,D,12,P
Europa,False,TRAPPIST-1e,19.0,False,0.0,1.0,0.0,2085.0,55.0,False,D,86,P
,True,PSO J318.5-22,16.0,False,0.0,0.0,0.0,0.0,0.0,False,G,395,S
Earth,False,TRAPPIST-1e,25.0,False,439.0,0.0,0.0,557.0,0.0,False,E,463,S
Earth,True,55 Cancri e,16.0,,0.0,0.0,0.0,0.0,0.0,True,G,435,S
Earth,False,TRAPPIST-1e,17.0,False,18.0,10.0,73.0,0.0,1049.0,False,F,1214,P
Earth,False,PSO J318.5-22,17.0,False,2.0,0.0,0.0,0.0,681.0,False,F,1135,P
Europa,False,TRAPPIST-1e,67.0,False,0.0,4715.0,0.0,599.0,6.0,True,D,77,S
Mars,True,TRAPPIST-1e,44.0,False,0.0,0.0,0.0,0.0,0.0,True,F,641,S
Earth,,55 Cancri e,20.0,False,6.0,1119.0,0.0,24.0,13.0,True,F,1555,S
Europa,False,TRAPPIST-1e,47.0,False,0.0,4983.0,0.0,173.0,43.0,True,B,164,S
Earth,False,TRAPPIST-1e,14.0,False,1.0,1.0,683.0,419.0,0.0,False,F,289,S
Europa,True,55 Cancri e,25.0,,0.0,0.0,0.0,0.0,0.0,True,A,71,P
Europa,True,PSO J318.5-22,29.0,False,0.0,0.0,0.0,0.0,0.0,True,B,103,S
Earth,False,TRAPPIST-1e,23.0,False,0.0,1.0,908.0,0.0,0.0,True,G,1008,P
Europa,False,55 Cancri e,38.0,False,0.0,692.0,0.0,3587.0,0.0,False,B,233,P
Earth,False,TRAPPIST-1e,8.0,False,0.0,0.0,0.0,0.0,0.0,True,G,1167,S
Mars,,TRAPPIST-1e,20.0,False,0.0,0.0,0.0,0.0,0.0,True,F,1509,P
Mars,False,55 Cancri e,23.0,False,112.0,1184.0,143.0,2.0,585.0,False,F,1228,P
Earth,False,TRAPPIST-1e,27.0,False,,34.0,23.0,0.0,275.0,False,G,74,P
Earth,False,TRAPPIST-1e,2.0,False,0.0,0.0,0.0,0.0,0.0,True,G,994,S
Earth,False,TRAPPIST-1e,23.0,False,0.0,1268.0,0.0,119.0,2.0,False,F,265,S
Earth,False,TRAPPIST-1e,58.0,False,0.0,0.0,970.0,0.0,0.0,True,F,758,S
Mars,True,TRAPPIST-1e,45.0,False,0.0,0.0,0.0,0.0,0.0,True,F,69,S
Europa,True,55 Cancri e,27.0,False,0.0,0.0,0.0,0.0,,True,B,212,S
,False,TRAPPIST-1e,24.0,False,569.0,156.0,0.0,12.0,0.0,False,F,1634,P
Europa,True,TRAPPIST-1e,18.0,False,0.0,0.0,0.0,0.0,0.0,True,,,
Earth,True,TRAPPIST-1e,40.0,False,0.0,0.0,0.0,0.0,0.0,True,G,884,S
Earth,True,PSO J318.5-22,16.0,False,0.0,0.0,0.0,0.0,0.0,False,G,420,S
Earth,True,55 Cancri e,49.0,False,0.0,0.0,0.0,0.0,0.0,False,E,0,S
Earth,False,TRAPPIST-1e,50.0,False,0.0,5.0,0.0,2170.0,0.0,False,F,445,P
Earth,True,TRAPPIST-1e,24.0,False,0.0,0.0,0.0,0.0,0.0,True,G,272,S
Earth,False,TRAPPIST-1e,23.0,False,0.0,0.0,484.0,188.0,0.0,False,F,156,P
,False,,12.0,False,0.0,0.0,0.0,0.0,0.0,False,G,1131,P
Earth,True,55 Cancri e,29.0,False,0.0,0.0,0.0,0.0,0.0,False,G,469,S
Europa,False,55 Cancri e,46.0,False,202.0,484.0,0.0,3208.0,2485.0,False,C,56,S
Mars,True,TRAPPIST-1e,21.0,False,0.0,0.0,0.0,0.0,0.0,True,F,1522,S
Europa,False,55 Cancri e,33.0,False,0.0,286.0,1795.0,712.0,7041.0,False,B,80,P
Europa,False,55 Cancri e,28.0,False,0.0,3238.0,0.0,750.0,2368.0,False,B,125,P
Europa,True,55 Cancri e,39.0,False,0.0,0.0,0.0,0.0,0.0,True,A,19,P
Mars,False,55 Cancri e,21.0,False,513.0,0.0,1749.0,82.0,0.0,True,D,19,P
Earth,True,PSO J318.5-22,2.0,False,,0.0,0.0,0.0,0.0,True,G,889,S
Europa,True,TRAPPIST-1e,2.0,False,0.0,0.0,0.0,0.0,0.0,False,A,54,S
Mars,True,TRAPPIST-1e,29.0,False,0.0,0.0,0.0,0.0,0.0,True,F,1534,S
Europa,False,TRAPPIST-1e,28.0,False,3.0,2127.0,0.0,696.0,10.0,False,C,137,P
Earth,False,TRAPPIST-1e,22.0,False,0.0,24.0,0.0,176.0,783.0,False,E,98,P
Earth,False,TRAPPIST-1e,51.0,False,0.0,0.0,0.0,544.0,12.0,False,F,746,S
Earth,True,55 Cancri e,,False,0.0,0.0,,0.0,0.0,True,G,50,P
Earth,False,TRAPPIST-1e,23.0,False,14.0,0.0,437.0,103.0,333.0,True,G,792,S
Mars,True,TRAPPIST-1e,1.0,False,0.0,0.0,0.0,0.0,0.0,True,F,862,S
Earth,False,TRAPPIST-1e,13.0,False,0.0,0.0,0.0,0.0,1513.0,False,F,994,S
Europa,True,55 Cancri e,,False,0.0,0.0,0.0,0.0,0.0,True,C,136,S
Earth,True,TRAPPIST-1e,15.0,False,0.0,0.0,0.0,0.0,0.0,True,G,1105,P
Earth,False,TRAPPIST-1e,36.0,False,123.0,3.0,,7.0,0.0,True,F,533,S
Earth,False,TRAPPIST-1e,27.0,False,0.0,1826.0,39.0,11.0,649.0,False,F,280,S
Earth,False,TRAPPIST-1e,20.0,False,874.0,0.0,80.0,,0.0,False,F,1810,P
Earth,True,PSO J318.5-22,18.0,False,0.0,0.0,0.0,0.0,0.0,True,G,1050,P
Europa,True,55 Cancri e,43.0,False,0.0,0.0,0.0,0.0,0.0,True,C,24,S
Europa,False,TRAPPIST-1e,52.0,False,2.0,364.0,0.0,2144.0,1804.0,False,C,176,S
Europa,False,TRAPPIST-1e,41.0,False,0.0,116.0,10705.0,9181.0,10.0,False,C,257,P
Earth,False,TRAPPIST-1e,13.0,False,0.0,0.0,60.0,1.0,5147.0,False,G,818,P
Earth,False,TRAPPIST-1e,20.0,,,215.0,0.0,541.0,0.0,False,G,104,S
Earth,False,TRAPPIST-1e,47.0,False,,1.0,0.0,967.0,5.0,False,E,591,S
Earth,False,55 Cancri e,0.0,False,0.0,0.0,0.0,0.0,0.0,True,G,1020,P
Europa,False,TRAPPIST-1e,34.0,True,0.0,4.0,0.0,685.0,1779.0,False,D,118,S
Mars,False,TRAPPIST-1e,19.0,False,0.0,0.0,0.0,0.0,0.0,False,E,397,P
Earth,False,TRAPPIST-1e,31.0,False,593.0,540.0,238.0,0.0,77.0,False,F,676,P
Earth,False,TRAPPIST-1e,,False,0.0,0.0,0.0,595.0,0.0,False,F,1681,S
Earth,,TRAPPIST-1e,21.0,False,1961.0,96.0,0.0,54.0,40.0,False,F,1060,P
,True,TRAPPIST-1e,52.0,False,0.0,0.0,0.0,0.0,0.0,True,G,433,S
Europa,False,TRAPPIST-1e,2.0,False,0.0,0.0,0.0,0.0,0.0,True,C,233,P
Earth,False,TRAPPIST-1e,61.0,False,0.0,166.0,1080.0,0.0,16.0,True,F,1092,S
Earth,False,55 Cancri e,24.0,False,786.0,0.0,0.0,309.0,0.0,True,F,1543,P
Earth,True,PSO J318.5-22,13.0,False,0.0,0.0,0.0,0.0,0.0,True,G,708,S
Earth,False,TRAPPIST-1e,27.0,False,6.0,0.0,0.0,768.0,1141.0,False,F,880,P
Earth,True,PSO J318.5-22,5.0,False,0.0,0.0,0.0,0.0,0.0,False,G,371,P
Earth,False,TRAPPIST-1e,1.0,False,0.0,0.0,0.0,0.0,0.0,False,G,109,P
Earth,False,55 Cancri e,24.0,False,0.0,0.0,809.0,0.0,0.0,True,G,1258,P
Europa,False,TRAPPIST-1e,33.0,False,0.0,3157.0,0.0,131.0,0.0,True,E,237,S
Europa,True,TRAPPIST-1e,,False,0.0,0.0,0.0,0.0,0.0,True,B,286,S
Europa,False,55 Cancri e,40.0,False,0.0,17687.0,0.0,425.0,155.0,True,C,137,P
Earth,True,PSO J318.5-22,19.0,False,0.0,0.0,0.0,0.0,0.0,True,G,499,P
Earth,False,TRAPPIST-1e,44.0,False,39.0,821.0,0.0,7.0,41.0,False,G,651,P
Europa,False,55 Cancri e,36.0,True,13.0,196.0,3.0,0.0,12323.0,False,C,205,S
Mars,False,TRAPPIST-1e,26.0,False,5757.0,0.0,206.0,0.0,0.0,False,F,1651,S
Europa,False,TRAPPIST-1e,27.0,False,551.0,1436.0,0.0,462.0,309.0,False,E,404,S
Earth,False,PSO J318.5-22,,False,0.0,22.0,0.0,1156.0,0.0,False,F,894,P
Earth,False,TRAPPIST-1e,22.0,False,0.0,46.0,0.0,676.0,0.0,False,G,384,S
Earth,True,TRAPPIST-1e,21.0,False,0.0,0.0,0.0,0.0,0.0,True,G,1153,S
Mars,False,TRAPPIST-1e,,False,311.0,0.0,745.0,232.0,0.0,False,F,516,P
Earth,False,TRAPPIST-1e,22.0,False,261.0,0.0,0.0,107.0,1132.0,False,F,997,S
Earth,False,PSO J318.5-22,21.0,False,0.0,12.0,580.0,0.0,79.0,False,F,102,S
Earth,False,TRAPPIST-1e,4.0,False,0.0,0.0,0.0,0.0,0.0,False,G,81,S
Earth,False,TRAPPIST-1e,4.0,False,0.0,0.0,0.0,0.0,0.0,False,G,916,P
Earth,False,PSO J318.5-22,18.0,False,0.0,0.0,0.0,1.0,335.0,False,G,1302,S
Earth,False,55 Cancri e,17.0,False,6256.0,0.0,0.0,1.0,21.0,False,E,517,S
Europa,True,TRAPPIST-1e,54.0,False,0.0,0.0,0.0,0.0,0.0,True,C,319,S
Earth,False,TRAPPIST-1e,30.0,False,0.0,0.0,547.0,,423.0,False,F,1409,S
Earth,True,PSO J318.5-22,23.0,,0.0,0.0,0.0,0.0,0.0,True,G,121,S
Europa,False,55 Cancri e,63.0,False,0.0,5036.0,4.0,519.0,0.0,True,A,92,S
Earth,False,55 Cancri e,36.0,False,695.0,,0.0,0.0,0.0,False,F,1366,P
Earth,False,TRAPPIST-1e,,False,17.0,0.0,0.0,49.0,867.0,False,F,1229,P
Mars,False,TRAPPIST-1e,30.0,False,269.0,96.0,252.0,0.0,0.0,False,F,144,P
Europa,False,,53.0,False,0.0,0.0,0.0,0.0,0.0,True,B,271,S
Europa,False,55 Cancri e,44.0,True,0.0,1223.0,78.0,1418.0,1239.0,False,D,78,S
Earth,False,TRAPPIST-1e,20.0,False,0.0,465.0,0.0,5.0,223.0,False,F,90,P
Europa,True,55 Cancri e,30.0,False,0.0,0.0,0.0,0.0,0.0,True,B,286,P
Europa,False,55 Cancri e,34.0,False,0.0,337.0,1339.0,92.0,264.0,False,D,143,S
Earth,True,TRAPPIST-1e,42.0,False,0.0,0.0,0.0,0.0,0.0,False,G,60,S
Europa,False,TRAPPIST-1e,50.0,True,0.0,7293.0,136.0,97.0,440.0,True,B,259,S
Earth,False,55 Cancri e,22.0,False,0.0,0.0,659.0,94.0,0.0,True,G,383,P
Earth,False,TRAPPIST-1e,24.0,False,0.0,0.0,217.0,0.0,544.0,False,F,1418,S
Mars,False,TRAPPIST-1e,15.0,False,1554.0,0.0,646.0,20.0,1241.0,False,D,61,S
Mars,False,PSO J318.5-22,44.0,,708.0,0.0,5.0,0.0,74.0,True,D,68,S
Earth,False,TRAPPIST-1e,65.0,False,0.0,0.0,0.0,0.0,909.0,False,G,637,S
,False,55 Cancri e,54.0,False,0.0,5.0,0.0,594.0,209.0,False,G,152,P
Mars,False,TRAPPIST-1e,7.0,False,0.0,0.0,0.0,0.0,0.0,True,F,677,P
Earth,False,TRAPPIST-1e,41.0,False,0.0,924.0,,0.0,0.0,False,F,1739,S
Earth,False,TRAPPIST-1e,19.0,False,0.0,78.0,801.0,0.0,7.0,False,G,1195,P
Earth,True,55 Cancri e,58.0,False,0.0,,0.0,0.0,0.0,True,G,1064,P
Europa,False,55 Cancri e,61.0,False,1.0,608.0,0.0,3835.0,1.0,False,B,17,P
Europa,,TRAPPIST-1e,47.0,False,27.0,2651.0,538.0,18.0,0.0,True,B,158,S
Mars,True,TRAPPIST-1e,35.0,False,0.0,0.0,0.0,0.0,,True,F,1340,P
Earth,True,55 Cancri e,23.0,False,0.0,0.0,0.0,0.0,0.0,True,F,267,P
Europa,True,TRAPPIST-1e,50.0,False,0.0,0.0,0.0,0.0,0.0,True,B,226,P
Mars,False,TRAPPIST-1e,50.0,False,846.0,0.0,280.0,280.0,0.0,False,F,1121,P
Mars,False,TRAPPIST-1e,22.0,False,886.0,55.0,0.0,0.0,,False,F,819,P
Mars,True,TRAPPIST-1e,37.0,False,0.0,0.0,0.0,0.0,0.0,True,F,1572,S
Mars,False,TRAPPIST-1e,62.0,False,453.0,1.0,1911.0,0.0,0.0,False,F,1466,P
Earth,False,PSO J318.5-22,39.0,False,0.0,0.0,0.0,0.0,907.0,False,E,188,S
Earth,False,TRAPPIST-1e,35.0,False,0.0,30.0,357.0,435.0,0.0,True,F,762,P
Earth,False,55 Cancri e,24.0,False,1.0,0.0,0.0,318.0,247.0,False,F,428,S
Mars,False,PSO J318.5-22,41.0,False,1209.0,0.0,0.0,0.0,833.0,False,F,152,S
Earth,False,TRAPPIST-1e,29.0,False,715.0,47.0,0.0,0.0,0.0,False,F,1192,P
Mars,True,TRAPPIST-1e,18.0,False,0.0,0.0,0.0,0.0,0.0,True,F,1717,S
Mars,False,TRAPPIST-1e,73.0,False,799.0,0.0,190.0,68.0,0.0,False,D,123,S
Earth,True,PSO J318.5-22,20.0,False,0.0,0.0,0.0,0.0,0.0,False,G,89,P
Earth,True,TRAPPIST-1e,16.0,False,0.0,,0.0,0.0,0.0,True,G,433,S
Mars,True,TRAPPIST-1e,25.0,False,0.0,0.0,0.0,0.0,0.0,True,F,1122,S
Earth,False,TRAPPIST-1e,14.0,False,0.0,0.0,325.0,247.0,305.0,False,F,1088,S
Europa,True,PSO J318.5-22,32.0,False,0.0,0.0,0.0,0.0,0.0,True,C,263,S
Mars,False,TRAPPIST-1e,65.0,False,588.0,196.0,272.0,0.0,0.0,True,D,150,S
Mars,True,TRAPPIST-1e,30.0,False,0.0,0.0,0.0,0.0,0.0,True,E,135,S
,True,55 Cancri e,32.0,True,0.0,0.0,0.0,0.0,0.0,True,D,15,S
Earth,False,TRAPPIST-1e,26.0,False,360.0,8.0,1.0,329.0,185.0,False,G,1033,S
Earth,False,TRAPPIST-1e,34.0,False,44.0,1290.0,51.0,0.0,9.0,False,F,1613,S
Earth,False,TRAPPIST-1e,28.0,False,5.0,0.0,0.0,1014.0,0.0,False,G,752,P
Mars,False,TRAPPIST-1e,27.0,False,1365.0,0.0,48.0,22.0,137.0,False,F,35,S
Earth,True,TRAPPIST-1e,23.0,False,0.0,0.0,0.0,0.0,0.0,True,G,1382,S
Earth,False,TRAPPIST-1e,34.0,False,578.0,0.0,0.0,0.0,323.0,False,F,691,P
Earth,True,TRAPPIST-1e,16.0,False,0.0,0.0,0.0,0.0,0.0,False,G,1236,P
,False,TRAPPIST-1e,26.0,False,0.0,0.0,0.0,77.0,715.0,False,E,25,S
Earth,False,TRAPPIST-1e,26.0,False,1471.0,0.0,7.0,5.0,0.0,True,F,1830,P
Earth,True,TRAPPIST-1e,16.0,False,0.0,0.0,0.0,0.0,0.0,False,G,602,P
Earth,False,TRAPPIST-1e,21.0,False,0.0,0.0,0.0,0.0,0.0,False,G,728,S
Europa,False,TRAPPIST-1e,25.0,False,0.0,6130.0,0.0,36.0,1.0,True,C,137,S
Mars,True,TRAPPIST-1e,37.0,False,0.0,0.0,0.0,0.0,0.0,False,F,725,P
Europa,False,55 Cancri e,20.0,False,0.0,290.0,0.0,1866.0,217.0,False,A,64,S
Mars,True,TRAPPIST-1e,42.0,False,0.0,0.0,0.0,0.0,0.0,True,E,76,S
Earth,False,55 Cancri e,39.0,False,0.0,0.0,1291.0,224.0,0.0,False,F,1838,P
Earth,False,TRAPPIST-1e,32.0,False,0.0,475.0,51.0,440.0,642.0,False,E,597,S
Europa,True,55 Cancri e,33.0,False,0.0,0.0,0.0,0.0,,True,B,35,P
Earth,False,55 Cancri e,17.0,False,558.0,0.0,3.0,0.0,1226.0,False,G,686,S
Earth,False,TRAPPIST-1e,24.0,False,688.0,0.0,0.0,0.0,17.0,True,G,14,S
Mars,True,TRAPPIST-1e,18.0,False,0.0,0.0,0.0,0.0,0.0,True,F,465,S
Earth,False,TRAPPIST-1e,18.0,,1969.0,0.0,310.0,0.0,0.0,True,F,1654,P
Earth,True,PSO J318.5-22,11.0,False,0.0,0.0,0.0,0.0,0.0,True,G,1498,P
Earth,False,TRAPPIST-1e,33.0,False,0.0,3.0,0.0,782.0,7.0,False,E,585,S
Earth,False,TRAPPIST-1e,18.0,False,0.0,732.0,2.0,13.0,47.0,True,F,1561,P
Earth,False,55 Cancri e,29.0,False,46.0,68.0,589.0,88.0,0.0,True,E,519,S
Earth,False,TRAPPIST-1e,27.0,False,174.0,653.0,0.0,0.0,0.0,True,,,
Mars,True,TRAPPIST-1e,27.0,False,0.0,0.0,0.0,0.0,0.0,False,E,146,P
Europa,,TRAPPIST-1e,27.0,False,0.0,2717.0,0.0,0.0,986.0,True,C,158,S
Earth,False,TRAPPIST-1e,47.0,False,59.0,1.0,327.0,557.0,0.0,False,F,857,P
Earth,,55 Cancri e,21.0,False,39.0,53.0,94.0,33.0,518.0,False,F,1632,S
Europa,False,TRAPPIST-1e,24.0,False,0.0,809.0,0.0,4928.0,143.0,False,B,319,S
Earth,True,55 Cancri e,4.0,False,0.0,0.0,0.0,0.0,0.0,True,G,636,P
Earth,False,TRAPPIST-1e,14.0,False,0.0,1427.0,148.0,0.0,7.0,True,F,1704,S
Europa,True,55 Cancri e,28.0,False,0.0,0.0,0.0,0.0,0.0,True,D,16,S
Europa,,55 Cancri e,27.0,False,0.0,0.0,0.0,0.0,0.0,True,B,20,P
Europa,False,55 Cancri e,54.0,True,0.0,316.0,1.0,2038.0,388.0,False,B,239,P
Mars,False,55 Cancri e,27.0,False,1286.0,122.0,,0.0,0.0,False,F,3,P
Earth,False,TRAPPIST-1e,26.0,False,1170.0,0.0,0.0,187.0,100.0,False,F,921,P
Earth,False,TRAPPIST-1e,27.0,False,0.0,2.0,49.0,0.0,801.0,False,G,466,P
Earth,False,55 Cancri e,34.0,False,492.0,0.0,13.0,55.0,0.0,False,F,505,S
Earth,False,55 Cancri e,33.0,False,1006.0,0.0,1357.0,45.0,6.0,False,F,1752,S
Earth,False,55 Cancri e,55.0,False,0.0,519.0,131.0,63.0,3.0,False,F,776,P
Mars,False,TRAPPIST-1e,13.0,False,7172.0,0.0,157.0,20.0,0.0,False,F,299,S
Europa,False,TRAPPIST-1e,29.0,False,0.0,4455.0,0.0,1663.0,4435.0,False,A,103,S
Europa,True,TRAPPIST-1e,15.0,False,0.0,0.0,0.0,0.0,0.0,True,B,300,P
Mars,False,55 Cancri e,21.0,False,861.0,0.0,310.0,0.0,0.0,False,F,1358,P
Earth,True,PSO J318.5-22,20.0,False,0.0,0.0,0.0,0.0,0.0,True,G,1038,P
Earth,False,TRAPPIST-1e,41.0,False,1025.0,0.0,0.0,0.0,0.0,False,G,675,P
Earth,False,TRAPPIST-1e,20.0,False,59.0,29.0,27.0,,0.0,False,G,1372,S
Earth,False,TRAPPIST-1e,30.0,False,0.0,0.0,47.0,703.0,4.0,True,G,981,S
Earth,False,TRAPPIST-1e,14.0,False,0.0,268.0,239.0,127.0,0.0,True,F,1484,S
Earth,False,TRAPPIST-1e,18.0,,382.0,10.0,291.0,90.0,9.0,True,G,1000,S
Europa,True,55 Cancri e,25.0,False,0.0,0.0,0.0,0.0,0.0,True,C,335,S
Europa,False,TRAPPIST-1e,26.0,False,0.0,21.0,10424.0,1373.0,7218.0,False,C,195,S
Mars,True,55 Cancri e,39.0,False,0.0,0.0,0.0,0.0,0.0,True,F,1570,P
Mars,True,TRAPPIST-1e,26.0,False,0.0,0.0,0.0,0.0,0.0,True,F,1196,S
Earth,False,PSO J318.5-22,23.0,False,0.0,9.0,292.0,35.0,349.0,True,E,152,P
Earth,False,,41.0,False,256.0,109.0,0.0,340.0,0.0,False,F,1044,P
,True,TRAPPIST-1e,23.0,False,0.0,0.0,0.0,0.0,0.0,True,E,159,P
Earth,False,TRAPPIST-1e,41.0,False,699.0,0.0,0.0,2.0,31.0,True,F,1253,S
Earth,False,TRAPPIST-1e,52.0,False,44.0,,0.0,42.0,1731.0,False,G,796,S
Earth,False,55 Cancri e,14.0,False,653.0,0.0,4.0,0.0,0.0,False,F,1572,P
Mars,False,TRAPPIST-1e,43.0,False,1821.0,0.0,47.0,29.0,0.0,False,F,90,S
Earth,True,TRAPPIST-1e,56.0,False,0.0,0.0,0.0,0.0,0.0,True,G,31,S
Earth,False,TRAPPIST-1e,48.0,False,0.0,1570.0,1.0,0.0,2.0,False,F,1733,P
Earth,False,TRAPPIST-1e,53.0,False,1613.0,0.0,0.0,0.0,7.0,False,E,570,S
Earth,False,PSO J318.5-22,27.0,False,0.0,468.0,0.0,59.0,309.0,False,G,1460,S
Earth,False,TRAPPIST-1e,22.0,False,0.0,0.0,313.0,299.0,92.0,False,F,50,S
Earth,True,TRAPPIST-1e,7.0,False,0.0,0.0,0.0,0.0,0.0,False,G,345,S
Mars,True,TRAPPIST-1e,14.0,False,0.0,0.0,0.0,0.0,0.0,True,F,630,S
Earth,True,TRAPPIST-1e,19.0,False,0.0,0.0,0.0,0.0,0.0,True,G,142,P
Earth,False,TRAPPIST-1e,42.0,False,84.0,392.0,300.0,0.0,0.0,True,F,1126,S
Europa,False,TRAPPIST-1e,33.0,False,81.0,1125.0,481.0,505.0,1261.0,False,E,497,P
Mars,True,55 Cancri e,41.0,False,0.0,0.0,0.0,0.0,0.0,True,D,156,S
Earth,False,TRAPPIST-1e,42.0,False,,1.0,61.0,897.0,0.0,False,F,472,S
Mars,False,55 Cancri e,39.0,False,1884.0,0.0,1435.0,5.0,469.0,False,D,191,S
Earth,True,TRAPPIST-1e,22.0,False,0.0,0.0,0.0,0.0,0.0,True,G,776,S
Earth,True,55 Cancri e,31.0,False,0.0,0.0,0.0,0.0,0.0,False,G,905,P
Earth,False,TRAPPIST-1e,44.0,False,2.0,0.0,0.0,788.0,0.0,False,E,317,S
Earth,False,55 Cancri e,27.0,False,0.0,0.0,2.0,0.0,808.0,False,G,655,P
Earth,True,55 Cancri e,49.0,False,0.0,0.0,0.0,0.0,0.0,True,G,1306,S
Earth,,PSO J318.5-22,29.0,False,0.0,0.0,0.0,486.0,1479.0,False,F,374,P
Earth,False,55 Cancri e,14.0,False,0.0,2.0,0.0,0.0,794.0,False,F,327,P
Earth,False,55 Cancri e,32.0,False,1150.0,201.0,0.0,0.0,8.0,False,F,684,P
Europa,True,TRAPPIST-1e,44.0,False,0.0,0.0,0.0,0.0,0.0,True,C,284,P
Earth,,TRAPPIST-1e,34.0,False,0.0,0.0,0.0,628.0,0.0,False,G,354,P
Earth,False,TRAPPIST-1e,31.0,False,159.0,110.0,701.0,0.0,10.0,False,E,57,S
Mars,False,PSO J318.5-22,26.0,False,2042.0,0.0,2387.0,10.0,0.0,True,E,385,P
Earth,False,TRAPPIST-1e,37.0,False,22.0,5.0,0.0,747.0,0.0,False,G,255,P
Earth,False,TRAPPIST-1e,48.0,False,0.0,1794.0,0.0,0.0,5.0,True,G,580,P
Mars,True,TRAPPIST-1e,0.0,False,0.0,0.0,0.0,,0.0,True,F,975,P
Earth,False,55 Cancri e,20.0,False,0.0,3080.0,7.0,0.0,67.0,True,F,924,P
Earth,True,55 Cancri e,2.0,False,0.0,0.0,0.0,0.0,0.0,False,F,1555,S
Mars,False,TRAPPIST-1e,18.0,False,593.0,0.0,508.0,0.0,12.0,True,F,1314,P
Europa,True,55 Cancri e,28.0,False,0.0,0.0,0.0,0.0,0.0,True,A,40,S
Europa,False,TRAPPIST-1e,20.0,False,2.0,4754.0,0.0,246.0,31.0,True,A,10,S
Mars,True,TRAPPIST-1e,49.0,False,0.0,0.0,0.0,0.0,0.0,True,F,290,P
Europa,True,55 Cancri e,44.0,False,0.0,0.0,0.0,0.0,0.0,True,C,53,P
Mars,False,55 Cancri e,52.0,False,1377.0,0.0,32.0,22.0,0.0,True,F,468,P
Earth,False,TRAPPIST-1e,42.0,False,0.0,420.0,0.0,1.0,175.0,False,F,1245,P
Earth,True,TRAPPIST-1e,30.0,False,0.0,0.0,0.0,0.0,0.0,True,G,283,P
Earth,False,TRAPPIST-1e,20.0,False,0.0,0.0,841.0,5.0,0.0,True,G,1011,S
Earth,False,TRAPPIST-1e,21.0,False,0.0,0.0,7.0,675.0,0.0,False,F,136,P
Earth,False,PSO J318.5-22,40.0,False,7.0,0.0,840.0,26.0,0.0,False,F,78,S
Earth,False,55 Cancri e,8.0,False,0.0,0.0,0.0,0.0,0.0,False,G,137,P
Mars,False,TRAPPIST-1e,21.0,False,1060.0,0.0,91.0,0.0,0.0,True,F,723,S
Earth,False,PSO J318.5-22,38.0,False,647.0,23.0,1.0,0.0,0.0,False,F,1798,P
Earth,False,PSO J318.5-22,27.0,False,0.0,,0.0,0.0,0.0,True,F,239,S
Mars,False,TRAPPIST-1e,17.0,False,513.0,0.0,669.0,0.0,0.0,False,D,176,S
Mars,False,TRAPPIST-1e,34.0,False,849.0,51.0,375.0,0.0,24.0,False,E,296,S
Europa,False,55 Cancri e,72.0,False,2445.0,3023.0,0.0,704.0,20.0,False,E,349,P
Earth,False,55 Cancri e,54.0,False,752.0,0.0,44.0,14.0,0.0,False,G,1070,P
Mars,False,TRAPPIST-1e,18.0,False,262.0,302.0,1127.0,4225.0,0.0,False,F,463,P
Mars,False,PSO J318.5-22,13.0,False,358.0,65.0,599.0,676.0,0.0,False,F,1117,P
Europa,True,55 Cancri e,27.0,False,0.0,,0.0,0.0,0.0,True,,,
Europa,True,TRAPPIST-1e,35.0,False,0.0,0.0,0.0,0.0,0.0,True,B,306,S
Mars,,TRAPPIST-1e,51.0,False,870.0,28.0,278.0,154.0,1288.0,False,F,1748,P
Earth,False,TRAPPIST-1e,54.0,False,0.0,0.0,872.0,0.0,1.0,True,F,408,S
Europa,False,TRAPPIST-1e,35.0,False,0.0,7636.0,0.0,353.0,705.0,True,C,216,S
Earth,True,55 Cancri e,1.0,False,0.0,0.0,0.0,0.0,0.0,True,G,109,P
Earth,False,55 Cancri e,18.0,False,1.0,5.0,305.0,347.0,0.0,False,F,1605,P
Mars,False,TRAPPIST-1e,28.0,False,,0.0,0.0,0.0,0.0,False,D,290,P
Earth,False,PSO J318.5-22,21.0,False,,2.0,133.0,0.0,549.0,False,F,412,P
Europa,False,55 Cancri e,26.0,False,0.0,9641.0,51.0,224.0,2428.0,True,C,224,S
Earth,False,TRAPPIST-1e,33.0,False,123.0,760.0,0.0,0.0,0.0,False,G,471,P
Earth,False,TRAPPIST-1e,23.0,False,,134.0,482.0,,27.0,False,F,1479,P
Mars,True,TRAPPIST-1e,28.0,False,0.0,0.0,,0.0,0.0,True,F,1488,P
Europa,True,TRAPPIST-1e,68.0,False,0.0,0.0,0.0,0.0,0.0,True,C,176,S
Mars,False,TRAPPIST-1e,35.0,False,0.0,0.0,0.0,0.0,0.0,False,E,542,P
Earth,True,PSO J318.5-22,33.0,False,0.0,0.0,0.0,0.0,,True,G,324,P
Mars,False,TRAPPIST-1e,30.0,False,522.0,0.0,,0.0,27.0,True,E,577,P
Mars,False,TRAPPIST-1e,25.0,False,987.0,0.0,6221.0,141.0,0.0,True,F,1773,P
Europa,False,TRAPPIST-1e,51.0,False,0.0,302.0,0.0,1367.0,669.0,False,D,90,S
Europa,False,55 Cancri e,27.0,False,146.0,3786.0,490.0,0.0,18.0,True,,,
Earth,False,TRAPPIST-1e,38.0,False,0.0,0.0,0.0,846.0,0.0,False,G,521,S
Earth,False,PSO J318.5-22,13.0,False,0.0,1180.0,0.0,,0.0,True,F,1169,S
Earth,True,TRAPPIST-1e,9.0,False,0.0,0.0,0.0,0.0,0.0,False,G,630,S
Europa,False,TRAPPIST-1e,28.0,False,0.0,1736.0,,145.0,634.0,False,B,34,P
Europa,False,TRAPPIST-1e,55.0,False,0.0,1542.0,0.0,1814.0,1568.0,False,C,21,P
Earth,True,TRAPPIST-1e,27.0,False,0.0,0.0,0.0,0.0,0.0,True,G,658,S
Earth,False,TRAPPIST-1e,23.0,False,36.0,18.0,670.0,0.0,32.0,True,F,919,P
Earth,True,TRAPPIST-1e,45.0,False,0.0,0.0,0.0,0.0,0.0,False,G,647,S
Mars,False,TRAPPIST-1e,33.0,False,166.0,634.0,419.0,201.0,1178.0,False,F,1620,P
Mars,True,55 Cancri e,68.0,False,0.0,0.0,0.0,0.0,0.0,True,F,1362,P
Mars,False,TRAPPIST-1e,17.0,False,387.0,0.0,28.0,2183.0,0.0,False,F,1756,P
Earth,False,TRAPPIST-1e,56.0,False,2.0,736.0,0.0,71.0,0.0,False,G,1103,P
Earth,False,TRAPPIST-1e,24.0,False,11.0,0.0,9.0,2645.0,2.0,False,F,673,P
Earth,False,TRAPPIST-1e,18.0,False,130.0,0.0,13.0,191.0,554.0,False,G,431,S
Mars,False,TRAPPIST-1e,50.0,False,513.0,0.0,0.0,764.0,21.0,False,E,390,P
Earth,False,TRAPPIST-1e,9.0,False,0.0,0.0,0.0,0.0,0.0,True,G,174,S
Mars,False,TRAPPIST-1e,22.0,False,2300.0,0.0,22.0,256.0,0.0,False,D,70,S
Europa,True,TRAPPIST-1e,72.0,False,0.0,0.0,0.0,0.0,0.0,True,B,106,S
Earth,False,PSO J318.5-22,23.0,False,0.0,3.0,0.0,0.0,546.0,False,F,1358,S
Earth,False,TRAPPIST-1e,21.0,False,702.0,172.0,408.0,2.0,6.0,True,F,54,P
Mars,False,TRAPPIST-1e,38.0,False,218.0,0.0,586.0,770.0,0.0,False,F,1006,S
Europa,False,55 Cancri e,32.0,True,0.0,122.0,3700.0,337.0,1388.0,False,B,45,P
Europa,True,TRAPPIST-1e,59.0,False,0.0,0.0,0.0,0.0,0.0,True,B,243,S
Earth,False,PSO J318.5-22,21.0,False,505.0,0.0,0.0,0.0,110.0,True,F,1548,S
Earth,False,55 Cancri e,30.0,False,60.0,41.0,553.0,1.0,0.0,True,F,851,S
Europa,True,55 Cancri e,25.0,False,0.0,0.0,0.0,0.0,0.0,True,B,295,S
Mars,True,PSO J318.5-22,25.0,False,0.0,0.0,0.0,0.0,0.0,True,F,1482,P
Earth,False,TRAPPIST-1e,17.0,False,,647.0,49.0,74.0,0.0,False,G,1174,P
Europa,False,55 Cancri e,25.0,False,140.0,4451.0,0.0,0.0,2050.0,True,B,231,S
Earth,False,TRAPPIST-1e,6.0,False,0.0,0.0,0.0,0.0,0.0,True,E,499,S
Earth,False,TRAPPIST-1e,18.0,False,108.0,2.0,11.0,0.0,680.0,False,F,1294,P
Earth,False,TRAPPIST-1e,33.0,False,0.0,0.0,75.0,709.0,0.0,False,G,522,P
Mars,False,TRAPPIST-1e,27.0,False,1730.0,0.0,379.0,5.0,0.0,False,E,502,P
Mars,False,TRAPPIST-1e,19.0,False,1146.0,0.0,3.0,0.0,0.0,False,F,1667,S
Earth,True,TRAPPIST-1e,15.0,False,0.0,0.0,0.0,,0.0,True,G,1217,S
Earth,False,TRAPPIST-1e,21.0,False,0.0,717.0,0.0,0.0,0.0,False,F,1356,P
Mars,True,TRAPPIST-1e,24.0,False,0.0,0.0,0.0,0.0,0.0,True,F,1494,P
Europa,False,TRAPPIST-1e,43.0,False,0.0,124.0,0.0,3975.0,186.0,False,A,51,S
Earth,True,TRAPPIST-1e,26.0,False,0.0,0.0,0.0,0.0,0.0,False,G,540,S
Europa,False,TRAPPIST-1e,13.0,False,24.0,838.0,1069.0,1376.0,181.0,False,A,107,S
Earth,True,PSO J318.5-22,26.0,False,0.0,0.0,0.0,0.0,0.0,True,G,993,S
Earth,True,TRAPPIST-1e,21.0,False,0.0,0.0,0.0,0.0,0.0,True,G,709,S
Earth,False,PSO J318.5-22,15.0,False,64.0,0.0,0.0,0.0,640.0,True,,,
Europa,True,TRAPPIST-1e,33.0,False,0.0,0.0,0.0,0.0,0.0,True,C,126,S
Mars,False,TRAPPIST-1e,37.0,False,2765.0,0.0,1134.0,0.0,0.0,False,D,68,S
Earth,False,TRAPPIST-1e,32.0,False,0.0,0.0,39.0,0.0,749.0,False,E,382,S
Earth,True,55 Cancri e,3.0,False,0.0,0.0,0.0,0.0,0.0,True,G,92,S
Mars,True,55 Cancri e,23.0,False,0.0,0.0,0.0,0.0,0.0,True,F,609,P
Mars,False,TRAPPIST-1e,45.0,False,941.0,281.0,36.0,12.0,39.0,False,F,833,S
Europa,True,TRAPPIST-1e,53.0,False,0.0,0.0,0.0,0.0,0.0,True,D,23,P
Earth,False,55 Cancri e,21.0,False,618.0,33.0,1.0,2.0,0.0,True,F,1586,P
,True,TRAPPIST-1e,36.0,False,0.0,0.0,0.0,0.0,0.0,True,E,450,S
Earth,False,TRAPPIST-1e,26.0,False,66.0,29.0,0.0,0.0,803.0,False,F,56,P
Earth,False,TRAPPIST-1e,22.0,False,104.0,511.0,254.0,425.0,4.0,False,F,1205,P
Earth,True,TRAPPIST-1e,16.0,False,0.0,0.0,0.0,0.0,0.0,False,G,766,P
Europa,True,55 Cancri e,27.0,False,0.0,0.0,0.0,0.0,0.0,True,C,213,P
,False,TRAPPIST-1e,26.0,True,1869.0,0.0,136.0,0.0,0.0,False,F,99,P
Earth,True,TRAPPIST-1e,14.0,False,0.0,0.0,0.0,0.0,0.0,True,G,236,S
Europa,False,TRAPPIST-1e,28.0,False,0.0,587.0,32.0,6.0,1460.0,False,B,12,P
Earth,False,,26.0,False,0.0,0.0,0.0,622.0,8.0,False,F,1687,P
Earth,False,55 Cancri e,50.0,False,0.0,433.0,4.0,0.0,2020.0,False,F,1716,S
Earth,False,TRAPPIST-1e,39.0,False,1.0,275.0,33.0,376.0,105.0,False,E,137,S
Europa,False,55 Cancri e,48.0,False,140.0,127.0,0.0,4102.0,521.0,False,C,61,P
Earth,True,PSO J318.5-22,13.0,False,0.0,0.0,0.0,0.0,0.0,True,G,1289,S
Europa,False,55 Cancri e,8.0,False,0.0,0.0,0.0,0.0,0.0,True,B,202,S
Europa,True,55 Cancri e,,False,0.0,0.0,0.0,0.0,0.0,True,C,194,P
Earth,True,TRAPPIST-1e,,False,0.0,0.0,0.0,0.0,0.0,False,G,426,S
Mars,True,TRAPPIST-1e,29.0,False,0.0,0.0,0.0,0.0,0.0,True,F,1325,S
Europa,True,TRAPPIST-1e,13.0,False,0.0,0.0,0.0,0.0,0.0,True,B,11,S
Europa,False,TRAPPIST-1e,25.0,True,0.0,4209.0,0.0,2.0,896.0,True,C,250,S
Earth,False,55 Cancri e,47.0,False,0.0,574.0,0.0,0.0,68.0,True,F,336,P
Earth,False,PSO J318.5-22,37.0,False,0.0,0.0,834.0,0.0,8.0,True,G,991,P
Mars,False,TRAPPIST-1e,36.0,False,108.0,0.0,941.0,861.0,0.0,False,F,929,S
Earth,False,TRAPPIST-1e,25.0,False,20.0,0.0,424.0,0.0,359.0,False,F,757,S
Mars,False,TRAPPIST-1e,43.0,False,471.0,0.0,133.0,2.0,692.0,False,E,164,P
Earth,False,TRAPPIST-1e,32.0,False,0.0,53.0,0.0,744.0,0.0,False,F,572,S
Earth,False,TRAPPIST-1e,0.0,False,0.0,0.0,0.0,0.0,0.0,True,G,259,P
Earth,False,TRAPPIST-1e,25.0,False,0.0,0.0,879.0,0.0,0.0,False,F,1493,P
Earth,False,TRAPPIST-1e,31.0,False,949.0,0.0,22.0,0.0,0.0,False,F,1677,S
Mars,False,TRAPPIST-1e,33.0,False,694.0,0.0,60.0,564.0,0.0,False,F,205,S
Earth,True,55 Cancri e,3.0,False,0.0,0.0,0.0,0.0,0.0,False,G,1108,P
Earth,False,TRAPPIST-1e,40.0,False,0.0,0.0,14.0,785.0,10.0,False,G,1275,S
Earth,False,TRAPPIST-1e,49.0,False,0.0,0.0,0.0,724.0,0.0,False,F,375,P
Europa,False,TRAPPIST-1e,25.0,False,21.0,2148.0,0.0,1966.0,12708.0,False,B,192,S
Europa,False,TRAPPIST-1e,26.0,False,0.0,137.0,0.0,0.0,7629.0,False,B,139,P
Europa,False,TRAPPIST-1e,17.0,False,0.0,1339.0,26.0,244.0,15.0,False,C,209,P
Europa,True,55 Cancri e,49.0,False,0.0,0.0,0.0,0.0,0.0,True,E,500,P
Mars,True,TRAPPIST-1e,42.0,False,0.0,0.0,0.0,0.0,0.0,True,F,1515,S
Earth,False,TRAPPIST-1e,7.0,False,0.0,0.0,0.0,0.0,0.0,False,G,1455,P
Mars,False,TRAPPIST-1e,30.0,True,1056.0,0.0,0.0,0.0,0.0,False,D,14,S
Earth,False,55 Cancri e,34.0,False,0.0,1745.0,6.0,5.0,37.0,True,G,922,P
Mars,False,TRAPPIST-1e,24.0,False,745.0,639.0,977.0,4.0,0.0,False,F,1786,S
Earth,False,TRAPPIST-1e,22.0,,735.0,138.0,,0.0,0.0,False,F,1424,P
Earth,False,TRAPPIST-1e,15.0,False,0.0,912.0,82.0,5.0,0.0,False,F,1808,P
Europa,False,55 Cancri e,39.0,False,10.0,199.0,0.0,6216.0,101.0,False,C,195,S
Earth,False,55 Cancri e,27.0,False,866.0,0.0,0.0,0.0,23.0,False,G,767,P
Earth,False,PSO J318.5-22,43.0,False,0.0,0.0,110.0,538.0,0.0,False,F,1488,S
Mars,False,TRAPPIST-1e,29.0,False,876.0,1.0,54.0,125.0,0.0,False,D,269,S
Earth,False,TRAPPIST-1e,18.0,,600.0,0.0,0.0,179.0,11.0,True,F,571,P
Earth,True,TRAPPIST-1e,3.0,False,0.0,0.0,0.0,0.0,0.0,True,G,1098,P
Earth,False,TRAPPIST-1e,18.0,False,0.0,0.0,0.0,0.0,810.0,False,G,1437,S
Earth,False,TRAPPIST-1e,27.0,False,0.0,0.0,0.0,0.0,1818.0,False,G,954,S
Earth,True,TRAPPIST-1e,28.0,False,0.0,0.0,0.0,0.0,0.0,True,G,1449,P
Mars,True,TRAPPIST-1e,31.0,False,0.0,0.0,0.0,0.0,0.0,True,F,630,S
Earth,False,TRAPPIST-1e,50.0,False,293.0,0.0,21.0,573.0,0.0,False,G,520,P
Europa,True,55 Cancri e,44.0,False,0.0,0.0,0.0,0.0,0.0,True,C,75,P
Earth,True,TRAPPIST-1e,18.0,False,0.0,0.0,0.0,0.0,0.0,True,G,98,S
Europa,False,55 Cancri e,34.0,False,3551.0,1284.0,1865.0,90.0,0.0,True,B,81,P
Europa,True,TRAPPIST-1e,36.0,False,0.0,0.0,0.0,0.0,0.0,True,C,109,S
Mars,False,TRAPPIST-1e,42.0,False,1058.0,0.0,0.0,0.0,0.0,False,D,220,P
Earth,False,TRAPPIST-1e,38.0,False,183.0,203.0,0.0,110.0,374.0,False,F,951,P
Europa,True,TRAPPIST-1e,30.0,False,0.0,0.0,0.0,0.0,0.0,True,C,260,S
Earth,False,TRAPPIST-1e,30.0,False,0.0,0.0,0.0,27.0,764.0,False,E,468,P
Europa,False,55 Cancri e,28.0,True,2.0,2144.0,0.0,435.0,5872.0,False,B,96,S
Earth,True,PSO J318.5-22,13.0,False,0.0,0.0,0.0,0.0,0.0,True,G,1206,P
Mars,True,TRAPPIST-1e,36.0,False,0.0,0.0,0.0,0.0,0.0,False,E,233,P
Europa,False,,23.0,False,0.0,109.0,0.0,4810.0,25.0,False,B,201,P
Earth,False,TRAPPIST-1e,38.0,False,0.0,18.0,30.0,0.0,832.0,False,F,855,P
Earth,True,TRAPPIST-1e,21.0,False,0.0,0.0,0.0,0.0,0.0,True,G,1071,S
Mars,False,TRAPPIST-1e,35.0,False,1219.0,0.0,1742.0,740.0,0.0,False,F,922,P
Europa,True,55 Cancri e,15.0,False,0.0,0.0,0.0,0.0,0.0,True,B,340,S
Earth,True,TRAPPIST-1e,18.0,False,0.0,0.0,0.0,0.0,0.0,True,G,252,P
Earth,False,TRAPPIST-1e,22.0,False,98.0,0.0,46.0,641.0,0.0,False,G,415,P
Earth,True,55 Cancri e,15.0,,0.0,0.0,0.0,0.0,0.0,False,G,684,P
Europa,True,55 Cancri e,40.0,False,0.0,0.0,0.0,0.0,0.0,True,,,
Earth,False,TRAPPIST-1e,20.0,False,56.0,757.0,111.0,0.0,0.0,True,F,544,S
Earth,False,PSO J318.5-22,57.0,False,506.0,0.0,1.0,178.0,0.0,False,F,634,P
Earth,False,TRAPPIST-1e,37.0,False,21.0,54.0,5.0,178.0,431.0,False,F,1304,S
Earth,False,TRAPPIST-1e,24.0,False,1252.0,6.0,,123.0,706.0,False,F,571,S
Earth,False,TRAPPIST-1e,38.0,False,1736.0,0.0,123.0,5.0,115.0,False,F,1761,S
Europa,True,TRAPPIST-1e,28.0,False,0.0,0.0,0.0,0.0,0.0,True,B,300,S
Mars,False,TRAPPIST-1e,36.0,False,721.0,0.0,471.0,0.0,0.0,False,F,910,P
Earth,,55 Cancri e,22.0,False,30.0,0.0,690.0,41.0,0.0,True,F,1389,S
Earth,,TRAPPIST-1e,20.0,False,0.0,0.0,0.0,0.0,0.0,True,G,525,S
Earth,False,TRAPPIST-1e,6.0,False,0.0,0.0,0.0,0.0,0.0,True,G,1435,S
Earth,False,TRAPPIST-1e,45.0,False,1.0,197.0,0.0,660.0,15.0,False,F,1787,S
Earth,False,TRAPPIST-1e,,False,181.0,0.0,2.0,0.0,663.0,False,G,291,S
Earth,True,TRAPPIST-1e,21.0,False,0.0,0.0,0.0,0.0,0.0,False,G,480,S
Earth,False,,39.0,False,1.0,875.0,0.0,6.0,0.0,True,G,1197,P
Earth,False,TRAPPIST-1e,0.0,False,0.0,0.0,0.0,0.0,0.0,False,G,1087,S
Earth,True,TRAPPIST-1e,30.0,False,0.0,0.0,0.0,0.0,0.0,False,G,422,S
Earth,False,TRAPPIST-1e,9.0,False,0.0,0.0,0.0,0.0,0.0,False,G,444,P
Europa,True,55 Cancri e,30.0,False,0.0,0.0,0.0,0.0,0.0,True,E,606,S
Earth,,TRAPPIST-1e,20.0,False,625.0,0.0,2.0,0.0,0.0,False,G,1331,P
Europa,True,55 Cancri e,61.0,False,0.0,0.0,0.0,0.0,0.0,True,C,279,S
Europa,False,TRAPPIST-1e,41.0,False,3594.0,3425.0,0.0,0.0,58.0,False,C,24,P
Europa,False,TRAPPIST-1e,25.0,True,0.0,0.0,0.0,0.0,0.0,True,B,121,S
Mars,True,TRAPPIST-1e,11.0,False,0.0,0.0,0.0,0.0,0.0,True,F,1711,P
Earth,False,55 Cancri e,4.0,False,0.0,0.0,0.0,0.0,0.0,True,G,893,S
Mars,False,TRAPPIST-1e,38.0,False,1126.0,0.0,23.0,34.0,0.0,False,,,
Europa,True,55 Cancri e,31.0,False,0.0,0.0,0.0,0.0,0.0,True,B,222,S
Mars,False,TRAPPIST-1e,28.0,False,14.0,0.0,1295.0,0.0,0.0,True,F,15,P
Earth,False,PSO J318.5-22,16.0,False,0.0,0.0,99.0,,774.0,True,E,424,S
Europa,False,TRAPPIST-1e,37.0,False,8.0,21.0,0.0,56.0,2167.0,True,C,187,S
Earth,False,TRAPPIST-1e,39.0,False,0.0,176.0,43.0,660.0,0.0,False,F,1187,S
Mars,False,55 Cancri e,39.0,False,98.0,0.0,125.0,0.0,1082.0,False,F,988,S
Earth,True,TRAPPIST-1e,55.0,False,0.0,0.0,0.0,0.0,0.0,True,G,719,S
,False,PSO J318.5-22,21.0,False,0.0,697.0,0.0,0.0,0.0,True,F,1127,P
Mars,False,TRAPPIST-1e,25.0,False,1084.0,1.0,66.0,0.0,5.0,False,F,244,S
Earth,True,PSO J318.5-22,27.0,False,0.0,0.0,0.0,0.0,0.0,False,G,449,P
Earth,False,TRAPPIST-1e,11.0,False,0.0,0.0,0.0,0.0,0.0,False,G,184,S
Earth,True,55 Cancri e,21.0,False,0.0,0.0,0.0,0.0,0.0,True,G,194,P
Earth,False,TRAPPIST-1e,62.0,False,94.0,267.0,2341.0,94.0,0.0,True,F,1265,S
Mars,False,TRAPPIST-1e,35.0,False,2758.0,0.0,1.0,0.0,0.0,False,D,272,P
Earth,False,TRAPPIST-1e,29.0,False,12.0,2.0,0.0,432.0,1548.0,False,F,1664,P
Earth,False,55 Cancri e,21.0,False,61.0,201.0,222.0,161.0,60.0,False,G,1171,P
Europa,True,55 Cancri e,17.0,False,0.0,0.0,0.0,0.0,0.0,True,D,122,P
Europa,True,55 Cancri e,24.0,False,0.0,0.0,0.0,0.0,0.0,True,B,207,S
Earth,False,TRAPPIST-1e,32.0,False,0.0,0.0,1020.0,0.0,0.0,True,F,883,P
Earth,False,TRAPPIST-1e,49.0,False,0.0,67.0,213.0,2.0,1442.0,False,G,269,P
Europa,True,TRAPPIST-1e,32.0,False,0.0,0.0,0.0,0.0,0.0,True,B,161,S
Earth,True,PSO J318.5-22,4.0,False,0.0,0.0,0.0,0.0,0.0,True,G,659,S
Earth,False,55 Cancri e,26.0,False,595.0,84.0,0.0,0.0,131.0,True,G,760,S
Mars,False,TRAPPIST-1e,28.0,False,158.0,0.0,0.0,465.0,0.0,False,F,1205,S
Europa,True,TRAPPIST-1e,24.0,False,0.0,0.0,0.0,0.0,0.0,True,B,61,S
Earth,True,55 Cancri e,33.0,False,0.0,0.0,0.0,0.0,0.0,True,G,1497,S
Europa,False,55 Cancri e,43.0,True,0.0,486.0,0.0,0.0,2470.0,False,B,277,S
Europa,False,55 Cancri e,30.0,False,0.0,7972.0,0.0,0.0,4.0,True,B,22,P
Europa,True,TRAPPIST-1e,29.0,False,0.0,0.0,0.0,0.0,0.0,True,B,44,P
Earth,True,55 Cancri e,57.0,False,0.0,0.0,0.0,0.0,0.0,True,G,458,P
Earth,False,TRAPPIST-1e,58.0,False,,0.0,0.0,444.0,0.0,True,G,1108,S
Earth,True,TRAPPIST-1e,5.0,,0.0,0.0,0.0,0.0,0.0,False,G,105,P
Earth,True,TRAPPIST-1e,25.0,False,0.0,0.0,0.0,0.0,0.0,True,G,255,S
Europa,True,TRAPPIST-1e,31.0,True,0.0,0.0,0.0,0.0,0.0,True,C,271,S
Earth,True,TRAPPIST-1e,14.0,False,0.0,0.0,0.0,0.0,0.0,False,G,1350,P
Europa,False,55 Cancri e,50.0,False,0.0,1547.0,0.0,1784.0,1.0,True,C,118,S
,False,55 Cancri e,45.0,False,824.0,2196.0,385.0,19.0,1113.0,True,E,222,P
Europa,False,TRAPPIST-1e,4.0,False,0.0,0.0,0.0,0.0,0.0,True,C,225,P
Earth,False,TRAPPIST-1e,38.0,False,0.0,8.0,736.0,140.0,0.0,False,G,97,S
Earth,,TRAPPIST-1e,0.0,False,0.0,0.0,0.0,0.0,0.0,False,G,821,P
Earth,True,TRAPPIST-1e,43.0,False,0.0,0.0,0.0,0.0,0.0,True,G,199,S
Earth,True,TRAPPIST-1e,59.0,False,0.0,0.0,0.0,0.0,0.0,True,G,1081,S
Earth,True,TRAPPIST-1e,,False,0.0,0.0,0.0,0.0,0.0,True,G,77,S
Earth,False,TRAPPIST-1e,19.0,False,5.0,87.0,0.0,0.0,,False,E,103,P
Earth,,PSO J318.5-22,29.0,False,0.0,0.0,0.0,0.0,0.0,True,G,814,S
Mars,False,TRAPPIST-1e,20.0,False,206.0,0.0,629.0,67.0,523.0,True,,,
Earth,False,TRAPPIST-1e,22.0,False,718.0,2.0,50.0,0.0,0.0,True,,,
Europa,False,TRAPPIST-1e,39.0,False,43.0,9365.0,144.0,0.0,118.0,True,B,205,S
Mars,False,TRAPPIST-1e,27.0,True,30.0,0.0,910.0,0.0,0.0,True,F,1550,P
Earth,True,TRAPPIST-1e,26.0,,0.0,0.0,0.0,0.0,0.0,True,G,566,S
Earth,False,TRAPPIST-1e,28.0,False,653.0,0.0,0.0,0.0,20.0,False,F,817,P
Europa,False,55 Cancri e,29.0,False,0.0,11417.0,12.0,795.0,402.0,True,C,162,S
Europa,False,55 Cancri e,27.0,False,0.0,984.0,0.0,13995.0,312.0,False,D,288,P
Earth,False,TRAPPIST-1e,15.0,False,0.0,532.0,29.0,0.0,163.0,False,F,1305,S
Earth,False,TRAPPIST-1e,30.0,False,0.0,6.0,621.0,,433.0,False,F,1080,P
Europa,True,TRAPPIST-1e,31.0,False,0.0,0.0,0.0,0.0,0.0,True,B,110,P
Europa,True,55 Cancri e,22.0,False,0.0,,0.0,0.0,0.0,True,C,42,P
Earth,False,TRAPPIST-1e,35.0,False,0.0,116.0,51.0,0.0,701.0,False,F,1046,P
,False,TRAPPIST-1e,25.0,False,237.0,0.0,910.0,0.0,12.0,False,F,584,P
Earth,False,,15.0,False,104.0,,0.0,174.0,253.0,False,G,275,S
Mars,False,TRAPPIST-1e,13.0,False,1119.0,11.0,1326.0,0.0,0.0,True,F,1162,S
,False,55 Cancri e,31.0,False,995.0,7.0,1213.0,0.0,687.0,False,F,500,S
,False,TRAPPIST-1e,64.0,False,469.0,700.0,2.0,1.0,0.0,False,E,342,P
Europa,True,TRAPPIST-1e,30.0,False,0.0,0.0,0.0,0.0,0.0,True,D,242,S
Earth,True,TRAPPIST-1e,53.0,False,0.0,0.0,0.0,0.0,0.0,True,G,1009,P
Earth,False,55 Cancri e,25.0,False,0.0,653.0,21.0,0.0,0.0,False,G,1193,P
Europa,False,TRAPPIST-1e,30.0,False,0.0,180.0,90.0,7740.0,142.0,False,B,125,S
Earth,True,TRAPPIST-1e,13.0,False,0.0,0.0,0.0,0.0,0.0,True,G,695,S
Europa,False,55 Cancri e,49.0,False,0.0,3853.0,0.0,245.0,178.0,True,A,91,P
Earth,False,,35.0,False,0.0,1125.0,429.0,0.0,55.0,False,E,104,S
Earth,False,TRAPPIST-1e,32.0,False,0.0,326.0,31.0,5.0,545.0,False,G,1122,S
Earth,False,TRAPPIST-1e,33.0,False,36.0,0.0,0.0,1415.0,0.0,False,F,1115,S
Europa,False,TRAPPIST-1e,19.0,False,0.0,4534.0,0.0,617.0,1156.0,False,B,298,S
Mars,False,TRAPPIST-1e,0.0,False,0.0,0.0,0.0,0.0,0.0,True,F,1118,S
Europa,False,55 Cancri e,52.0,False,0.0,1425.0,31.0,0.0,1320.0,True,C,178,P
Earth,False,TRAPPIST-1e,19.0,False,73.0,0.0,0.0,813.0,2.0,False,G,229,S
Mars,False,TRAPPIST-1e,41.0,False,3702.0,0.0,1.0,0.0,18.0,False,D,63,P
Europa,False,55 Cancri e,22.0,False,1744.0,79.0,0.0,12.0,1514.0,False,D,61,P
Earth,False,TRAPPIST-1e,31.0,False,553.0,224.0,9.0,1.0,0.0,False,E,263,P
Mars,True,TRAPPIST-1e,23.0,False,0.0,0.0,0.0,0.0,0.0,False,F,303,S
Mars,False,TRAPPIST-1e,24.0,False,2261.0,0.0,95.0,10.0,0.0,False,F,1453,P
Mars,False,TRAPPIST-1e,20.0,False,,0.0,1750.0,990.0,0.0,True,F,9,P
Earth,False,TRAPPIST-1e,19.0,,105.0,271.0,1.0,377.0,17.0,True,F,1531,P
Mars,False,PSO J318.5-22,27.0,False,,6.0,145.0,144.0,0.0,False,F,103,P
Europa,False,55 Cancri e,6.0,False,0.0,0.0,0.0,0.0,0.0,True,B,97,S
Europa,False,55 Cancri e,42.0,False,0.0,1249.0,0.0,1313.0,1148.0,True,C,142,S
Earth,True,TRAPPIST-1e,45.0,False,0.0,0.0,0.0,0.0,0.0,False,G,1312,P
Europa,True,55 Cancri e,53.0,False,0.0,0.0,0.0,0.0,0.0,True,C,113,P
Europa,True,TRAPPIST-1e,20.0,False,0.0,0.0,0.0,0.0,0.0,True,B,58,S
Europa,False,TRAPPIST-1e,26.0,False,0.0,6050.0,0.0,662.0,920.0,False,C,232,P
Europa,False,55 Cancri e,26.0,False,0.0,3452.0,0.0,4.0,1960.0,True,C,187,S
Europa,True,55 Cancri e,23.0,False,0.0,0.0,0.0,0.0,0.0,True,B,144,S
Earth,False,TRAPPIST-1e,75.0,False,0.0,0.0,1224.0,,1769.0,False,F,466,P
Earth,True,TRAPPIST-1e,44.0,False,0.0,0.0,0.0,0.0,0.0,True,G,457,P
Mars,True,TRAPPIST-1e,32.0,False,0.0,0.0,0.0,0.0,0.0,True,F,890,P
,True,TRAPPIST-1e,22.0,False,0.0,0.0,0.0,0.0,0.0,True,C,158,S
Earth,False,TRAPPIST-1e,40.0,,596.0,,135.0,73.0,0.0,False,F,341,S
Europa,True,TRAPPIST-1e,41.0,False,0.0,0.0,0.0,0.0,0.0,True,C,336,S
Earth,False,TRAPPIST-1e,39.0,False,0.0,798.0,0.0,56.0,0.0,True,G,1430,S
Europa,False,TRAPPIST-1e,32.0,False,0.0,0.0,0.0,4588.0,0.0,False,A,58,P
Earth,False,TRAPPIST-1e,31.0,False,0.0,0.0,0.0,0.0,0.0,False,G,899,P
Earth,True,55 Cancri e,10.0,False,0.0,0.0,0.0,0.0,0.0,False,G,283,S
Mars,False,TRAPPIST-1e,22.0,False,0.0,0.0,1128.0,0.0,45.0,False,E,474,S
Mars,True,TRAPPIST-1e,28.0,False,0.0,0.0,0.0,0.0,0.0,True,F,1615,P
,False,TRAPPIST-1e,41.0,False,6.0,1.0,11.0,1046.0,0.0,False,F,736,S
Mars,False,TRAPPIST-1e,31.0,False,0.0,0.0,1116.0,2.0,0.0,False,F,71,S
Mars,False,TRAPPIST-1e,29.0,False,558.0,0.0,386.0,355.0,0.0,False,E,486,P
Earth,True,TRAPPIST-1e,9.0,False,0.0,0.0,0.0,,0.0,False,G,1026,P
Mars,False,TRAPPIST-1e,15.0,False,2309.0,0.0,1142.0,1.0,10.0,False,D,176,S
Earth,False,TRAPPIST-1e,38.0,False,20.0,0.0,751.0,0.0,2.0,True,G,1015,S
Earth,False,PSO J318.5-22,60.0,False,0.0,0.0,789.0,283.0,3.0,False,F,1062,P
Europa,,TRAPPIST-1e,37.0,False,1721.0,667.0,,28.0,1362.0,False,T,2,S
Earth,False,TRAPPIST-1e,22.0,False,4119.0,0.0,0.0,0.0,61.0,False,G,22,P
Earth,False,55 Cancri e,18.0,False,51.0,339.0,1.0,0.0,436.0,True,E,331,S
Europa,True,55 Cancri e,65.0,False,0.0,0.0,0.0,0.0,0.0,True,B,186,S
Europa,False,TRAPPIST-1e,21.0,,3036.0,32.0,0.0,2.0,416.0,False,D,270,S
Europa,True,,40.0,False,0.0,0.0,0.0,0.0,0.0,True,A,85,P
Europa,True,55 Cancri e,22.0,False,0.0,0.0,0.0,0.0,,True,D,31,P
Earth,False,TRAPPIST-1e,21.0,False,0.0,296.0,2.0,0.0,1543.0,False,F,1206,S
Earth,False,,19.0,False,0.0,0.0,500.0,2.0,208.0,True,G,903,S
Earth,True,TRAPPIST-1e,0.0,False,0.0,0.0,0.0,0.0,0.0,True,G,564,P
Earth,False,TRAPPIST-1e,17.0,False,2.0,33.0,97.0,553.0,,False,F,1665,S
Mars,False,TRAPPIST-1e,22.0,False,130.0,15.0,2454.0,0.0,0.0,True,F,958,P
Earth,False,PSO J318.5-22,15.0,False,,0.0,533.0,72.0,0.0,False,F,1300,S
Earth,False,TRAPPIST-1e,25.0,False,1352.0,0.0,0.0,24.0,799.0,False,F,80,S
Earth,False,55 Cancri e,14.0,False,412.0,0.0,1.0,0.0,679.0,False,F,6,P
,False,TRAPPIST-1e,35.0,False,415.0,1328.0,0.0,14.0,60.0,False,T,0,P
Mars,True,TRAPPIST-1e,22.0,False,0.0,0.0,0.0,,,True,F,1090,P
Earth,True,PSO J318.5-22,35.0,False,0.0,0.0,0.0,0.0,0.0,True,G,420,P
Earth,False,TRAPPIST-1e,16.0,False,0.0,1115.0,0.0,1674.0,132.0,False,F,527,S
Earth,True,PSO J318.5-22,23.0,False,0.0,0.0,0.0,0.0,0.0,True,G,1168,P
Mars,True,TRAPPIST-1e,17.0,False,0.0,0.0,0.0,0.0,0.0,True,F,527,P
Mars,True,TRAPPIST-1e,9.0,False,0.0,0.0,0.0,0.0,0.0,True,F,1502,S
Europa,False,TRAPPIST-1e,45.0,False,0.0,164.0,45.0,2511.0,855.0,False,B,3,P
Earth,False,TRAPPIST-1e,37.0,False,1086.0,0.0,0.0,41.0,0.0,False,F,637,P
Mars,False,TRAPPIST-1e,27.0,True,55.0,0.0,50.0,1849.0,1.0,False,D,189,S
Earth,False,TRAPPIST-1e,37.0,False,0.0,559.0,366.0,0.0,62.0,True,E,216,P
Earth,False,55 Cancri e,35.0,False,256.0,0.0,341.0,35.0,0.0,True,F,617,S
Earth,False,TRAPPIST-1e,,False,2.0,753.0,5.0,0.0,0.0,True,F,682,S
Earth,True,TRAPPIST-1e,41.0,False,0.0,0.0,0.0,0.0,0.0,True,,,
,False,TRAPPIST-1e,34.0,False,170.0,1256.0,0.0,3926.0,7121.0,False,E,365,S
Europa,False,55 Cancri e,45.0,False,39.0,7295.0,589.0,110.0,124.0,True,B,1,P
Earth,True,TRAPPIST-1e,22.0,False,0.0,0.0,0.0,0.0,0.0,False,G,820,P
Europa,False,TRAPPIST-1e,32.0,False,8168.0,69.0,11.0,371.0,0.0,False,A,9,P
Europa,False,TRAPPIST-1e,38.0,False,0.0,590.0,2640.0,6202.0,99.0,False,C,72,P
Earth,False,TRAPPIST-1e,51.0,False,0.0,1347.0,0.0,43.0,0.0,True,F,556,P
Mars,False,55 Cancri e,38.0,False,1161.0,0.0,19.0,0.0,0.0,False,D,263,P
Earth,False,TRAPPIST-1e,22.0,False,,0.0,102.0,43.0,700.0,False,G,506,P
Earth,False,TRAPPIST-1e,36.0,False,19.0,476.0,0.0,5.0,290.0,False,E,259,P
Earth,True,TRAPPIST-1e,20.0,False,0.0,0.0,0.0,0.0,0.0,True,G,1073,S
Mars,True,TRAPPIST-1e,35.0,False,0.0,0.0,0.0,0.0,0.0,True,F,223,P
Earth,True,PSO J318.5-22,,False,0.0,0.0,0.0,0.0,0.0,False,G,680,S
Earth,True,55 Cancri e,1.0,False,0.0,0.0,0.0,0.0,0.0,True,G,524,P
Earth,True,TRAPPIST-1e,0.0,False,0.0,0.0,0.0,0.0,0.0,True,G,152,P
Mars,True,TRAPPIST-1e,12.0,False,0.0,0.0,0.0,0.0,0.0,True,F,648,P
Earth,False,55 Cancri e,8.0,False,0.0,0.0,0.0,0.0,0.0,True,G,532,P
Earth,False,TRAPPIST-1e,22.0,False,0.0,0.0,0.0,0.0,1609.0,False,E,214,P
Earth,True,TRAPPIST-1e,1.0,False,0.0,0.0,0.0,0.0,0.0,True,G,1047,S
Mars,True,TRAPPIST-1e,17.0,False,0.0,0.0,0.0,0.0,0.0,False,E,420,P
Earth,True,PSO J318.5-22,26.0,False,0.0,0.0,0.0,0.0,0.0,False,G,1146,P
Earth,True,TRAPPIST-1e,23.0,False,0.0,0.0,0.0,0.0,,True,G,1111,S
Europa,False,55 Cancri e,37.0,False,0.0,16.0,325.0,4476.0,1359.0,False,E,56,S
Europa,True,55 Cancri e,64.0,False,0.0,0.0,0.0,0.0,0.0,True,C,180,S
Europa,True,55 Cancri e,41.0,False,0.0,,0.0,0.0,0.0,True,B,64,S
,True,TRAPPIST-1e,25.0,False,0.0,0.0,0.0,0.0,0.0,True,F,1848,P
Earth,False,TRAPPIST-1e,24.0,False,520.0,0.0,0.0,195.0,0.0,True,G,509,P
Europa,False,TRAPPIST-1e,62.0,False,0.0,22.0,0.0,3314.0,22.0,False,B,136,P
Earth,True,PSO J318.5-22,,False,0.0,0.0,0.0,0.0,0.0,False,G,150,S
Europa,True,55 Cancri e,45.0,False,0.0,0.0,0.0,0.0,0.0,True,B,270,P
Mars,,TRAPPIST-1e,23.0,False,463.0,0.0,658.0,0.0,0.0,False,F,1579,P
,False,TRAPPIST-1e,13.0,False,552.0,247.0,0.0,4.0,0.0,False,F,898,P
Earth,True,TRAPPIST-1e,4.0,False,0.0,0.0,0.0,0.0,0.0,False,G,1433,S
Mars,False,,17.0,False,3651.0,0.0,2228.0,38.0,0.0,False,F,1583,P
Earth,True,PSO J318.5-22,24.0,False,0.0,0.0,0.0,0.0,0.0,True,G,472,S
Earth,True,TRAPPIST-1e,20.0,False,0.0,0.0,0.0,0.0,0.0,True,,,
Europa,True,55 Cancri e,,False,0.0,0.0,0.0,0.0,0.0,True,,,
Earth,False,TRAPPIST-1e,19.0,False,0.0,162.0,540.0,0.0,0.0,False,F,165,S
Mars,False,TRAPPIST-1e,30.0,False,806.0,100.0,9.0,,47.0,False,D,52,S
Earth,False,PSO J318.5-22,51.0,False,0.0,0.0,10.0,1098.0,0.0,False,F,756,S
Earth,False,TRAPPIST-1e,18.0,False,83.0,165.0,1.0,0.0,2002.0,False,F,1873,P
Europa,True,55 Cancri e,22.0,False,0.0,0.0,0.0,0.0,0.0,True,B,62,S
Europa,False,55 Cancri e,38.0,,0.0,172.0,0.0,5907.0,34.0,False,E,51,P
Europa,True,TRAPPIST-1e,15.0,False,0.0,,0.0,0.0,0.0,True,B,38,P
Earth,False,TRAPPIST-1e,35.0,False,150.0,0.0,96.0,638.0,0.0,True,F,1381,S
Earth,False,55 Cancri e,13.0,False,38.0,0.0,0.0,733.0,0.0,False,G,714,S
Earth,False,TRAPPIST-1e,15.0,False,1336.0,108.0,0.0,0.0,0.0,False,F,344,P
Europa,False,TRAPPIST-1e,32.0,False,2973.0,3368.0,124.0,57.0,42.0,True,C,65,S
Earth,False,TRAPPIST-1e,23.0,False,0.0,0.0,874.0,,0.0,True,F,932,S
Europa,,55 Cancri e,18.0,False,0.0,0.0,0.0,0.0,0.0,True,E,209,P
Earth,False,TRAPPIST-1e,24.0,False,13.0,221.0,0.0,1154.0,0.0,False,F,1658,S
Europa,False,55 Cancri e,29.0,False,2988.0,2147.0,0.0,0.0,1779.0,False,B,47,P
Europa,True,55 Cancri e,40.0,False,0.0,0.0,0.0,0.0,0.0,True,C,246,P
Europa,False,TRAPPIST-1e,33.0,False,0.0,590.0,,3.0,6569.0,False,C,126,S
Mars,False,TRAPPIST-1e,7.0,False,0.0,0.0,0.0,0.0,0.0,True,F,1659,P
Mars,False,TRAPPIST-1e,19.0,False,193.0,0.0,2956.0,0.0,0.0,True,D,224,S
Earth,True,TRAPPIST-1e,29.0,False,0.0,0.0,0.0,0.0,0.0,True,G,834,S
Earth,False,TRAPPIST-1e,31.0,False,0.0,0.0,185.0,584.0,0.0,False,G,1237,S
Earth,,55 Cancri e,4.0,False,0.0,,0.0,0.0,0.0,True,G,571,P
Earth,False,TRAPPIST-1e,16.0,False,805.0,4.0,0.0,0.0,0.0,True,G,984,S
Europa,True,55 Cancri e,26.0,False,0.0,0.0,0.0,0.0,0.0,True,B,262,P
Europa,False,55 Cancri e,65.0,False,0.0,835.0,0.0,38.0,,False,C,28,S
Mars,False,55 Cancri e,13.0,False,9920.0,0.0,180.0,130.0,571.0,False,E,344,P
Earth,False,TRAPPIST-1e,32.0,False,,368.0,0.0,304.0,741.0,False,F,1489,S
Mars,True,TRAPPIST-1e,25.0,False,0.0,0.0,0.0,0.0,0.0,True,F,668,S
Earth,True,TRAPPIST-1e,28.0,False,0.0,0.0,0.0,0.0,0.0,False,G,644,P
Europa,True,TRAPPIST-1e,29.0,False,0.0,0.0,0.0,0.0,0.0,True,C,91,P
Mars,True,TRAPPIST-1e,28.0,False,0.0,0.0,0.0,0.0,0.0,True,F,1829,P
Europa,False,TRAPPIST-1e,42.0,False,0.0,51.0,0.0,4170.0,13.0,False,,,
Earth,False,TRAPPIST-1e,18.0,False,327.0,170.0,0.0,0.0,130.0,False,G,1442,S
Mars,,TRAPPIST-1e,28.0,False,828.0,0.0,72.0,6.0,0.0,False,F,1167,S
Earth,True,55 Cancri e,5.0,False,0.0,0.0,0.0,0.0,0.0,True,G,1046,S
Mars,False,55 Cancri e,23.0,False,610.0,858.0,75.0,1358.0,0.0,False,F,1197,P
Europa,False,TRAPPIST-1e,36.0,False,0.0,244.0,0.0,5432.0,2302.0,False,B,315,S
Earth,False,55 Cancri e,20.0,False,24.0,56.0,1.0,,468.0,False,F,1334,P
Earth,False,TRAPPIST-1e,29.0,False,30.0,0.0,605.0,267.0,6.0,False,G,844,P
Earth,True,TRAPPIST-1e,23.0,False,0.0,0.0,0.0,0.0,0.0,True,G,771,S
Mars,True,55 Cancri e,3.0,False,0.0,0.0,,0.0,0.0,True,E,539,S
Earth,False,TRAPPIST-1e,20.0,False,0.0,537.0,612.0,3.0,0.0,True,F,216,P
Earth,False,PSO J318.5-22,32.0,False,0.0,494.0,0.0,0.0,213.0,False,G,1253,S
Mars,True,TRAPPIST-1e,29.0,False,0.0,0.0,0.0,0.0,0.0,True,F,867,P
Earth,True,TRAPPIST-1e,46.0,False,0.0,0.0,0.0,0.0,0.0,False,G,1368,P
Europa,False,TRAPPIST-1e,62.0,False,33.0,3518.0,0.0,394.0,0.0,True,B,268,P
Earth,False,TRAPPIST-1e,20.0,False,0.0,187.0,712.0,0.0,0.0,True,F,811,S
,True,55 Cancri e,38.0,False,,0.0,0.0,0.0,0.0,True,B,218,P
Europa,True,55 Cancri e,18.0,False,0.0,0.0,0.0,0.0,0.0,True,B,118,P
Earth,True,PSO J318.5-22,55.0,False,0.0,0.0,0.0,0.0,0.0,True,G,1039,P
Earth,False,TRAPPIST-1e,22.0,False,0.0,0.0,670.0,0.0,32.0,True,F,513,S
Earth,False,55 Cancri e,14.0,False,590.0,9.0,0.0,0.0,192.0,False,E,363,S
Mars,True,TRAPPIST-1e,23.0,False,0.0,0.0,0.0,0.0,0.0,True,F,781,S
Europa,True,55 Cancri e,31.0,False,0.0,0.0,0.0,0.0,0.0,True,C,50,P
Europa,True,TRAPPIST-1e,29.0,False,0.0,0.0,0.0,0.0,0.0,True,B,145,P
Europa,True,TRAPPIST-1e,47.0,False,0.0,0.0,0.0,0.0,0.0,True,E,101,P
Mars,False,TRAPPIST-1e,34.0,False,81.0,0.0,492.0,122.0,0.0,False,F,1675,P
Europa,True,55 Cancri e,27.0,False,0.0,0.0,0.0,0.0,0.0,True,C,220,S
Europa,True,TRAPPIST-1e,0.0,False,0.0,0.0,0.0,0.0,0.0,False,A,23,S
Mars,True,TRAPPIST-1e,23.0,False,0.0,0.0,0.0,0.0,0.0,True,F,206,S
Earth,False,,34.0,False,0.0,22.0,0.0,564.0,207.0,False,E,5,P
Earth,False,,23.0,False,0.0,20.0,26.0,0.0,659.0,False,G,223,P
Earth,True,55 Cancri e,32.0,False,0.0,0.0,0.0,0.0,0.0,True,G,1348,P
Mars,False,TRAPPIST-1e,36.0,False,850.0,,454.0,0.0,0.0,False,F,895,S
Mars,True,TRAPPIST-1e,41.0,False,0.0,0.0,0.0,0.0,0.0,True,F,201,P
Earth,False,TRAPPIST-1e,35.0,False,0.0,1438.0,0.0,112.0,74.0,True,E,199,S
Earth,True,PSO J318.5-22,23.0,False,0.0,0.0,0.0,0.0,0.0,False,G,1319,S
Earth,False,TRAPPIST-1e,31.0,False,1.0,0.0,7.0,0.0,387.0,True,G,937,P
Earth,False,,19.0,False,35.0,2.0,481.0,121.0,,False,F,950,P
Earth,False,PSO J318.5-22,26.0,False,104.0,0.0,0.0,280.0,216.0,False,F,1165,S
Earth,False,TRAPPIST-1e,35.0,False,90.0,0.0,655.0,43.0,16.0,False,F,1385,P
Earth,False,TRAPPIST-1e,24.0,False,0.0,1725.0,0.0,0.0,0.0,True,G,688,P
Europa,True,TRAPPIST-1e,35.0,False,0.0,0.0,0.0,0.0,0.0,True,B,195,P
Earth,False,TRAPPIST-1e,7.0,False,0.0,0.0,0.0,0.0,0.0,False,,,
Mars,True,TRAPPIST-1e,39.0,False,0.0,0.0,0.0,0.0,0.0,True,F,719,P
Mars,False,TRAPPIST-1e,0.0,False,0.0,0.0,0.0,0.0,0.0,True,F,1587,S
Mars,False,TRAPPIST-1e,21.0,False,733.0,0.0,1084.0,1.0,43.0,False,F,259,P
Europa,True,TRAPPIST-1e,45.0,False,0.0,0.0,0.0,0.0,0.0,True,C,149,S
Mars,False,TRAPPIST-1e,44.0,False,1.0,0.0,2080.0,11.0,0.0,True,F,1700,S
Earth,False,TRAPPIST-1e,22.0,False,0.0,0.0,945.0,0.0,4.0,True,F,815,S
Europa,,TRAPPIST-1e,22.0,False,0.0,3716.0,0.0,1098.0,2065.0,False,D,246,S
Europa,True,TRAPPIST-1e,17.0,False,0.0,0.0,0.0,0.0,0.0,True,B,326,S
Mars,False,TRAPPIST-1e,17.0,False,948.0,47.0,292.0,0.0,0.0,False,F,265,P
Earth,True,PSO J318.5-22,28.0,False,0.0,0.0,0.0,0.0,0.0,True,G,402,P
Earth,True,TRAPPIST-1e,22.0,False,0.0,0.0,0.0,0.0,0.0,False,G,478,P
Europa,False,TRAPPIST-1e,28.0,False,0.0,422.0,0.0,1851.0,5166.0,False,E,18,S
Earth,False,TRAPPIST-1e,20.0,False,0.0,254.0,868.0,405.0,0.0,True,F,991,P
Mars,False,TRAPPIST-1e,18.0,False,787.0,0.0,106.0,1710.0,0.0,False,F,226,P
Europa,False,TRAPPIST-1e,44.0,False,0.0,3863.0,1.0,1010.0,514.0,True,B,56,S
Earth,,TRAPPIST-1e,37.0,False,0.0,113.0,0.0,283.0,455.0,False,G,162,P
Europa,True,TRAPPIST-1e,26.0,False,0.0,0.0,0.0,0.0,0.0,True,D,236,S
Earth,True,55 Cancri e,1.0,False,0.0,0.0,0.0,0.0,0.0,False,G,886,P
Mars,False,TRAPPIST-1e,46.0,False,949.0,0.0,128.0,3.0,41.0,True,F,842,P
Earth,False,TRAPPIST-1e,11.0,False,0.0,0.0,0.0,0.0,0.0,False,G,439,P
Earth,False,TRAPPIST-1e,22.0,False,686.0,45.0,16.0,7.0,4.0,True,F,856,S
Earth,True,TRAPPIST-1e,22.0,False,0.0,0.0,0.0,0.0,0.0,False,,,
Earth,False,TRAPPIST-1e,29.0,False,0.0,0.0,272.0,394.0,50.0,False,F,1381,P
Europa,,TRAPPIST-1e,32.0,False,0.0,1369.0,29.0,662.0,22.0,False,E,461,P
Earth,False,PSO J318.5-22,60.0,False,7.0,540.0,1.0,0.0,4.0,True,F,68,P
Europa,False,55 Cancri e,40.0,False,0.0,4076.0,6124.0,58.0,100.0,True,B,39,P
Mars,False,TRAPPIST-1e,19.0,False,2058.0,0.0,224.0,298.0,19.0,False,F,270,S
Mars,False,TRAPPIST-1e,31.0,False,231.0,0.0,,279.0,9.0,False,F,211,P
Mars,True,TRAPPIST-1e,0.0,False,0.0,0.0,0.0,0.0,0.0,True,F,525,P
Earth,False,TRAPPIST-1e,44.0,False,358.0,303.0,0.0,0.0,131.0,False,E,506,P
Europa,False,TRAPPIST-1e,23.0,False,9.0,4081.0,0.0,0.0,16.0,True,D,69,S
Europa,False,TRAPPIST-1e,49.0,False,0.0,1757.0,0.0,797.0,567.0,True,B,264,S
Earth,False,TRAPPIST-1e,22.0,False,0.0,0.0,0.0,0.0,0.0,False,G,202,P
Europa,True,TRAPPIST-1e,33.0,False,0.0,0.0,0.0,0.0,0.0,True,E,38,P
Mars,False,TRAPPIST-1e,30.0,False,0.0,0.0,0.0,0.0,0.0,False,E,467,S
Earth,False,TRAPPIST-1e,39.0,False,0.0,43.0,864.0,0.0,85.0,False,E,113,P
Europa,False,55 Cancri e,76.0,False,0.0,2732.0,422.0,16594.0,330.0,False,B,62,S
Mars,True,TRAPPIST-1e,34.0,False,0.0,0.0,0.0,0.0,0.0,True,E,525,S
Europa,False,55 Cancri e,47.0,True,0.0,2225.0,1573.0,201.0,23.0,True,C,193,P
Europa,False,55 Cancri e,,False,0.0,859.0,0.0,6704.0,64.0,False,B,73,S
Earth,False,TRAPPIST-1e,67.0,False,26.0,809.0,0.0,39.0,26.0,False,F,334,S
Mars,False,TRAPPIST-1e,31.0,False,1049.0,31.0,227.0,2.0,0.0,False,F,793,P
Europa,False,55 Cancri e,20.0,False,0.0,646.0,0.0,,1425.0,False,B,75,P
Mars,False,TRAPPIST-1e,22.0,False,579.0,0.0,267.0,0.0,108.0,False,E,141,P
Earth,False,PSO J318.5-22,28.0,False,0.0,7.0,17.0,0.0,1724.0,False,G,1045,P
Earth,True,TRAPPIST-1e,33.0,False,0.0,0.0,0.0,0.0,,False,G,1491,S
Earth,True,TRAPPIST-1e,0.0,False,0.0,0.0,0.0,0.0,0.0,True,G,1032,P
Earth,False,TRAPPIST-1e,33.0,False,22.0,37.0,415.0,0.0,333.0,False,G,549,S
,True,55 Cancri e,26.0,False,0.0,0.0,0.0,0.0,0.0,True,B,130,S
,False,TRAPPIST-1e,39.0,False,705.0,3.0,0.0,0.0,0.0,False,G,213,P
Earth,False,TRAPPIST-1e,51.0,False,0.0,10.0,388.0,1380.0,0.0,False,G,1046,S
Mars,False,TRAPPIST-1e,26.0,False,1252.0,0.0,46.0,124.0,6.0,False,F,124,P
Europa,False,TRAPPIST-1e,42.0,False,41.0,1912.0,0.0,1899.0,43.0,False,B,97,S
Europa,True,TRAPPIST-1e,22.0,False,0.0,0.0,0.0,0.0,0.0,True,C,230,S
,False,TRAPPIST-1e,39.0,False,0.0,0.0,0.0,847.0,1.0,False,G,1224,P
Mars,False,TRAPPIST-1e,14.0,False,738.0,5.0,297.0,0.0,0.0,False,F,1513,P
Earth,True,PSO J318.5-22,22.0,False,0.0,0.0,0.0,0.0,0.0,True,G,203,P
Earth,True,TRAPPIST-1e,26.0,False,0.0,0.0,0.0,0.0,0.0,True,G,1287,P
Earth,True,55 Cancri e,0.0,False,0.0,0.0,0.0,0.0,0.0,True,G,860,S
Earth,False,TRAPPIST-1e,29.0,False,311.0,7.0,665.0,0.0,0.0,False,E,589,S
Mars,False,TRAPPIST-1e,54.0,False,630.0,298.0,418.0,312.0,0.0,False,F,1201,S
Europa,False,TRAPPIST-1e,33.0,False,0.0,357.0,2366.0,1612.0,2137.0,False,C,226,S
Earth,False,TRAPPIST-1e,26.0,False,0.0,,0.0,91.0,900.0,False,E,128,P
Earth,,TRAPPIST-1e,5.0,,0.0,0.0,0.0,0.0,,False,G,450,S
Europa,True,TRAPPIST-1e,50.0,False,0.0,0.0,0.0,,0.0,True,B,8,S
Earth,False,TRAPPIST-1e,28.0,False,0.0,863.0,0.0,17.0,0.0,True,F,117,S
Earth,False,TRAPPIST-1e,18.0,False,0.0,0.0,773.0,0.0,4.0,False,F,1486,P
Europa,True,55 Cancri e,40.0,False,0.0,0.0,0.0,0.0,0.0,True,C,110,P
Europa,True,TRAPPIST-1e,31.0,False,0.0,0.0,0.0,0.0,0.0,True,A,43,S
Earth,True,PSO J318.5-22,42.0,False,0.0,0.0,0.0,0.0,0.0,True,F,1411,P
Mars,False,TRAPPIST-1e,39.0,False,5327.0,0.0,290.0,0.0,0.0,False,F,1643,S
Earth,True,55 Cancri e,3.0,False,0.0,0.0,0.0,0.0,0.0,True,G,765,S
Earth,True,TRAPPIST-1e,35.0,False,0.0,0.0,0.0,0.0,0.0,False,G,703,S
Earth,True,TRAPPIST-1e,58.0,False,,0.0,0.0,0.0,0.0,True,G,1463,P
Earth,False,55 Cancri e,19.0,False,0.0,716.0,0.0,0.0,0.0,True,F,1127,S
Europa,True,55 Cancri e,24.0,False,0.0,0.0,0.0,0.0,0.0,True,B,227,S
Mars,True,TRAPPIST-1e,48.0,False,0.0,0.0,0.0,0.0,0.0,True,F,431,S
Mars,False,TRAPPIST-1e,24.0,False,672.0,0.0,501.0,0.0,,False,,,
Mars,True,TRAPPIST-1e,19.0,False,0.0,0.0,0.0,0.0,0.0,True,F,1591,P
Mars,False,TRAPPIST-1e,43.0,False,2318.0,0.0,647.0,81.0,0.0,True,E,161,S
Mars,False,TRAPPIST-1e,21.0,False,980.0,2.0,69.0,0.0,0.0,False,D,0,P
Mars,False,TRAPPIST-1e,20.0,False,938.0,59.0,31.0,12.0,0.0,False,F,429,S
Mars,True,55 Cancri e,34.0,False,0.0,0.0,0.0,0.0,0.0,True,F,862,P
Mars,True,55 Cancri e,31.0,False,0.0,0.0,0.0,0.0,0.0,False,E,209,S
Earth,False,TRAPPIST-1e,14.0,False,0.0,0.0,533.0,266.0,93.0,False,G,561,S
Europa,False,55 Cancri e,43.0,False,0.0,1001.0,0.0,2393.0,0.0,False,B,178,P
Europa,False,TRAPPIST-1e,38.0,False,1901.0,1276.0,0.0,7561.0,12.0,False,C,145,S
Europa,True,55 Cancri e,35.0,False,0.0,0.0,0.0,0.0,0.0,True,C,6,S
Earth,False,TRAPPIST-1e,38.0,,102.0,12.0,14.0,669.0,0.0,False,F,1380,S
Earth,True,TRAPPIST-1e,0.0,False,0.0,0.0,0.0,0.0,0.0,True,G,1047,S
Mars,True,TRAPPIST-1e,28.0,False,0.0,0.0,0.0,0.0,0.0,True,F,508,P
Earth,False,PSO J318.5-22,32.0,False,8.0,690.0,3.0,5.0,0.0,True,G,799,S
Earth,False,TRAPPIST-1e,48.0,False,719.0,1.0,65.0,0.0,24.0,False,G,1,S
Earth,True,TRAPPIST-1e,2.0,False,0.0,0.0,0.0,0.0,0.0,True,G,1364,P
Earth,False,TRAPPIST-1e,44.0,False,248.0,0.0,0.0,0.0,623.0,False,F,966,P
Earth,True,PSO J318.5-22,23.0,False,0.0,0.0,0.0,0.0,0.0,True,G,1315,S
Earth,True,TRAPPIST-1e,39.0,False,0.0,0.0,0.0,0.0,0.0,True,G,249,S
Earth,False,TRAPPIST-1e,18.0,False,852.0,48.0,0.0,7.0,0.0,False,G,407,S
Earth,True,TRAPPIST-1e,25.0,False,0.0,0.0,0.0,0.0,0.0,False,G,799,P
Earth,False,55 Cancri e,44.0,False,632.0,0.0,101.0,5.0,0.0,True,F,624,S
Earth,False,TRAPPIST-1e,24.0,False,0.0,0.0,0.0,0.0,1300.0,False,F,797,S
Europa,False,TRAPPIST-1e,59.0,False,0.0,5407.0,0.0,285.0,1135.0,False,C,88,P
Earth,False,TRAPPIST-1e,16.0,False,691.0,0.0,101.0,140.0,0.0,False,F,91,P
Mars,False,TRAPPIST-1e,24.0,False,235.0,0.0,1642.0,1042.0,229.0,False,D,221,P
Mars,True,TRAPPIST-1e,33.0,False,0.0,0.0,0.0,0.0,0.0,True,F,1421,P
Earth,False,TRAPPIST-1e,24.0,False,462.0,0.0,0.0,0.0,240.0,False,F,1609,S
Mars,False,55 Cancri e,3.0,False,0.0,0.0,0.0,0.0,0.0,True,F,187,S
Europa,False,55 Cancri e,38.0,False,,3456.0,0.0,1486.0,1157.0,False,C,119,P
Earth,False,TRAPPIST-1e,28.0,False,8.0,0.0,3949.0,0.0,9.0,True,G,982,P
Mars,True,TRAPPIST-1e,18.0,False,0.0,0.0,0.0,0.0,0.0,True,F,925,S
Europa,False,TRAPPIST-1e,54.0,True,0.0,3381.0,0.0,4463.0,34.0,False,A,18,P
Mars,False,TRAPPIST-1e,54.0,False,149.0,981.0,215.0,0.0,0.0,True,F,729,S
Mars,True,TRAPPIST-1e,26.0,False,0.0,0.0,0.0,0.0,0.0,True,E,506,S
Europa,False,TRAPPIST-1e,64.0,,0.0,1770.0,0.0,4111.0,180.0,False,B,340,S
Europa,False,TRAPPIST-1e,0.0,False,0.0,0.0,0.0,0.0,0.0,True,C,306,S
Europa,False,TRAPPIST-1e,29.0,False,0.0,6.0,0.0,0.0,5531.0,False,D,205,P
Earth,True,TRAPPIST-1e,25.0,False,0.0,0.0,0.0,0.0,0.0,False,G,635,P
Europa,False,,28.0,False,0.0,410.0,2.0,1354.0,3695.0,False,B,24,P
Earth,False,TRAPPIST-1e,4.0,False,0.0,0.0,0.0,0.0,0.0,False,G,655,P
Europa,True,55 Cancri e,35.0,False,0.0,0.0,0.0,0.0,0.0,True,B,250,P
Mars,True,TRAPPIST-1e,17.0,False,0.0,0.0,0.0,0.0,0.0,True,F,961,S
Europa,True,TRAPPIST-1e,,False,0.0,0.0,0.0,0.0,0.0,True,B,57,S
Europa,False,55 Cancri e,45.0,False,0.0,496.0,0.0,1940.0,4195.0,False,C,168,S
Earth,True,PSO J318.5-22,13.0,False,0.0,0.0,0.0,0.0,0.0,True,G,230,P
Earth,False,TRAPPIST-1e,21.0,False,582.0,0.0,0.0,148.0,53.0,False,G,834,P
Europa,False,55 Cancri e,30.0,False,24.0,2558.0,98.0,0.0,5361.0,False,,,
Europa,False,TRAPPIST-1e,46.0,False,0.0,3856.0,0.0,1.0,312.0,True,,,
Europa,True,TRAPPIST-1e,15.0,False,0.0,0.0,0.0,0.0,0.0,True,D,61,P
Earth,False,PSO J318.5-22,19.0,False,0.0,0.0,616.0,0.0,0.0,False,G,511,S
Europa,True,TRAPPIST-1e,35.0,False,0.0,0.0,0.0,0.0,0.0,True,B,64,S
Mars,False,TRAPPIST-1e,0.0,False,0.0,0.0,0.0,0.0,0.0,True,F,1397,S
Earth,True,TRAPPIST-1e,41.0,False,0.0,0.0,0.0,0.0,0.0,True,G,453,P
Europa,True,,,False,0.0,0.0,0.0,0.0,0.0,True,B,127,P
Europa,,TRAPPIST-1e,25.0,False,0.0,0.0,0.0,0.0,0.0,True,D,188,P
Earth,True,PSO J318.5-22,19.0,False,0.0,0.0,0.0,0.0,0.0,False,G,206,S
Mars,True,TRAPPIST-1e,18.0,False,0.0,0.0,0.0,0.0,0.0,True,F,1660,P
Mars,True,TRAPPIST-1e,5.0,False,0.0,0.0,0.0,0.0,0.0,True,F,1022,P
Earth,False,TRAPPIST-1e,26.0,False,,4.0,361.0,0.0,19.0,False,G,298,P
Europa,False,55 Cancri e,36.0,True,132.0,3479.0,0.0,3786.0,0.0,False,,,
Earth,False,TRAPPIST-1e,20.0,False,0.0,15.0,122.0,1125.0,0.0,False,F,190,S
Earth,True,TRAPPIST-1e,37.0,False,0.0,0.0,0.0,0.0,0.0,True,G,1155,P
Europa,False,TRAPPIST-1e,29.0,,0.0,1408.0,0.0,408.0,1.0,True,A,97,S
Earth,False,,50.0,False,133.0,0.0,525.0,0.0,31.0,False,F,1666,S
Earth,False,55 Cancri e,24.0,False,0.0,784.0,5.0,0.0,1.0,True,E,582,S
Earth,False,TRAPPIST-1e,35.0,False,7.0,1043.0,0.0,0.0,0.0,False,F,98,P
Earth,True,55 Cancri e,18.0,False,0.0,0.0,0.0,0.0,0.0,True,,,
Europa,False,TRAPPIST-1e,33.0,False,0.0,1876.0,0.0,1432.0,14.0,False,D,288,P
Europa,True,55 Cancri e,40.0,False,0.0,0.0,0.0,0.0,0.0,True,B,87,S
Earth,False,TRAPPIST-1e,3.0,False,0.0,0.0,0.0,0.0,0.0,True,G,26,P
Earth,True,PSO J318.5-22,4.0,False,0.0,0.0,0.0,0.0,0.0,True,G,1003,S
Earth,True,TRAPPIST-1e,23.0,False,0.0,0.0,0.0,0.0,0.0,False,G,686,P
Mars,False,TRAPPIST-1e,27.0,False,89.0,888.0,51.0,5.0,0.0,True,D,176,S
Earth,False,TRAPPIST-1e,21.0,False,0.0,314.0,323.0,1026.0,6.0,False,E,54,P
Earth,False,TRAPPIST-1e,23.0,False,13.0,747.0,0.0,0.0,128.0,False,G,65,P
Mars,False,TRAPPIST-1e,23.0,False,821.0,0.0,863.0,664.0,0.0,False,E,360,P
Mars,False,TRAPPIST-1e,34.0,False,801.0,0.0,246.0,1.0,0.0,False,E,408,P
Earth,False,TRAPPIST-1e,35.0,False,102.0,780.0,6.0,0.0,0.0,True,G,1074,S
Mars,False,TRAPPIST-1e,45.0,False,944.0,292.0,2.0,,0.0,False,F,982,P
Europa,True,TRAPPIST-1e,27.0,False,0.0,0.0,0.0,0.0,0.0,True,C,159,S
Earth,True,PSO J318.5-22,24.0,False,0.0,0.0,0.0,0.0,0.0,False,G,115,P
Earth,True,PSO J318.5-22,4.0,False,0.0,0.0,0.0,0.0,0.0,True,G,999,P
Earth,True,55 Cancri e,22.0,False,0.0,0.0,0.0,0.0,0.0,True,G,509,S
Earth,False,TRAPPIST-1e,0.0,False,0.0,0.0,0.0,0.0,0.0,False,G,178,S
Mars,,55 Cancri e,43.0,False,4.0,0.0,1834.0,1.0,66.0,False,F,656,P
Earth,True,55 Cancri e,15.0,False,0.0,0.0,0.0,0.0,0.0,True,G,59,P
Europa,False,55 Cancri e,,False,269.0,2171.0,2.0,2.0,0.0,True,A,60,S
Mars,True,TRAPPIST-1e,54.0,False,0.0,0.0,0.0,0.0,0.0,True,F,122,S
Earth,False,TRAPPIST-1e,19.0,False,721.0,62.0,7.0,0.0,0.0,True,F,419,P
Mars,True,,56.0,False,0.0,0.0,0.0,0.0,0.0,True,F,743,S
Earth,True,TRAPPIST-1e,18.0,False,0.0,0.0,,0.0,0.0,True,G,48,S
Europa,True,55 Cancri e,18.0,False,0.0,0.0,0.0,0.0,0.0,True,B,96,S
Europa,True,55 Cancri e,25.0,False,0.0,0.0,0.0,0.0,0.0,True,C,198,S
Mars,False,TRAPPIST-1e,24.0,False,345.0,0.0,451.0,0.0,582.0,False,E,177,S
Earth,False,TRAPPIST-1e,19.0,False,46.0,0.0,675.0,0.0,0.0,True,E,241,P
Earth,True,TRAPPIST-1e,42.0,False,0.0,0.0,0.0,0.0,0.0,True,G,670,S
Europa,False,TRAPPIST-1e,34.0,False,0.0,5063.0,0.0,56.0,327.0,True,D,65,P
Mars,True,TRAPPIST-1e,8.0,False,0.0,0.0,0.0,0.0,0.0,True,F,1653,S
Europa,True,55 Cancri e,32.0,False,0.0,0.0,0.0,0.0,0.0,True,C,123,P
Earth,False,55 Cancri e,16.0,False,797.0,0.0,0.0,0.0,0.0,False,F,166,P
Earth,False,TRAPPIST-1e,15.0,False,309.0,28.0,496.0,20.0,49.0,True,F,737,S
Europa,False,55 Cancri e,22.0,False,0.0,36.0,1.0,3761.0,4521.0,False,B,350,S
Earth,False,TRAPPIST-1e,25.0,False,1174.0,0.0,18.0,721.0,0.0,False,F,260,S
Earth,False,TRAPPIST-1e,36.0,False,21.0,0.0,844.0,0.0,0.0,False,F,1353,S
Earth,True,TRAPPIST-1e,32.0,False,0.0,0.0,0.0,,0.0,False,G,1191,P
Earth,False,TRAPPIST-1e,38.0,False,0.0,2532.0,0.0,204.0,0.0,True,F,1816,P
,False,TRAPPIST-1e,43.0,False,0.0,0.0,7.0,0.0,963.0,False,F,797,P
Earth,,55 Cancri e,6.0,False,0.0,0.0,0.0,,0.0,False,G,365,S
Earth,True,PSO J318.5-22,20.0,False,0.0,0.0,0.0,0.0,0.0,True,G,872,P
Europa,False,TRAPPIST-1e,33.0,False,0.0,0.0,0.0,0.0,0.0,True,B,171,S
Earth,False,TRAPPIST-1e,9.0,False,0.0,0.0,0.0,0.0,0.0,False,,,
Earth,True,PSO J318.5-22,24.0,False,0.0,0.0,0.0,0.0,0.0,True,G,848,S
Earth,False,TRAPPIST-1e,42.0,False,126.0,0.0,266.0,445.0,12.0,False,G,80,S
Earth,False,TRAPPIST-1e,19.0,False,193.0,251.0,0.0,165.0,0.0,False,F,1691,S
Earth,False,TRAPPIST-1e,22.0,False,9.0,0.0,795.0,0.0,0.0,True,F,81,S
Europa,False,55 Cancri e,37.0,False,0.0,1379.0,130.0,1488.0,75.0,False,A,77,P
Earth,True,TRAPPIST-1e,28.0,False,0.0,0.0,0.0,0.0,0.0,True,G,1494,S
Earth,True,TRAPPIST-1e,35.0,False,0.0,0.0,0.0,,0.0,True,G,604,P
Europa,False,TRAPPIST-1e,36.0,False,0.0,1055.0,18.0,1669.0,49.0,True,C,279,P
Mars,False,TRAPPIST-1e,41.0,False,1230.0,0.0,301.0,43.0,1023.0,False,E,13,S
Mars,False,,62.0,False,100.0,0.0,38.0,1211.0,0.0,False,F,1523,S
Mars,True,55 Cancri e,27.0,False,0.0,0.0,0.0,0.0,0.0,True,F,89,S
Earth,False,55 Cancri e,61.0,False,0.0,654.0,902.0,0.0,68.0,True,E,156,S
Mars,False,55 Cancri e,0.0,False,0.0,0.0,0.0,0.0,0.0,True,E,158,P
Earth,False,55 Cancri e,50.0,False,44.0,2390.0,0.0,53.0,0.0,True,F,61,P
Earth,False,PSO J318.5-22,55.0,False,0.0,465.0,277.0,48.0,0.0,True,E,546,S
Earth,True,TRAPPIST-1e,28.0,False,0.0,0.0,0.0,0.0,0.0,True,G,935,P
Earth,False,PSO J318.5-22,24.0,,96.0,592.0,12.0,0.0,0.0,True,G,182,S
Earth,False,TRAPPIST-1e,15.0,False,9.0,731.0,85.0,0.0,537.0,False,,,
Earth,True,TRAPPIST-1e,31.0,False,0.0,0.0,0.0,0.0,0.0,True,G,1028,S
Earth,False,TRAPPIST-1e,31.0,False,2.0,811.0,0.0,0.0,0.0,True,G,299,P
Europa,True,TRAPPIST-1e,23.0,False,0.0,0.0,0.0,0.0,0.0,True,A,50,S
Earth,False,TRAPPIST-1e,38.0,False,0.0,0.0,0.0,1714.0,0.0,False,G,1267,P
Europa,True,55 Cancri e,54.0,False,0.0,0.0,0.0,0.0,0.0,True,B,27,S
Earth,False,TRAPPIST-1e,22.0,False,0.0,0.0,601.0,183.0,4.0,False,E,38,S
Mars,True,TRAPPIST-1e,28.0,False,0.0,0.0,0.0,0.0,0.0,True,F,295,S
Mars,True,TRAPPIST-1e,23.0,False,0.0,0.0,0.0,0.0,0.0,True,F,503,P
Earth,True,TRAPPIST-1e,4.0,False,0.0,0.0,0.0,0.0,0.0,True,G,541,S
Europa,False,55 Cancri e,32.0,False,0.0,1968.0,13.0,1051.0,,True,D,75,S
Earth,False,TRAPPIST-1e,55.0,False,2.0,0.0,0.0,0.0,907.0,True,G,333,P
Europa,False,TRAPPIST-1e,44.0,False,0.0,2506.0,0.0,1360.0,722.0,False,C,23,P
Earth,True,TRAPPIST-1e,18.0,False,0.0,0.0,0.0,0.0,0.0,False,G,1037,P
Mars,False,TRAPPIST-1e,23.0,False,2001.0,0.0,2975.0,0.0,0.0,False,F,78,P
Europa,False,55 Cancri e,57.0,False,0.0,4301.0,31.0,665.0,6329.0,False,C,319,S
Earth,True,TRAPPIST-1e,,False,0.0,0.0,0.0,0.0,0.0,True,G,1448,S
Europa,False,TRAPPIST-1e,45.0,False,0.0,1202.0,149.0,1472.0,3379.0,False,D,182,P
Earth,False,PSO J318.5-22,31.0,False,0.0,869.0,0.0,0.0,0.0,True,E,27,S
Europa,False,TRAPPIST-1e,44.0,False,0.0,0.0,16.0,72.0,4304.0,False,E,461,P
Europa,False,TRAPPIST-1e,42.0,False,2209.0,11418.0,0.0,1868.0,445.0,True,B,5,P
Earth,False,55 Cancri e,18.0,False,0.0,,14.0,625.0,0.0,False,F,621,S
Mars,False,TRAPPIST-1e,48.0,False,137.0,0.0,877.0,0.0,0.0,True,E,295,S
Europa,True,55 Cancri e,34.0,False,0.0,0.0,0.0,0.0,0.0,True,B,67,P
Europa,False,TRAPPIST-1e,41.0,False,0.0,2334.0,1.0,6.0,23.0,True,C,68,S
Earth,False,TRAPPIST-1e,26.0,False,0.0,856.0,5.0,32.0,0.0,False,G,11,P
Earth,True,TRAPPIST-1e,13.0,False,0.0,0.0,,0.0,0.0,False,G,389,P
Europa,True,TRAPPIST-1e,27.0,False,0.0,0.0,0.0,0.0,0.0,True,E,209,P
Mars,True,TRAPPIST-1e,61.0,False,0.0,0.0,0.0,0.0,0.0,True,F,1604,S
Earth,True,PSO J318.5-22,34.0,False,0.0,0.0,0.0,0.0,0.0,True,G,1072,P
Europa,False,TRAPPIST-1e,19.0,False,0.0,1342.0,0.0,152.0,556.0,True,A,26,S
Earth,False,TRAPPIST-1e,24.0,False,786.0,0.0,0.0,7.0,0.0,False,E,273,P
Earth,False,TRAPPIST-1e,13.0,False,590.0,0.0,32.0,363.0,0.0,False,E,601,S
Mars,True,TRAPPIST-1e,36.0,False,0.0,0.0,0.0,0.0,0.0,True,F,640,P
Europa,True,55 Cancri e,37.0,True,0.0,0.0,0.0,0.0,0.0,True,C,249,S
Earth,False,TRAPPIST-1e,24.0,False,109.0,9.0,25.0,549.0,44.0,True,F,0,S
Europa,False,55 Cancri e,17.0,False,0.0,311.0,6.0,4236.0,557.0,False,D,196,S
Mars,False,TRAPPIST-1e,58.0,False,1246.0,0.0,66.0,36.0,0.0,False,F,868,S
Earth,False,TRAPPIST-1e,47.0,False,0.0,106.0,2915.0,0.0,1200.0,False,G,1031,P
Mars,False,TRAPPIST-1e,27.0,False,253.0,0.0,880.0,22.0,2.0,False,F,186,S
Mars,False,TRAPPIST-1e,38.0,False,30.0,434.0,117.0,372.0,0.0,True,D,247,S
Mars,False,TRAPPIST-1e,43.0,False,13.0,2119.0,315.0,0.0,261.0,True,D,96,S
Earth,,TRAPPIST-1e,8.0,False,0.0,0.0,0.0,0.0,0.0,False,G,1498,P
Mars,,TRAPPIST-1e,28.0,False,0.0,0.0,0.0,0.0,0.0,False,F,1150,P
Earth,True,TRAPPIST-1e,21.0,False,0.0,0.0,0.0,0.0,0.0,True,G,1210,S
Earth,True,TRAPPIST-1e,58.0,False,0.0,0.0,0.0,0.0,0.0,False,G,92,S
Earth,False,TRAPPIST-1e,21.0,False,,0.0,496.0,430.0,0.0,False,F,1865,P
Europa,True,55 Cancri e,38.0,False,0.0,0.0,0.0,0.0,0.0,True,C,236,P
Europa,True,55 Cancri e,34.0,False,0.0,0.0,0.0,0.0,0.0,True,B,117,S
Earth,False,TRAPPIST-1e,19.0,False,232.0,0.0,479.0,0.0,5.0,False,F,543,P
Mars,False,55 Cancri e,21.0,False,1481.0,0.0,881.0,0.0,0.0,False,F,317,S
Earth,True,TRAPPIST-1e,18.0,False,0.0,0.0,0.0,0.0,0.0,True,,,
Earth,False,TRAPPIST-1e,60.0,False,0.0,8.0,,360.0,74.0,False,G,1486,S
Earth,False,TRAPPIST-1e,21.0,False,0.0,2.0,665.0,0.0,9.0,False,G,35,S
Earth,True,TRAPPIST-1e,20.0,False,0.0,0.0,0.0,0.0,0.0,False,G,119,P
Earth,False,55 Cancri e,29.0,False,52.0,,612.0,465.0,79.0,False,F,1699,P
Earth,True,PSO J318.5-22,8.0,False,0.0,0.0,0.0,0.0,0.0,False,G,612,P
Europa,True,55 Cancri e,40.0,False,0.0,0.0,0.0,0.0,0.0,True,B,292,S
Earth,False,55 Cancri e,24.0,False,0.0,421.0,0.0,207.0,63.0,False,F,438,P
,True,55 Cancri e,44.0,False,0.0,0.0,0.0,0.0,0.0,True,B,340,S
Europa,False,TRAPPIST-1e,46.0,False,0.0,1068.0,945.0,2587.0,811.0,False,C,218,S
,False,TRAPPIST-1e,42.0,False,0.0,1972.0,0.0,108.0,5.0,True,C,201,P
Europa,False,TRAPPIST-1e,57.0,False,0.0,62.0,0.0,2136.0,178.0,False,A,20,S
Earth,True,55 Cancri e,11.0,False,0.0,0.0,0.0,0.0,0.0,False,G,32,S
,False,TRAPPIST-1e,26.0,False,1331.0,0.0,973.0,484.0,0.0,False,D,162,P
Earth,False,TRAPPIST-1e,21.0,False,28.0,580.0,0.0,0.0,236.0,True,E,227,P
Europa,True,55 Cancri e,36.0,False,0.0,0.0,0.0,,0.0,True,B,281,S
Earth,True,PSO J318.5-22,21.0,False,0.0,0.0,0.0,0.0,0.0,True,G,1467,P
Europa,False,55 Cancri e,36.0,False,1.0,4058.0,95.0,0.0,2109.0,False,A,54,P
Earth,False,TRAPPIST-1e,13.0,False,579.0,226.0,61.0,1.0,7.0,False,F,420,S
Earth,False,TRAPPIST-1e,23.0,False,0.0,0.0,15.0,0.0,1370.0,False,F,67,P
Earth,False,55 Cancri e,39.0,False,664.0,0.0,0.0,40.0,0.0,False,F,778,S
Mars,False,TRAPPIST-1e,43.0,False,130.0,0.0,870.0,31.0,26.0,True,D,142,S
Earth,True,TRAPPIST-1e,15.0,False,0.0,0.0,,0.0,0.0,True,G,1251,P
Earth,False,TRAPPIST-1e,,False,0.0,0.0,0.0,32.0,1577.0,False,E,248,P
Mars,False,TRAPPIST-1e,37.0,False,10.0,20.0,868.0,115.0,0.0,False,E,347,P
Mars,True,TRAPPIST-1e,45.0,False,0.0,0.0,0.0,0.0,0.0,True,F,77,S
Europa,False,55 Cancri e,44.0,False,434.0,3113.0,19.0,,892.0,False,C,22,P
Europa,False,TRAPPIST-1e,32.0,True,1003.0,909.0,0.0,0.0,15.0,False,E,603,S
Europa,True,TRAPPIST-1e,20.0,False,0.0,0.0,0.0,0.0,0.0,True,E,607,S
Earth,False,TRAPPIST-1e,29.0,False,0.0,0.0,0.0,699.0,74.0,False,G,21,S
,True,PSO J318.5-22,16.0,False,0.0,0.0,0.0,0.0,0.0,True,G,1142,S
Mars,True,TRAPPIST-1e,18.0,False,0.0,0.0,0.0,0.0,0.0,False,E,532,S
Earth,False,TRAPPIST-1e,40.0,False,757.0,40.0,4.0,2.0,0.0,False,F,1782,S
Earth,False,TRAPPIST-1e,39.0,False,472.0,0.0,0.0,173.0,0.0,False,F,1638,P
Earth,False,TRAPPIST-1e,19.0,False,0.0,1428.0,0.0,1.0,19.0,True,F,100,S
Earth,True,TRAPPIST-1e,0.0,False,0.0,0.0,0.0,0.0,0.0,False,G,305,P
Earth,False,TRAPPIST-1e,33.0,False,673.0,194.0,548.0,59.0,40.0,False,F,396,P
Europa,True,TRAPPIST-1e,37.0,False,0.0,0.0,0.0,0.0,0.0,True,B,219,S
Earth,False,TRAPPIST-1e,21.0,False,0.0,0.0,23.0,820.0,22.0,False,F,873,P
Earth,False,TRAPPIST-1e,25.0,False,0.0,813.0,89.0,12.0,0.0,False,G,589,P
Europa,False,55 Cancri e,37.0,False,0.0,9965.0,0.0,5697.0,676.0,False,C,256,S
Earth,True,PSO J318.5-22,18.0,False,0.0,0.0,0.0,0.0,0.0,True,G,390,S
Earth,False,TRAPPIST-1e,20.0,False,0.0,880.0,5.0,25.0,490.0,False,F,654,S
Mars,False,55 Cancri e,33.0,False,840.0,642.0,402.0,21.0,0.0,False,F,114,P
Earth,False,55 Cancri e,28.0,False,0.0,0.0,675.0,31.0,0.0,True,G,505,S
Europa,True,55 Cancri e,44.0,,0.0,0.0,0.0,0.0,0.0,True,C,188,S
Mars,True,TRAPPIST-1e,39.0,False,0.0,0.0,0.0,0.0,0.0,True,F,859,P
Europa,True,TRAPPIST-1e,19.0,False,0.0,0.0,0.0,0.0,0.0,True,B,231,S
Earth,False,TRAPPIST-1e,21.0,False,521.0,0.0,4.0,261.0,1.0,False,E,43,P
Earth,False,55 Cancri e,0.0,False,0.0,0.0,0.0,0.0,0.0,True,G,1039,S
Earth,False,TRAPPIST-1e,15.0,,48.0,6.0,0.0,954.0,0.0,False,,,
Europa,False,TRAPPIST-1e,26.0,False,0.0,1910.0,0.0,1777.0,,True,C,187,S
Earth,False,TRAPPIST-1e,44.0,False,266.0,3.0,2.0,0.0,748.0,False,,,
Europa,True,55 Cancri e,35.0,False,0.0,0.0,0.0,0.0,0.0,True,A,67,P
Mars,False,TRAPPIST-1e,32.0,True,1179.0,0.0,4.0,0.0,0.0,False,D,204,P
Earth,True,TRAPPIST-1e,36.0,False,0.0,0.0,0.0,0.0,0.0,True,G,639,S
Earth,False,PSO J318.5-22,17.0,False,0.0,20.0,0.0,14.0,884.0,False,F,1174,S
Earth,True,TRAPPIST-1e,26.0,False,0.0,0.0,0.0,0.0,0.0,True,G,174,S
Earth,False,TRAPPIST-1e,34.0,False,0.0,0.0,0.0,,0.0,True,G,91,S
Europa,False,TRAPPIST-1e,33.0,False,0.0,165.0,1.0,2525.0,0.0,False,C,20,P
Earth,False,55 Cancri e,38.0,False,0.0,695.0,0.0,49.0,876.0,False,E,244,S
Earth,False,TRAPPIST-1e,14.0,False,781.0,0.0,1.0,4.0,1.0,False,E,238,P
Mars,True,TRAPPIST-1e,39.0,False,0.0,0.0,0.0,0.0,0.0,False,E,391,P
Mars,False,TRAPPIST-1e,29.0,False,1544.0,1.0,206.0,0.0,0.0,False,F,1663,P
Earth,False,TRAPPIST-1e,20.0,False,559.0,0.0,83.0,112.0,0.0,True,G,1130,S
Earth,True,TRAPPIST-1e,49.0,False,,0.0,0.0,0.0,0.0,False,G,886,P
Earth,False,PSO J318.5-22,70.0,False,0.0,3.0,1.0,2.0,1290.0,False,F,338,P
Earth,False,TRAPPIST-1e,19.0,False,0.0,0.0,3.0,785.0,0.0,False,E,232,P
Earth,False,TRAPPIST-1e,28.0,False,0.0,8.0,338.0,135.0,390.0,False,F,1853,P
Earth,False,55 Cancri e,34.0,False,0.0,442.0,175.0,79.0,3.0,False,F,1452,P
Earth,False,TRAPPIST-1e,26.0,False,0.0,0.0,1872.0,1.0,0.0,True,G,1500,S
Earth,False,PSO J318.5-22,21.0,False,0.0,0.0,107.0,166.0,388.0,True,E,144,S
Earth,False,PSO J318.5-22,21.0,False,15.0,0.0,2695.0,2.0,0.0,True,F,170,P
Earth,False,TRAPPIST-1e,31.0,False,14.0,5.0,0.0,795.0,0.0,True,F,171,P
Earth,False,TRAPPIST-1e,35.0,False,0.0,0.0,62.0,0.0,891.0,False,F,1537,S
,True,TRAPPIST-1e,19.0,False,0.0,0.0,0.0,0.0,0.0,True,G,311,S
Europa,False,TRAPPIST-1e,31.0,False,0.0,8718.0,0.0,13036.0,267.0,False,,,
Earth,False,55 Cancri e,0.0,False,0.0,0.0,0.0,0.0,0.0,True,G,571,P
Earth,False,TRAPPIST-1e,9.0,False,0.0,0.0,0.0,0.0,0.0,True,G,630,S
Earth,False,TRAPPIST-1e,26.0,False,621.0,1.0,98.0,11.0,135.0,False,F,185,S
Mars,True,TRAPPIST-1e,22.0,False,0.0,0.0,0.0,0.0,0.0,False,E,266,P
Earth,False,PSO J318.5-22,20.0,False,426.0,0.0,220.0,2.0,0.0,False,F,1793,P
Mars,False,TRAPPIST-1e,25.0,True,1442.0,0.0,0.0,0.0,13.0,False,F,1233,P
Mars,True,55 Cancri e,35.0,False,0.0,0.0,0.0,0.0,0.0,True,F,1213,P
Earth,,TRAPPIST-1e,31.0,False,,0.0,873.0,0.0,0.0,True,E,428,S
Earth,False,55 Cancri e,42.0,False,28.0,0.0,0.0,0.0,591.0,False,G,281,S
Earth,False,TRAPPIST-1e,20.0,False,399.0,77.0,311.0,0.0,16.0,False,F,918,P
Europa,True,55 Cancri e,33.0,False,0.0,0.0,0.0,0.0,0.0,True,E,269,P
Earth,True,TRAPPIST-1e,15.0,False,0.0,0.0,0.0,0.0,0.0,True,G,1404,P
Earth,False,TRAPPIST-1e,27.0,False,0.0,,192.0,38.0,599.0,False,F,1416,P
Earth,False,TRAPPIST-1e,18.0,False,754.0,0.0,34.0,0.0,0.0,False,E,278,P
Mars,True,TRAPPIST-1e,31.0,False,0.0,0.0,0.0,0.0,0.0,True,F,217,P
Mars,False,55 Cancri e,18.0,False,1092.0,0.0,208.0,150.0,0.0,False,F,1435,S
Earth,True,PSO J318.5-22,2.0,False,,0.0,0.0,0.0,0.0,False,G,602,P
Earth,True,55 Cancri e,48.0,False,0.0,0.0,0.0,0.0,0.0,True,G,492,S
Mars,True,TRAPPIST-1e,38.0,False,0.0,0.0,0.0,0.0,0.0,False,E,247,P
Earth,False,TRAPPIST-1e,20.0,False,3.0,0.0,0.0,806.0,0.0,False,G,973,P
Earth,False,PSO J318.5-22,18.0,False,0.0,220.0,4.0,0.0,532.0,False,F,1564,S
Mars,True,TRAPPIST-1e,37.0,False,0.0,0.0,0.0,0.0,0.0,True,D,107,S
Earth,True,TRAPPIST-1e,38.0,False,0.0,0.0,0.0,0.0,0.0,False,G,546,S
Mars,False,TRAPPIST-1e,30.0,False,138.0,0.0,208.0,952.0,0.0,False,E,340,P
Earth,False,,21.0,False,28.0,0.0,0.0,662.0,0.0,False,,,
Europa,False,TRAPPIST-1e,7.0,False,0.0,0.0,0.0,0.0,0.0,True,B,131,S
Earth,True,55 Cancri e,17.0,False,0.0,0.0,0.0,0.0,0.0,True,G,1273,S
Europa,False,55 Cancri e,46.0,False,0.0,7201.0,0.0,32.0,2587.0,False,B,44,P
Earth,True,TRAPPIST-1e,21.0,False,0.0,0.0,0.0,0.0,0.0,False,G,1310,P
Earth,False,TRAPPIST-1e,62.0,False,379.0,453.0,0.0,7.0,0.0,False,G,500,P
Earth,True,PSO J318.5-22,38.0,False,0.0,0.0,0.0,0.0,0.0,True,G,144,S
Europa,True,TRAPPIST-1e,40.0,False,0.0,0.0,0.0,0.0,0.0,True,B,139,S
Europa,,TRAPPIST-1e,17.0,False,0.0,0.0,0.0,0.0,0.0,True,C,244,P
Earth,False,TRAPPIST-1e,39.0,False,130.0,741.0,0.0,0.0,0.0,False,F,1322,S
Earth,False,TRAPPIST-1e,10.0,False,0.0,0.0,0.0,0.0,0.0,True,G,1046,S
Europa,True,55 Cancri e,29.0,False,0.0,0.0,0.0,0.0,0.0,True,C,21,S
Europa,,55 Cancri e,28.0,False,0.0,0.0,0.0,0.0,0.0,True,C,118,P
Europa,False,TRAPPIST-1e,29.0,False,0.0,4198.0,227.0,1.0,1415.0,True,B,200,S
Mars,True,TRAPPIST-1e,21.0,False,0.0,0.0,0.0,0.0,0.0,True,F,297,S
Mars,False,TRAPPIST-1e,20.0,False,984.0,1.0,921.0,0.0,,False,E,226,P
Earth,False,TRAPPIST-1e,22.0,False,158.0,1556.0,1189.0,845.0,96.0,True,E,258,S
Earth,True,TRAPPIST-1e,33.0,False,0.0,0.0,0.0,0.0,0.0,False,G,1271,P
Earth,True,PSO J318.5-22,25.0,False,0.0,0.0,0.0,0.0,0.0,True,G,813,S
Europa,False,TRAPPIST-1e,57.0,False,0.0,1514.0,0.0,72.0,1393.0,False,A,22,P
Mars,False,TRAPPIST-1e,22.0,False,2646.0,0.0,599.0,117.0,0.0,False,D,104,P
Europa,False,TRAPPIST-1e,39.0,False,9.0,1525.0,0.0,0.0,146.0,False,A,37,P
Europa,False,55 Cancri e,25.0,False,0.0,1538.0,97.0,530.0,35.0,False,A,66,P
Earth,True,TRAPPIST-1e,39.0,False,0.0,0.0,0.0,0.0,0.0,True,G,1494,P
Europa,False,,44.0,False,0.0,0.0,0.0,0.0,0.0,True,B,40,S
Europa,True,TRAPPIST-1e,62.0,False,0.0,0.0,,0.0,0.0,True,C,2,S
Earth,,TRAPPIST-1e,1.0,False,0.0,0.0,0.0,0.0,0.0,False,G,1364,P
Europa,False,55 Cancri e,36.0,True,11.0,79.0,0.0,210.0,1895.0,False,A,22,P
Mars,True,TRAPPIST-1e,24.0,False,0.0,0.0,0.0,0.0,0.0,True,F,536,P
Earth,True,PSO J318.5-22,20.0,False,0.0,0.0,0.0,0.0,0.0,True,G,872,S
Earth,False,TRAPPIST-1e,12.0,False,0.0,0.0,0.0,0.0,0.0,True,G,916,P
Europa,False,55 Cancri e,,False,0.0,3462.0,5.0,1590.0,4.0,False,A,6,P
Earth,,TRAPPIST-1e,45.0,False,1796.0,0.0,4.0,0.0,5.0,False,G,660,S
Earth,False,55 Cancri e,19.0,False,107.0,0.0,505.0,48.0,0.0,False,F,1046,P
Earth,False,55 Cancri e,0.0,False,0.0,0.0,0.0,0.0,0.0,True,G,50,P
Earth,False,,12.0,False,0.0,0.0,,0.0,0.0,True,G,109,P
Earth,False,55 Cancri e,29.0,False,0.0,0.0,22.0,738.0,0.0,False,F,982,S
Europa,True,55 Cancri e,18.0,False,0.0,0.0,0.0,0.0,0.0,True,B,75,P
Europa,True,55 Cancri e,28.0,False,0.0,0.0,0.0,0.0,0.0,True,E,445,S
Europa,False,55 Cancri e,43.0,False,0.0,16856.0,0.0,4344.0,977.0,False,C,255,P
Earth,False,TRAPPIST-1e,13.0,False,0.0,0.0,505.0,2810.0,9.0,False,F,1608,S
Earth,True,TRAPPIST-1e,1.0,False,0.0,0.0,0.0,0.0,0.0,False,E,0,S
Earth,False,TRAPPIST-1e,26.0,False,1822.0,0.0,4.0,107.0,1204.0,False,F,561,S
Earth,True,55 Cancri e,15.0,False,0.0,0.0,0.0,0.0,0.0,True,G,140,P
Earth,False,TRAPPIST-1e,24.0,False,686.0,0.0,13.0,0.0,0.0,False,F,1645,S
Earth,True,TRAPPIST-1e,71.0,False,0.0,0.0,0.0,0.0,0.0,True,G,150,S
Earth,False,TRAPPIST-1e,18.0,False,711.0,12.0,0.0,83.0,0.0,True,F,1461,S
Mars,True,TRAPPIST-1e,5.0,False,0.0,0.0,0.0,0.0,0.0,True,F,211,S
Europa,True,TRAPPIST-1e,21.0,False,0.0,0.0,0.0,0.0,0.0,True,B,224,P
Earth,False,PSO J318.5-22,18.0,False,0.0,0.0,0.0,746.0,1.0,False,F,1480,S
Earth,False,TRAPPIST-1e,34.0,False,0.0,118.0,5.0,0.0,761.0,False,G,200,P
Mars,True,TRAPPIST-1e,27.0,False,0.0,0.0,0.0,0.0,0.0,True,E,315,S
Europa,False,TRAPPIST-1e,50.0,False,0.0,3070.0,0.0,44.0,562.0,True,C,317,S
Mars,False,TRAPPIST-1e,37.0,False,528.0,0.0,1598.0,62.0,0.0,True,F,1834,P
Earth,False,TRAPPIST-1e,23.0,False,368.0,175.0,259.0,1.0,101.0,False,E,19,S
Earth,True,TRAPPIST-1e,19.0,False,0.0,0.0,0.0,0.0,0.0,False,G,873,P
Mars,True,55 Cancri e,20.0,False,0.0,0.0,0.0,0.0,0.0,True,F,448,P
Earth,True,TRAPPIST-1e,40.0,False,0.0,0.0,0.0,0.0,0.0,True,G,196,P
Europa,False,TRAPPIST-1e,51.0,False,0.0,1949.0,0.0,2549.0,39.0,False,,,
Earth,True,TRAPPIST-1e,21.0,False,0.0,0.0,0.0,0.0,0.0,False,G,91,P
Europa,False,TRAPPIST-1e,36.0,False,0.0,2345.0,0.0,1966.0,27.0,False,B,63,S
Mars,False,TRAPPIST-1e,38.0,False,490.0,663.0,358.0,855.0,0.0,False,F,859,P
Mars,False,TRAPPIST-1e,44.0,False,1267.0,18.0,0.0,3.0,0.0,True,F,1123,P
Earth,True,55 Cancri e,2.0,False,0.0,0.0,0.0,0.0,0.0,False,G,199,S
Earth,False,55 Cancri e,22.0,False,0.0,642.0,0.0,52.0,0.0,False,F,1507,P
Europa,True,TRAPPIST-1e,35.0,False,0.0,0.0,0.0,0.0,0.0,False,B,164,P
Earth,False,TRAPPIST-1e,77.0,False,0.0,,131.0,3981.0,108.0,False,G,618,P
Europa,False,TRAPPIST-1e,22.0,False,0.0,1914.0,2090.0,100.0,0.0,True,C,255,S
Earth,True,PSO J318.5-22,20.0,False,0.0,0.0,0.0,0.0,0.0,True,G,428,S
Earth,True,TRAPPIST-1e,41.0,False,0.0,0.0,0.0,0.0,0.0,True,G,943,S
Earth,True,TRAPPIST-1e,25.0,False,0.0,0.0,0.0,0.0,0.0,False,G,161,P
,False,PSO J318.5-22,12.0,False,0.0,0.0,0.0,0.0,0.0,True,G,821,P
Europa,False,55 Cancri e,20.0,False,0.0,17958.0,99.0,14.0,57.0,True,C,253,S
Earth,False,,37.0,False,542.0,440.0,1.0,0.0,0.0,False,E,301,P
Earth,False,TRAPPIST-1e,18.0,False,0.0,949.0,0.0,0.0,0.0,False,F,1514,P
Europa,True,55 Cancri e,40.0,False,0.0,0.0,0.0,0.0,0.0,True,C,279,P
Earth,True,TRAPPIST-1e,16.0,False,0.0,0.0,0.0,0.0,0.0,False,G,355,S
Earth,True,TRAPPIST-1e,20.0,False,0.0,0.0,0.0,0.0,0.0,True,G,927,S
Earth,True,TRAPPIST-1e,1.0,False,0.0,0.0,0.0,0.0,0.0,True,G,1267,P
Earth,False,TRAPPIST-1e,19.0,,5.0,639.0,0.0,84.0,180.0,False,G,295,P
Earth,False,TRAPPIST-1e,45.0,False,0.0,0.0,635.0,2.0,0.0,True,E,553,S
Earth,False,TRAPPIST-1e,19.0,False,586.0,10.0,0.0,30.0,0.0,False,G,1426,P
Europa,True,TRAPPIST-1e,61.0,False,0.0,0.0,0.0,0.0,0.0,True,E,371,S
Earth,True,PSO J318.5-22,14.0,False,0.0,0.0,0.0,0.0,0.0,True,G,342,P
Earth,True,TRAPPIST-1e,29.0,False,0.0,0.0,0.0,0.0,0.0,False,G,47,S
Earth,False,TRAPPIST-1e,19.0,False,414.0,0.0,66.0,307.0,0.0,False,E,119,S
Mars,False,TRAPPIST-1e,,False,1146.0,0.0,47.0,0.0,105.0,True,E,155,S
Earth,True,PSO J318.5-22,31.0,False,0.0,0.0,0.0,0.0,0.0,True,G,90,S
Earth,False,TRAPPIST-1e,22.0,False,0.0,4.0,0.0,0.0,1267.0,True,F,742,P
Earth,False,TRAPPIST-1e,28.0,False,4.0,166.0,743.0,0.0,0.0,True,G,419,P
Earth,,TRAPPIST-1e,20.0,False,0.0,544.0,1.0,0.0,378.0,False,F,461,P
Europa,,TRAPPIST-1e,63.0,False,0.0,490.0,1.0,2882.0,18.0,False,A,37,P
Mars,True,TRAPPIST-1e,18.0,False,0.0,0.0,0.0,0.0,0.0,True,F,1758,P
Earth,False,PSO J318.5-22,16.0,False,4.0,0.0,2278.0,2.0,0.0,True,F,829,P
Earth,True,TRAPPIST-1e,16.0,False,0.0,0.0,0.0,,0.0,True,G,615,P
Earth,True,55 Cancri e,25.0,False,0.0,0.0,0.0,0.0,0.0,True,G,1363,P
Mars,False,TRAPPIST-1e,49.0,False,21.0,25.0,1509.0,0.0,1042.0,False,F,603,P
Earth,False,TRAPPIST-1e,18.0,False,211.0,594.0,2.0,493.0,62.0,True,F,906,S
Mars,True,TRAPPIST-1e,18.0,False,0.0,0.0,0.0,0.0,0.0,True,F,1343,S
Mars,False,55 Cancri e,21.0,False,4027.0,0.0,47.0,83.0,0.0,False,D,175,P
Europa,,TRAPPIST-1e,14.0,False,0.0,0.0,0.0,0.0,0.0,True,C,103,P
Earth,False,TRAPPIST-1e,18.0,,0.0,181.0,628.0,0.0,0.0,True,G,1431,P
Mars,True,TRAPPIST-1e,33.0,False,0.0,0.0,0.0,0.0,0.0,True,F,109,S
Earth,False,TRAPPIST-1e,20.0,False,0.0,6.0,24.0,0.0,672.0,False,F,1272,S
Earth,False,TRAPPIST-1e,31.0,False,0.0,173.0,409.0,102.0,43.0,False,F,1745,S
Mars,True,TRAPPIST-1e,11.0,False,0.0,0.0,0.0,0.0,0.0,True,F,980,S
Earth,False,TRAPPIST-1e,24.0,False,0.0,0.0,0.0,636.0,68.0,False,F,547,P
Earth,False,TRAPPIST-1e,4.0,False,0.0,0.0,0.0,0.0,0.0,False,G,657,P
Earth,False,TRAPPIST-1e,,False,0.0,20.0,38.0,359.0,516.0,False,F,939,P
Earth,True,PSO J318.5-22,22.0,False,0.0,0.0,0.0,0.0,0.0,True,G,1300,P
Mars,True,55 Cancri e,39.0,False,0.0,0.0,0.0,0.0,0.0,True,F,1079,S
Earth,False,55 Cancri e,24.0,False,0.0,94.0,1.0,56.0,427.0,False,F,352,S
Europa,False,55 Cancri e,41.0,False,0.0,320.0,4333.0,1313.0,51.0,False,B,86,P
Europa,True,55 Cancri e,26.0,False,0.0,0.0,0.0,0.0,0.0,True,B,267,P
Earth,True,PSO J318.5-22,25.0,False,0.0,0.0,0.0,0.0,0.0,True,G,285,S
Mars,True,55 Cancri e,2.0,False,0.0,0.0,0.0,0.0,0.0,True,F,1466,P
Europa,True,TRAPPIST-1e,14.0,False,0.0,0.0,0.0,0.0,0.0,True,B,229,P
Earth,True,TRAPPIST-1e,22.0,False,0.0,0.0,,0.0,0.0,True,G,369,P
Earth,True,TRAPPIST-1e,25.0,False,0.0,0.0,0.0,0.0,0.0,False,G,573,P
Earth,True,PSO J318.5-22,0.0,False,0.0,0.0,0.0,0.0,0.0,True,G,412,P
Europa,False,TRAPPIST-1e,31.0,False,0.0,6670.0,217.0,625.0,20336.0,False,C,144,P
Europa,False,55 Cancri e,33.0,False,77.0,2381.0,0.0,3656.0,150.0,False,B,58,S
Earth,False,TRAPPIST-1e,17.0,False,4.0,0.0,867.0,0.0,0.0,False,F,1594,S
Europa,False,TRAPPIST-1e,39.0,True,0.0,395.0,0.0,1012.0,1080.0,False,A,94,S
Earth,True,PSO J318.5-22,32.0,False,0.0,0.0,0.0,0.0,0.0,False,G,1416,P
Earth,False,TRAPPIST-1e,66.0,False,610.0,2549.0,0.0,17.0,0.0,True,F,786,S
Earth,True,PSO J318.5-22,21.0,False,0.0,0.0,0.0,0.0,0.0,True,G,1063,S
Earth,False,55 Cancri e,2.0,False,0.0,0.0,0.0,0.0,0.0,True,G,1028,S
Earth,True,TRAPPIST-1e,40.0,False,0.0,0.0,0.0,0.0,0.0,False,G,1181,P
Earth,False,TRAPPIST-1e,27.0,False,233.0,554.0,0.0,0.0,0.0,False,E,124,S
Earth,True,55 Cancri e,17.0,False,0.0,0.0,0.0,0.0,,True,G,1448,S
Europa,True,55 Cancri e,29.0,True,0.0,0.0,0.0,0.0,0.0,True,A,103,S
Europa,True,TRAPPIST-1e,56.0,False,0.0,0.0,0.0,0.0,0.0,True,D,68,P
Earth,False,TRAPPIST-1e,42.0,False,10.0,303.0,12.0,0.0,478.0,False,F,496,S
Earth,True,TRAPPIST-1e,18.0,False,0.0,0.0,0.0,0.0,0.0,True,,,
Europa,True,55 Cancri e,14.0,False,0.0,0.0,0.0,0.0,0.0,True,C,249,S
Mars,True,TRAPPIST-1e,24.0,False,0.0,0.0,0.0,0.0,0.0,True,F,1807,P
Europa,False,55 Cancri e,19.0,False,0.0,4494.0,0.0,11.0,3460.0,True,C,125,S
Earth,False,PSO J318.5-22,22.0,False,688.0,5.0,80.0,0.0,0.0,False,G,894,P
Earth,False,55 Cancri e,24.0,False,0.0,688.0,0.0,0.0,1.0,False,F,1621,P
Mars,False,TRAPPIST-1e,0.0,False,0.0,,0.0,0.0,0.0,True,F,1114,P
Earth,False,TRAPPIST-1e,22.0,False,563.0,521.0,364.0,0.0,0.0,False,F,807,S
Earth,False,55 Cancri e,14.0,False,77.0,0.0,9.0,424.0,166.0,False,G,124,S
Earth,False,55 Cancri e,16.0,False,1612.0,4.0,0.0,184.0,0.0,False,G,533,P
Earth,True,TRAPPIST-1e,17.0,False,0.0,0.0,0.0,0.0,0.0,True,G,297,P
Mars,True,TRAPPIST-1e,42.0,False,0.0,0.0,0.0,0.0,0.0,True,D,124,P
Europa,True,55 Cancri e,28.0,False,0.0,0.0,0.0,0.0,0.0,True,D,1,S
Europa,True,55 Cancri e,59.0,False,0.0,0.0,0.0,0.0,0.0,True,B,192,S
Earth,True,TRAPPIST-1e,30.0,False,0.0,0.0,0.0,0.0,0.0,True,G,150,S
Mars,False,TRAPPIST-1e,35.0,False,0.0,0.0,0.0,0.0,0.0,False,E,388,P
Earth,False,TRAPPIST-1e,24.0,False,56.0,22.0,285.0,1453.0,0.0,False,G,902,P
Europa,,TRAPPIST-1e,31.0,False,0.0,0.0,0.0,0.0,0.0,True,C,152,S
Earth,,TRAPPIST-1e,23.0,False,1.0,,1.0,0.0,618.0,False,F,1189,P
Europa,True,TRAPPIST-1e,50.0,False,0.0,0.0,0.0,0.0,0.0,True,A,84,S
Europa,False,TRAPPIST-1e,50.0,False,0.0,817.0,388.0,78.0,693.0,True,C,160,S
Earth,True,TRAPPIST-1e,61.0,False,0.0,0.0,0.0,0.0,0.0,True,G,154,P
Europa,False,TRAPPIST-1e,44.0,False,0.0,2349.0,7.0,815.0,10896.0,False,C,38,P
Mars,False,TRAPPIST-1e,23.0,False,649.0,0.0,622.0,0.0,0.0,True,F,1653,P
Earth,False,55 Cancri e,17.0,False,0.0,55.0,913.0,0.0,55.0,True,G,230,S
Earth,False,TRAPPIST-1e,40.0,False,0.0,807.0,0.0,0.0,0.0,True,F,310,S
Earth,False,PSO J318.5-22,37.0,False,715.0,0.0,54.0,0.0,0.0,True,G,721,S
Mars,False,TRAPPIST-1e,19.0,False,300.0,5.0,642.0,0.0,0.0,False,E,387,S
Mars,False,55 Cancri e,45.0,False,810.0,0.0,132.0,198.0,0.0,False,F,1490,S
Earth,True,TRAPPIST-1e,15.0,False,0.0,0.0,0.0,0.0,0.0,True,G,740,S
Mars,True,,46.0,False,0.0,0.0,,0.0,0.0,True,F,275,S
Earth,False,PSO J318.5-22,51.0,False,590.0,28.0,73.0,0.0,82.0,False,G,1365,S
,False,TRAPPIST-1e,27.0,False,0.0,45.0,225.0,14.0,519.0,False,F,1099,P
Earth,False,TRAPPIST-1e,28.0,False,1954.0,43.0,0.0,0.0,7.0,False,F,1847,P
Mars,True,55 Cancri e,36.0,False,0.0,0.0,0.0,0.0,0.0,True,F,217,P
Earth,False,PSO J318.5-22,57.0,False,0.0,1431.0,0.0,30.0,337.0,True,G,455,S
Mars,False,TRAPPIST-1e,28.0,False,4.0,0.0,2574.0,0.0,0.0,True,D,173,P
Earth,False,TRAPPIST-1e,18.0,False,0.0,0.0,19.0,467.0,,False,E,129,S
Mars,,TRAPPIST-1e,25.0,False,591.0,466.0,0.0,0.0,0.0,False,D,44,P
Mars,False,TRAPPIST-1e,41.0,False,1144.0,12.0,14.0,22.0,0.0,False,F,747,S
Europa,False,55 Cancri e,34.0,False,0.0,1646.0,0.0,51.0,1462.0,False,C,53,P
Europa,False,TRAPPIST-1e,27.0,True,0.0,0.0,72.0,668.0,2713.0,False,C,70,P
Earth,,TRAPPIST-1e,16.0,False,0.0,769.0,0.0,0.0,7.0,True,F,946,S
Europa,True,TRAPPIST-1e,53.0,False,0.0,0.0,0.0,0.0,0.0,True,C,306,S
Earth,True,TRAPPIST-1e,15.0,False,0.0,0.0,0.0,0.0,0.0,True,G,547,S
Earth,False,TRAPPIST-1e,24.0,False,388.0,0.0,7.0,409.0,0.0,False,F,433,P
Earth,False,TRAPPIST-1e,19.0,False,3.0,0.0,,0.0,788.0,False,E,72,S
Earth,True,TRAPPIST-1e,14.0,False,0.0,0.0,0.0,0.0,0.0,True,G,840,P
Earth,False,55 Cancri e,22.0,False,429.0,2.0,232.0,0.0,59.0,True,E,274,P
Earth,False,TRAPPIST-1e,20.0,False,9.0,0.0,157.0,525.0,0.0,False,F,933,P
Europa,False,TRAPPIST-1e,58.0,True,43.0,3576.0,0.0,6715.0,49.0,False,A,0,S
Earth,False,TRAPPIST-1e,25.0,False,341.0,608.0,2.0,2.0,16.0,True,F,1729,P
Earth,False,55 Cancri e,43.0,False,485.0,4.0,136.0,48.0,0.0,False,G,365,P
Europa,False,TRAPPIST-1e,31.0,False,0.0,7461.0,0.0,369.0,450.0,True,B,37,S
Earth,False,PSO J318.5-22,23.0,False,5.0,308.0,363.0,7.0,0.0,True,F,615,P
Europa,False,55 Cancri e,28.0,False,0.0,3053.0,0.0,839.0,2153.0,True,C,95,S
Europa,False,55 Cancri e,39.0,False,0.0,,0.0,1528.0,1119.0,False,C,69,P
Earth,True,PSO J318.5-22,31.0,False,0.0,,0.0,0.0,0.0,True,G,263,S
Earth,False,TRAPPIST-1e,14.0,False,71.0,0.0,0.0,0.0,,False,F,1283,P
Europa,False,55 Cancri e,26.0,False,281.0,741.0,13.0,0.0,4724.0,False,C,68,P
Europa,True,TRAPPIST-1e,51.0,False,0.0,0.0,0.0,0.0,0.0,True,B,186,P
Earth,False,TRAPPIST-1e,30.0,False,604.0,0.0,50.0,147.0,2.0,False,F,1742,S
Earth,True,PSO J318.5-22,33.0,False,0.0,0.0,0.0,0.0,0.0,True,G,967,P
Europa,True,TRAPPIST-1e,68.0,False,0.0,0.0,0.0,0.0,0.0,True,C,100,P
Europa,True,TRAPPIST-1e,31.0,False,0.0,0.0,0.0,,0.0,True,B,32,P
Europa,True,TRAPPIST-1e,38.0,False,0.0,0.0,0.0,0.0,0.0,True,A,1,S
Earth,False,TRAPPIST-1e,,False,0.0,51.0,0.0,37.0,704.0,False,E,116,P
Mars,True,TRAPPIST-1e,31.0,False,0.0,0.0,0.0,0.0,0.0,True,E,270,S
Europa,True,TRAPPIST-1e,27.0,False,0.0,0.0,0.0,0.0,0.0,True,A,75,S
Europa,False,TRAPPIST-1e,29.0,False,0.0,5157.0,1.0,136.0,32.0,True,A,99,S
Mars,False,TRAPPIST-1e,29.0,False,1049.0,0.0,0.0,0.0,0.0,False,E,187,S
Europa,False,55 Cancri e,19.0,False,0.0,329.0,0.0,3154.0,312.0,False,C,102,P
Europa,False,TRAPPIST-1e,56.0,False,0.0,7447.0,0.0,253.0,35.0,True,C,37,P
Europa,False,TRAPPIST-1e,28.0,False,40.0,9012.0,0.0,111.0,551.0,True,C,262,P
Europa,True,55 Cancri e,33.0,False,0.0,0.0,0.0,0.0,0.0,True,C,30,P
Earth,False,TRAPPIST-1e,45.0,False,0.0,0.0,0.0,774.0,0.0,False,G,750,P
Earth,False,TRAPPIST-1e,24.0,False,3.0,2053.0,335.0,0.0,4.0,True,E,245,S
Europa,False,TRAPPIST-1e,26.0,False,0.0,533.0,2119.0,10.0,504.0,True,B,62,S
Earth,False,PSO J318.5-22,63.0,False,1.0,897.0,0.0,0.0,8.0,False,E,255,S
Earth,False,55 Cancri e,26.0,False,0.0,474.0,0.0,0.0,201.0,False,G,138,P
Mars,False,TRAPPIST-1e,44.0,False,815.0,219.0,22.0,0.0,0.0,True,D,175,S
Earth,False,,32.0,False,3.0,0.0,0.0,0.0,757.0,False,F,1148,S
Earth,True,55 Cancri e,0.0,False,0.0,0.0,0.0,0.0,0.0,True,G,982,S
Europa,False,TRAPPIST-1e,34.0,False,0.0,914.0,0.0,2433.0,647.0,True,C,202,S
Earth,False,55 Cancri e,13.0,False,0.0,722.0,0.0,37.0,8.0,False,F,1354,S
Europa,True,55 Cancri e,33.0,False,0.0,0.0,0.0,0.0,0.0,True,C,249,S
Earth,False,TRAPPIST-1e,31.0,False,1062.0,0.0,802.0,71.0,0.0,False,F,380,S
Earth,False,TRAPPIST-1e,18.0,False,0.0,288.0,35.0,0.0,435.0,False,F,1143,P
Europa,True,TRAPPIST-1e,34.0,False,0.0,0.0,,0.0,0.0,True,B,1,P
Europa,True,55 Cancri e,23.0,False,0.0,0.0,0.0,0.0,0.0,True,C,121,P
Earth,False,,46.0,False,183.0,7.0,637.0,182.0,5.0,True,G,941,S
Earth,False,TRAPPIST-1e,21.0,False,163.0,0.0,661.0,32.0,0.0,False,F,301,S
Earth,False,55 Cancri e,23.0,False,217.0,378.0,19.0,1.0,12.0,False,F,176,P
Europa,False,TRAPPIST-1e,,False,0.0,36.0,89.0,948.0,927.0,False,C,259,P
Earth,True,TRAPPIST-1e,3.0,False,0.0,0.0,0.0,0.0,0.0,True,G,1476,S
Earth,False,TRAPPIST-1e,28.0,False,0.0,1125.0,3.0,562.0,7.0,False,G,717,P
Earth,False,TRAPPIST-1e,29.0,False,0.0,0.0,885.0,0.0,0.0,True,F,441,S
Mars,True,TRAPPIST-1e,3.0,False,0.0,0.0,0.0,0.0,0.0,True,F,1572,S
Earth,True,TRAPPIST-1e,20.0,False,0.0,0.0,0.0,0.0,0.0,False,G,350,S
Earth,False,TRAPPIST-1e,49.0,False,712.0,1.0,0.0,0.0,,False,G,387,P
Earth,False,55 Cancri e,0.0,False,0.0,0.0,0.0,0.0,0.0,False,G,152,P
Earth,False,TRAPPIST-1e,24.0,False,0.0,7.0,127.0,639.0,37.0,False,G,1240,S
Mars,True,TRAPPIST-1e,25.0,False,0.0,0.0,0.0,0.0,0.0,True,E,309,S
Mars,False,TRAPPIST-1e,0.0,False,0.0,0.0,0.0,0.0,0.0,True,F,585,P
Earth,False,TRAPPIST-1e,39.0,False,0.0,0.0,710.0,56.0,1.0,True,G,1046,S
Mars,,TRAPPIST-1e,47.0,False,0.0,0.0,0.0,0.0,0.0,True,F,157,P
Mars,False,TRAPPIST-1e,34.0,False,865.0,0.0,257.0,,35.0,False,F,100,P
Europa,False,TRAPPIST-1e,32.0,False,45.0,985.0,0.0,0.0,6803.0,False,C,148,P
Mars,False,TRAPPIST-1e,23.0,False,1233.0,0.0,527.0,0.0,0.0,False,F,1330,P
Mars,True,TRAPPIST-1e,35.0,,0.0,0.0,0.0,0.0,0.0,True,F,37,P
Mars,False,TRAPPIST-1e,24.0,False,3481.0,0.0,1236.0,2.0,256.0,False,F,1306,S
Earth,True,PSO J318.5-22,27.0,False,0.0,0.0,0.0,0.0,0.0,True,G,352,P
Earth,True,TRAPPIST-1e,19.0,False,0.0,0.0,0.0,0.0,0.0,False,G,1430,P
Europa,True,TRAPPIST-1e,36.0,False,0.0,0.0,0.0,0.0,0.0,True,C,49,S
Earth,True,PSO J318.5-22,23.0,False,0.0,0.0,0.0,0.0,0.0,True,G,618,S
Europa,False,TRAPPIST-1e,47.0,False,,32.0,0.0,4027.0,1440.0,False,B,65,P
Mars,False,TRAPPIST-1e,23.0,False,931.0,0.0,134.0,0.0,421.0,False,F,761,S
Earth,True,TRAPPIST-1e,0.0,False,0.0,0.0,0.0,0.0,0.0,True,G,452,P
Earth,False,55 Cancri e,22.0,False,256.0,0.0,0.0,0.0,373.0,False,F,971,P
Earth,False,TRAPPIST-1e,20.0,False,0.0,0.0,111.0,39.0,1094.0,False,F,885,S
Europa,False,55 Cancri e,39.0,False,258.0,1541.0,0.0,,621.0,False,B,301,S
Earth,False,TRAPPIST-1e,22.0,False,0.0,19.0,1468.0,2.0,119.0,True,E,489,P
Earth,False,TRAPPIST-1e,36.0,False,,724.0,0.0,0.0,0.0,True,F,947,P
Mars,True,TRAPPIST-1e,25.0,False,0.0,0.0,0.0,0.0,0.0,True,F,500,S
Earth,True,TRAPPIST-1e,17.0,False,0.0,0.0,0.0,0.0,0.0,True,G,201,S
Europa,True,55 Cancri e,17.0,False,0.0,0.0,0.0,0.0,0.0,True,,,
Earth,False,TRAPPIST-1e,20.0,False,0.0,,422.0,0.0,0.0,True,F,777,P
Europa,True,55 Cancri e,57.0,False,0.0,0.0,0.0,0.0,0.0,True,A,3,P
Europa,True,TRAPPIST-1e,41.0,False,0.0,0.0,0.0,0.0,0.0,True,C,199,S
Mars,False,TRAPPIST-1e,32.0,False,382.0,0.0,477.0,22.0,2.0,True,D,163,P
Earth,True,TRAPPIST-1e,28.0,False,0.0,0.0,0.0,0.0,0.0,True,G,43,P
Europa,False,55 Cancri e,33.0,False,0.0,1961.0,0.0,226.0,1077.0,False,C,303,P
Mars,False,TRAPPIST-1e,32.0,False,654.0,0.0,655.0,0.0,0.0,True,F,925,S
Earth,False,PSO J318.5-22,23.0,False,0.0,774.0,0.0,0.0,0.0,True,G,347,S
Mars,False,TRAPPIST-1e,40.0,,1269.0,0.0,75.0,0.0,4.0,False,F,1034,S
Earth,False,TRAPPIST-1e,64.0,False,0.0,0.0,0.0,563.0,344.0,False,G,1240,P
Europa,True,55 Cancri e,36.0,False,0.0,,0.0,0.0,0.0,True,B,35,S
Earth,True,TRAPPIST-1e,36.0,False,0.0,0.0,0.0,0.0,0.0,False,,,
Earth,False,55 Cancri e,24.0,False,0.0,0.0,2433.0,0.0,53.0,True,F,768,S
Earth,False,TRAPPIST-1e,23.0,False,0.0,0.0,0.0,44.0,1721.0,False,G,984,P
Earth,False,TRAPPIST-1e,41.0,False,3.0,0.0,668.0,0.0,0.0,True,,,
Earth,False,TRAPPIST-1e,40.0,False,580.0,0.0,447.0,6.0,0.0,False,F,1521,S
Europa,False,TRAPPIST-1e,63.0,False,0.0,4286.0,18.0,4.0,872.0,True,C,65,P
Earth,False,TRAPPIST-1e,31.0,False,0.0,4334.0,55.0,56.0,,True,G,1349,P
Earth,False,PSO J318.5-22,28.0,False,0.0,18.0,0.0,0.0,674.0,True,F,870,S
,False,TRAPPIST-1e,24.0,False,0.0,0.0,17.0,0.0,793.0,False,G,430,P
Earth,False,TRAPPIST-1e,,False,14.0,809.0,25.0,54.0,,False,F,117,P
Europa,False,TRAPPIST-1e,49.0,False,0.0,1855.0,0.0,166.0,1655.0,False,E,237,S
Europa,False,55 Cancri e,7.0,False,0.0,0.0,0.0,0.0,0.0,True,E,56,S
Mars,True,TRAPPIST-1e,30.0,False,0.0,0.0,0.0,0.0,0.0,False,E,21,S
Europa,True,55 Cancri e,35.0,False,0.0,0.0,0.0,0.0,0.0,True,B,147,S
Europa,False,55 Cancri e,41.0,False,0.0,2383.0,0.0,2.0,97.0,True,C,278,S
Europa,True,55 Cancri e,25.0,False,0.0,0.0,0.0,0.0,0.0,True,B,50,S
Earth,True,55 Cancri e,2.0,False,0.0,0.0,0.0,0.0,0.0,True,G,961,S
Earth,True,55 Cancri e,1.0,False,0.0,0.0,0.0,0.0,0.0,False,G,82,P
Mars,True,TRAPPIST-1e,44.0,False,0.0,0.0,0.0,0.0,0.0,True,F,903,P
Europa,False,TRAPPIST-1e,37.0,False,0.0,210.0,0.0,4114.0,0.0,False,D,97,S
,False,TRAPPIST-1e,28.0,False,0.0,3.0,906.0,0.0,0.0,False,G,151,S
Earth,False,TRAPPIST-1e,22.0,False,753.0,0.0,0.0,0.0,0.0,False,G,1316,S
Mars,True,55 Cancri e,38.0,False,0.0,0.0,0.0,0.0,0.0,True,F,729,S
Europa,True,TRAPPIST-1e,31.0,False,0.0,0.0,0.0,0.0,0.0,True,D,213,S
Earth,False,TRAPPIST-1e,29.0,False,37.0,0.0,167.0,608.0,0.0,False,G,692,P
Earth,False,55 Cancri e,15.0,,0.0,492.0,48.0,20.0,401.0,False,F,8,S
Mars,True,TRAPPIST-1e,35.0,False,0.0,0.0,0.0,0.0,0.0,True,F,961,P
Europa,False,55 Cancri e,54.0,False,0.0,559.0,0.0,15238.0,2799.0,False,C,167,S
Europa,False,TRAPPIST-1e,28.0,False,0.0,3281.0,0.0,68.0,341.0,True,C,120,S
Europa,True,TRAPPIST-1e,35.0,False,0.0,,0.0,0.0,,True,C,178,P
Mars,True,TRAPPIST-1e,30.0,False,0.0,,0.0,0.0,0.0,True,F,1527,P
Earth,True,TRAPPIST-1e,24.0,False,0.0,0.0,0.0,0.0,0.0,True,G,19,P
Europa,True,TRAPPIST-1e,26.0,False,0.0,0.0,0.0,0.0,0.0,True,C,176,P
Europa,False,TRAPPIST-1e,31.0,False,0.0,4634.0,8.0,616.0,0.0,True,C,308,P
Europa,True,TRAPPIST-1e,40.0,False,0.0,,0.0,0.0,0.0,True,C,109,S
Earth,True,55 Cancri e,16.0,False,0.0,0.0,0.0,0.0,0.0,True,G,563,S
Mars,False,TRAPPIST-1e,27.0,False,4.0,0.0,896.0,229.0,0.0,False,F,241,S
Earth,False,PSO J318.5-22,31.0,False,11.0,0.0,0.0,1912.0,1120.0,False,F,1194,P
Europa,False,55 Cancri e,36.0,False,0.0,4967.0,82.0,1517.0,575.0,True,C,25,S
Earth,False,TRAPPIST-1e,43.0,False,698.0,94.0,0.0,0.0,0.0,True,E,588,P
Europa,False,TRAPPIST-1e,26.0,False,1.0,230.0,0.0,42.0,4030.0,False,C,58,S
Europa,False,55 Cancri e,32.0,False,0.0,225.0,0.0,3873.0,240.0,False,C,189,S
Earth,True,TRAPPIST-1e,16.0,False,0.0,0.0,0.0,0.0,0.0,True,G,536,P
Europa,True,55 Cancri e,46.0,False,0.0,0.0,0.0,0.0,0.0,True,C,36,P
Mars,,TRAPPIST-1e,4.0,False,0.0,0.0,0.0,0.0,0.0,True,F,533,P
Earth,False,55 Cancri e,33.0,False,2.0,0.0,0.0,,720.0,True,E,350,S
Earth,False,TRAPPIST-1e,31.0,False,1.0,110.0,274.0,27.0,376.0,False,E,239,S
,False,55 Cancri e,20.0,False,0.0,6.0,552.0,20.0,0.0,True,F,1473,P
Earth,False,TRAPPIST-1e,39.0,False,3030.0,79.0,0.0,0.0,0.0,False,F,1517,S
Mars,True,TRAPPIST-1e,21.0,False,0.0,0.0,0.0,0.0,0.0,True,F,1050,P
Earth,False,TRAPPIST-1e,46.0,False,784.0,0.0,0.0,0.0,4.0,False,,,
Earth,False,TRAPPIST-1e,24.0,False,0.0,0.0,6.0,685.0,0.0,False,F,322,P
Europa,True,TRAPPIST-1e,2.0,False,0.0,0.0,0.0,0.0,0.0,False,C,235,P
Europa,False,TRAPPIST-1e,77.0,False,0.0,9032.0,0.0,128.0,1464.0,True,E,196,P
Europa,False,55 Cancri e,53.0,False,0.0,864.0,49.0,39.0,2376.0,True,C,165,S
Earth,False,TRAPPIST-1e,32.0,False,0.0,0.0,0.0,768.0,3.0,False,G,101,P
Earth,False,55 Cancri e,38.0,False,2614.0,0.0,103.0,0.0,0.0,False,F,957,P
Mars,True,TRAPPIST-1e,4.0,False,0.0,,0.0,0.0,0.0,True,F,846,P
Mars,True,TRAPPIST-1e,43.0,False,0.0,0.0,0.0,0.0,0.0,True,F,97,P
Europa,False,TRAPPIST-1e,45.0,False,0.0,7484.0,465.0,14.0,610.0,True,C,175,S
Europa,True,55 Cancri e,37.0,False,0.0,0.0,0.0,,0.0,True,B,350,S
Earth,False,TRAPPIST-1e,18.0,False,0.0,0.0,0.0,1586.0,0.0,False,F,1450,S
Europa,False,TRAPPIST-1e,37.0,False,0.0,0.0,0.0,0.0,0.0,True,A,62,P
Earth,True,TRAPPIST-1e,27.0,False,0.0,0.0,0.0,0.0,0.0,True,G,698,P
Europa,True,TRAPPIST-1e,40.0,False,,0.0,0.0,0.0,0.0,True,B,13,S
Earth,True,TRAPPIST-1e,37.0,False,0.0,,0.0,0.0,0.0,True,G,838,S
Mars,True,TRAPPIST-1e,24.0,False,0.0,0.0,0.0,0.0,0.0,True,F,1136,P
Earth,True,TRAPPIST-1e,69.0,False,0.0,0.0,0.0,0.0,0.0,False,G,1275,S
Earth,False,TRAPPIST-1e,36.0,False,5.0,,896.0,0.0,1.0,True,F,680,S
Mars,False,TRAPPIST-1e,21.0,False,970.0,0.0,180.0,0.0,64.0,False,F,10,P
Earth,False,TRAPPIST-1e,24.0,False,718.0,0.0,265.0,302.0,384.0,False,E,383,P
Mars,False,55 Cancri e,,False,1172.0,11.0,3.0,0.0,4.0,False,F,93,S
Earth,True,TRAPPIST-1e,24.0,False,0.0,0.0,0.0,0.0,0.0,False,G,698,P
Europa,False,TRAPPIST-1e,14.0,False,2.0,881.0,0.0,578.0,214.0,False,D,128,S
Earth,True,TRAPPIST-1e,0.0,False,0.0,0.0,0.0,0.0,0.0,True,G,658,S
Earth,True,PSO J318.5-22,28.0,False,0.0,0.0,0.0,0.0,0.0,True,G,1434,P
,False,,43.0,,1.0,0.0,213.0,7.0,701.0,True,G,896,S
,False,TRAPPIST-1e,21.0,False,0.0,0.0,0.0,43.0,667.0,False,G,1126,P
Europa,True,TRAPPIST-1e,62.0,False,0.0,0.0,0.0,0.0,0.0,True,B,218,S
Earth,True,TRAPPIST-1e,19.0,False,0.0,0.0,0.0,0.0,0.0,False,G,112,S
Europa,False,TRAPPIST-1e,28.0,False,0.0,2674.0,1309.0,18.0,11.0,True,C,281,S
Mars,False,TRAPPIST-1e,8.0,False,0.0,0.0,0.0,0.0,0.0,True,F,533,P
Earth,True,55 Cancri e,38.0,False,,0.0,0.0,0.0,0.0,True,G,965,P
Earth,False,55 Cancri e,58.0,False,14.0,0.0,1081.0,0.0,0.0,True,F,370,P
Earth,False,,22.0,False,676.0,0.0,13.0,0.0,12.0,False,F,1788,S
Earth,False,PSO J318.5-22,24.0,False,0.0,0.0,92.0,1492.0,0.0,True,E,517,P
Europa,False,TRAPPIST-1e,41.0,False,0.0,545.0,0.0,2740.0,293.0,True,C,156,S
Earth,False,TRAPPIST-1e,23.0,False,0.0,554.0,0.0,299.0,0.0,False,G,1462,P
Europa,False,TRAPPIST-1e,79.0,False,5649.0,235.0,7.0,2579.0,2175.0,False,B,11,S
Earth,True,PSO J318.5-22,58.0,False,0.0,0.0,0.0,0.0,0.0,True,G,38,P
Earth,False,TRAPPIST-1e,24.0,False,3537.0,0.0,0.0,0.0,0.0,False,G,644,S
Mars,False,TRAPPIST-1e,37.0,False,328.0,6153.0,,26.0,820.0,False,F,274,S
,False,TRAPPIST-1e,19.0,False,1037.0,0.0,40.0,0.0,0.0,True,F,1824,P
Europa,True,55 Cancri e,43.0,False,0.0,0.0,0.0,0.0,0.0,True,E,380,P
Mars,True,TRAPPIST-1e,15.0,False,0.0,0.0,0.0,0.0,0.0,True,F,856,P
Earth,False,PSO J318.5-22,29.0,False,0.0,2.0,553.0,44.0,0.0,False,F,738,S
Earth,False,TRAPPIST-1e,30.0,False,0.0,95.0,0.0,441.0,1023.0,False,F,83,P
Earth,False,TRAPPIST-1e,37.0,False,210.0,3.0,601.0,1.0,68.0,False,G,1381,S
Europa,False,TRAPPIST-1e,28.0,False,0.0,3315.0,0.0,594.0,85.0,True,C,121,S
Europa,True,55 Cancri e,17.0,False,0.0,0.0,0.0,0.0,0.0,True,B,277,S
Earth,,PSO J318.5-22,15.0,False,0.0,0.0,873.0,0.0,5.0,True,F,899,P
Europa,False,TRAPPIST-1e,52.0,True,0.0,1429.0,0.0,1371.0,488.0,True,A,30,P
Earth,False,TRAPPIST-1e,26.0,False,0.0,,0.0,1.0,48.0,True,F,1868,P
,False,TRAPPIST-1e,19.0,False,0.0,13.0,291.0,481.0,2.0,False,E,149,P
Earth,True,TRAPPIST-1e,16.0,False,0.0,,0.0,0.0,0.0,True,G,1148,S
Europa,True,55 Cancri e,27.0,False,0.0,0.0,0.0,0.0,0.0,True,C,275,S
Earth,True,TRAPPIST-1e,2.0,False,0.0,0.0,,0.0,,True,G,730,S
Earth,False,TRAPPIST-1e,18.0,False,14.0,651.0,11.0,17.0,,False,F,717,S
Earth,False,TRAPPIST-1e,47.0,False,12.0,7.0,0.0,720.0,0.0,True,F,298,S
Mars,False,TRAPPIST-1e,0.0,False,0.0,0.0,0.0,0.0,0.0,True,F,41,P
Earth,False,55 Cancri e,4.0,False,0.0,0.0,0.0,0.0,0.0,False,G,732,S
Earth,False,TRAPPIST-1e,32.0,False,293.0,889.0,1.0,1.0,200.0,False,F,1561,S
Earth,False,55 Cancri e,41.0,False,312.0,89.0,44.0,0.0,252.0,False,F,794,P
Earth,False,TRAPPIST-1e,15.0,False,0.0,893.0,0.0,0.0,0.0,True,G,734,S
Earth,True,TRAPPIST-1e,15.0,False,0.0,0.0,0.0,0.0,0.0,True,G,884,P
Earth,False,TRAPPIST-1e,22.0,False,31.0,0.0,1.0,25.0,757.0,False,G,1293,P
Earth,True,55 Cancri e,18.0,False,0.0,0.0,0.0,0.0,,True,G,1064,S
Earth,False,TRAPPIST-1e,9.0,False,0.0,0.0,0.0,0.0,0.0,False,G,1302,S
Earth,True,TRAPPIST-1e,15.0,False,0.0,0.0,0.0,0.0,0.0,False,G,154,S
Earth,False,TRAPPIST-1e,62.0,False,1.0,153.0,197.0,0.0,460.0,False,G,6,P
Mars,False,TRAPPIST-1e,26.0,False,1946.0,4.0,4.0,0.0,623.0,False,D,43,P
Europa,True,55 Cancri e,54.0,False,0.0,0.0,0.0,0.0,0.0,True,C,228,S
Europa,True,TRAPPIST-1e,28.0,False,0.0,0.0,0.0,0.0,0.0,True,B,186,P
Mars,True,PSO J318.5-22,49.0,False,0.0,0.0,0.0,0.0,0.0,True,E,539,S
Mars,False,55 Cancri e,51.0,False,40.0,716.0,1907.0,0.0,0.0,True,F,1501,P
Earth,False,TRAPPIST-1e,22.0,False,0.0,0.0,0.0,10.0,778.0,False,E,162,S
Mars,False,PSO J318.5-22,37.0,False,295.0,1575.0,19.0,515.0,0.0,False,D,53,P
Earth,False,55 Cancri e,21.0,False,287.0,0.0,16.0,115.0,175.0,False,F,38,P
Earth,True,TRAPPIST-1e,22.0,False,0.0,0.0,0.0,0.0,,True,G,1092,S
,True,TRAPPIST-1e,35.0,False,0.0,0.0,0.0,0.0,0.0,True,F,92,S
Earth,True,TRAPPIST-1e,14.0,False,0.0,0.0,0.0,0.0,0.0,False,G,1047,P
Mars,False,55 Cancri e,0.0,,0.0,0.0,0.0,0.0,0.0,True,F,961,P
Earth,False,TRAPPIST-1e,19.0,False,380.0,0.0,416.0,0.0,8.0,False,F,1571,P
Europa,False,55 Cancri e,43.0,True,0.0,3172.0,0.0,26.0,4376.0,False,A,51,S
Earth,True,TRAPPIST-1e,30.0,False,0.0,,0.0,0.0,0.0,True,G,293,S
Europa,False,TRAPPIST-1e,31.0,True,0.0,166.0,4.0,2177.0,342.0,False,A,8,S
Earth,True,55 Cancri e,21.0,False,,0.0,0.0,0.0,0.0,False,G,296,S
Europa,False,55 Cancri e,58.0,False,0.0,226.0,0.0,5481.0,,False,C,302,S
Earth,False,TRAPPIST-1e,41.0,False,18.0,,35.0,0.0,845.0,False,F,1365,P
Mars,True,TRAPPIST-1e,21.0,False,0.0,0.0,0.0,0.0,0.0,True,F,903,S
Europa,True,55 Cancri e,47.0,False,0.0,0.0,0.0,0.0,0.0,True,C,160,P
Earth,False,55 Cancri e,24.0,False,489.0,0.0,,0.0,0.0,False,G,462,S
Mars,False,TRAPPIST-1e,31.0,False,907.0,0.0,437.0,2.0,0.0,False,F,1372,S
Earth,True,TRAPPIST-1e,1.0,False,0.0,0.0,0.0,0.0,0.0,True,G,1275,S
Mars,False,55 Cancri e,13.0,False,2244.0,31.0,507.0,0.0,142.0,False,F,841,S
Earth,False,55 Cancri e,15.0,False,0.0,0.0,,0.0,832.0,False,G,217,S
Mars,False,TRAPPIST-1e,40.0,False,76.0,0.0,1169.0,0.0,64.0,True,F,1683,S
Europa,False,TRAPPIST-1e,36.0,False,31.0,3585.0,31.0,1400.0,0.0,False,D,227,P
Earth,False,PSO J318.5-22,15.0,False,1.0,30.0,1793.0,0.0,0.0,True,G,503,P
,True,55 Cancri e,24.0,False,0.0,0.0,,0.0,0.0,True,D,6,P
Europa,False,55 Cancri e,50.0,True,0.0,5473.0,0.0,703.0,6381.0,False,B,51,S
Mars,False,TRAPPIST-1e,39.0,False,345.0,0.0,848.0,0.0,116.0,False,F,1673,S
Mars,False,TRAPPIST-1e,43.0,False,2019.0,0.0,560.0,0.0,0.0,False,D,76,S
Europa,False,TRAPPIST-1e,44.0,False,0.0,3771.0,0.0,521.0,4.0,True,C,304,S
Earth,False,TRAPPIST-1e,,False,4.0,0.0,9.0,20.0,831.0,False,F,1561,S
Earth,True,TRAPPIST-1e,31.0,False,0.0,0.0,0.0,0.0,0.0,False,G,23,P
Earth,,55 Cancri e,16.0,False,0.0,0.0,0.0,0.0,0.0,True,G,716,S
Earth,False,TRAPPIST-1e,29.0,False,0.0,43.0,693.0,0.0,0.0,True,F,1063,P
Earth,False,TRAPPIST-1e,28.0,False,0.0,16.0,496.0,318.0,0.0,False,F,1832,P
Earth,False,55 Cancri e,10.0,False,0.0,0.0,0.0,0.0,0.0,False,G,583,S
Europa,False,TRAPPIST-1e,32.0,False,0.0,419.0,0.0,1984.0,521.0,False,B,171,P
Mars,False,55 Cancri e,25.0,False,5.0,1.0,633.0,0.0,188.0,True,D,103,S
Earth,,PSO J318.5-22,13.0,False,0.0,0.0,0.0,0.0,0.0,True,G,661,P
Europa,True,55 Cancri e,29.0,False,0.0,0.0,0.0,0.0,0.0,True,B,62,S
Earth,False,55 Cancri e,12.0,False,0.0,0.0,0.0,0.0,,True,G,1015,P
Europa,True,TRAPPIST-1e,26.0,False,0.0,0.0,0.0,0.0,0.0,True,D,107,P
Europa,False,55 Cancri e,39.0,False,2.0,15450.0,336.0,1.0,904.0,True,D,251,P
Mars,False,TRAPPIST-1e,8.0,False,0.0,0.0,0.0,0.0,0.0,True,E,385,P
Earth,False,PSO J318.5-22,6.0,False,0.0,0.0,0.0,0.0,0.0,False,G,636,P
Earth,False,TRAPPIST-1e,0.0,False,0.0,0.0,0.0,0.0,0.0,True,F,1808,P
Earth,False,TRAPPIST-1e,24.0,False,0.0,464.0,321.0,0.0,90.0,True,F,981,S
Earth,True,PSO J318.5-22,31.0,False,0.0,0.0,0.0,0.0,0.0,True,G,534,P
,True,TRAPPIST-1e,14.0,False,0.0,0.0,0.0,0.0,0.0,True,G,508,S
Earth,False,TRAPPIST-1e,23.0,False,0.0,1.0,51.0,1711.0,219.0,False,F,1633,S
Europa,False,TRAPPIST-1e,60.0,True,1891.0,640.0,0.0,360.0,52.0,True,C,68,S
Earth,False,TRAPPIST-1e,21.0,False,330.0,11.0,0.0,0.0,398.0,False,F,670,P
Earth,True,PSO J318.5-22,28.0,False,0.0,0.0,,0.0,0.0,False,G,76,P
Europa,False,55 Cancri e,28.0,False,6.0,3392.0,3944.0,987.0,0.0,True,C,271,S
Mars,True,TRAPPIST-1e,20.0,False,0.0,0.0,0.0,0.0,0.0,True,F,1236,S
Earth,False,PSO J318.5-22,53.0,False,90.0,29.0,102.0,244.0,56.0,False,G,1321,P
Earth,True,TRAPPIST-1e,45.0,False,0.0,0.0,,0.0,0.0,True,G,1100,P
Mars,False,TRAPPIST-1e,20.0,False,0.0,0.0,0.0,0.0,0.0,False,E,44,S
Earth,False,TRAPPIST-1e,44.0,False,0.0,121.0,0.0,748.0,0.0,False,F,935,P
Earth,False,55 Cancri e,26.0,False,7.0,751.0,0.0,38.0,0.0,True,F,986,S
Earth,True,TRAPPIST-1e,18.0,False,0.0,0.0,0.0,0.0,0.0,False,G,1344,P
Earth,False,TRAPPIST-1e,,False,0.0,86.0,0.0,252.0,570.0,False,G,358,S
Earth,True,55 Cancri e,17.0,False,0.0,0.0,0.0,0.0,0.0,True,G,707,S
Earth,,TRAPPIST-1e,47.0,False,0.0,14.0,0.0,2330.0,0.0,False,G,1283,S
Earth,False,TRAPPIST-1e,40.0,False,813.0,0.0,473.0,236.0,0.0,True,E,105,P
Earth,False,PSO J318.5-22,22.0,False,479.0,34.0,0.0,29.0,4.0,False,F,1018,P
Earth,False,55 Cancri e,0.0,False,0.0,0.0,0.0,0.0,0.0,True,G,950,P
Earth,False,TRAPPIST-1e,18.0,False,761.0,21.0,27.0,0.0,0.0,True,G,1235,S
Earth,True,TRAPPIST-1e,2.0,False,0.0,0.0,0.0,0.0,0.0,True,G,994,S
Mars,False,TRAPPIST-1e,37.0,True,2771.0,0.0,6.0,1.0,10.0,False,D,227,S
Europa,False,TRAPPIST-1e,34.0,False,0.0,3636.0,0.0,70.0,27.0,True,A,88,P
Europa,True,55 Cancri e,15.0,False,0.0,0.0,0.0,0.0,0.0,True,B,286,S
Earth,True,55 Cancri e,30.0,False,0.0,0.0,,0.0,0.0,False,G,1,P
Earth,True,TRAPPIST-1e,23.0,False,0.0,0.0,0.0,0.0,0.0,False,G,946,P
Mars,,TRAPPIST-1e,24.0,False,2538.0,0.0,61.0,0.0,0.0,False,F,448,P
Earth,True,55 Cancri e,17.0,False,0.0,0.0,0.0,0.0,0.0,True,G,685,S
Earth,True,PSO J318.5-22,25.0,False,0.0,0.0,0.0,0.0,0.0,True,G,373,S
Earth,False,TRAPPIST-1e,27.0,False,1.0,30.0,739.0,0.0,33.0,True,F,1619,S
Earth,True,TRAPPIST-1e,13.0,False,0.0,0.0,0.0,0.0,0.0,False,G,13,S
Earth,False,TRAPPIST-1e,21.0,False,90.0,0.0,817.0,0.0,0.0,False,G,1281,P
Earth,False,TRAPPIST-1e,21.0,False,3.0,34.0,600.0,0.0,8.0,False,F,836,P
Mars,False,TRAPPIST-1e,50.0,False,357.0,0.0,657.0,0.0,0.0,False,E,175,P
Europa,False,TRAPPIST-1e,27.0,False,0.0,18481.0,0.0,2.0,3875.0,True,C,113,P
Earth,True,PSO J318.5-22,25.0,False,0.0,0.0,0.0,0.0,0.0,False,G,356,P
Earth,False,PSO J318.5-22,37.0,False,0.0,10.0,544.0,9.0,299.0,False,F,87,S
Earth,False,55 Cancri e,52.0,False,0.0,0.0,638.0,115.0,0.0,True,F,1605,S
Europa,False,55 Cancri e,26.0,False,26.0,4587.0,0.0,102.0,0.0,True,B,65,P
Earth,True,TRAPPIST-1e,2.0,False,0.0,0.0,0.0,0.0,0.0,False,G,440,P
Europa,True,TRAPPIST-1e,53.0,False,0.0,0.0,0.0,0.0,0.0,True,D,49,S
Earth,False,55 Cancri e,8.0,False,0.0,0.0,0.0,0.0,0.0,True,G,1006,S
Europa,False,TRAPPIST-1e,57.0,False,0.0,3859.0,13.0,195.0,3874.0,False,C,123,P
Earth,False,TRAPPIST-1e,22.0,False,0.0,442.0,0.0,0.0,368.0,True,F,269,S
Earth,False,TRAPPIST-1e,29.0,False,272.0,615.0,0.0,0.0,1.0,False,G,42,P
Europa,False,TRAPPIST-1e,60.0,False,0.0,5998.0,0.0,4794.0,8.0,False,C,268,P
Earth,False,PSO J318.5-22,53.0,False,0.0,1.0,0.0,195.0,493.0,True,E,190,S
Earth,True,55 Cancri e,24.0,False,0.0,0.0,0.0,0.0,0.0,True,G,802,S
Earth,,TRAPPIST-1e,18.0,False,0.0,0.0,0.0,0.0,0.0,False,G,438,S
Europa,True,TRAPPIST-1e,70.0,False,0.0,0.0,0.0,0.0,0.0,True,B,135,S
Earth,False,PSO J318.5-22,26.0,False,6.0,0.0,400.0,2.0,373.0,False,G,553,S
Mars,False,TRAPPIST-1e,30.0,False,176.0,0.0,2310.0,0.0,,True,F,867,P
Earth,False,TRAPPIST-1e,13.0,False,0.0,0.0,31.0,0.0,810.0,True,E,183,P
Mars,False,TRAPPIST-1e,34.0,True,38.0,0.0,606.0,0.0,404.0,False,E,321,P
Earth,True,PSO J318.5-22,4.0,False,0.0,0.0,0.0,0.0,0.0,True,G,734,S
Europa,True,55 Cancri e,22.0,False,0.0,0.0,0.0,0.0,0.0,True,B,66,P
Earth,False,TRAPPIST-1e,59.0,False,0.0,0.0,1.0,920.0,1.0,True,G,454,S
Earth,False,,37.0,False,221.0,0.0,32.0,38.0,516.0,False,G,486,P
Earth,False,TRAPPIST-1e,30.0,False,1120.0,0.0,0.0,0.0,794.0,False,F,950,S
Europa,False,TRAPPIST-1e,42.0,False,0.0,1871.0,0.0,570.0,199.0,False,C,181,P
Europa,False,TRAPPIST-1e,29.0,False,0.0,2509.0,0.0,16.0,698.0,True,B,62,S
Europa,False,PSO J318.5-22,62.0,True,0.0,4513.0,0.0,85.0,1437.0,True,C,119,S
Europa,True,55 Cancri e,39.0,False,0.0,0.0,0.0,0.0,0.0,True,C,137,S
Earth,False,TRAPPIST-1e,17.0,False,99.0,516.0,1967.0,0.0,6.0,True,F,1505,S
Earth,False,TRAPPIST-1e,8.0,,0.0,0.0,0.0,0.0,0.0,False,G,1368,P
Europa,False,55 Cancri e,37.0,False,18.0,2669.0,0.0,1229.0,,False,A,81,P
Europa,True,55 Cancri e,25.0,False,0.0,0.0,0.0,0.0,0.0,True,C,302,P
Europa,False,55 Cancri e,38.0,False,0.0,439.0,0.0,434.0,10074.0,False,C,168,P
Mars,True,TRAPPIST-1e,34.0,False,0.0,0.0,,0.0,0.0,True,E,412,S
Mars,False,TRAPPIST-1e,0.0,False,0.0,0.0,0.0,0.0,0.0,True,F,262,S
Europa,True,55 Cancri e,65.0,False,0.0,0.0,0.0,0.0,0.0,True,B,337,S
Europa,True,55 Cancri e,32.0,False,0.0,0.0,0.0,0.0,0.0,True,B,32,S
Mars,False,TRAPPIST-1e,32.0,False,2937.0,60.0,696.0,0.0,0.0,False,F,1294,S
Earth,True,PSO J318.5-22,43.0,False,0.0,0.0,0.0,,0.0,False,G,266,P
Earth,False,TRAPPIST-1e,34.0,False,14.0,748.0,0.0,41.0,0.0,True,F,1704,S
Europa,True,TRAPPIST-1e,28.0,False,0.0,,0.0,0.0,0.0,True,B,130,S
Earth,False,55 Cancri e,24.0,False,0.0,0.0,0.0,734.0,21.0,False,G,784,P
Earth,False,TRAPPIST-1e,16.0,False,43.0,0.0,0.0,1893.0,119.0,False,F,983,S
Mars,False,55 Cancri e,51.0,False,324.0,0.0,563.0,119.0,0.0,False,D,272,S
Europa,False,55 Cancri e,24.0,False,145.0,4224.0,0.0,5.0,61.0,True,C,285,S
Earth,False,TRAPPIST-1e,40.0,False,151.0,0.0,713.0,0.0,0.0,True,E,322,P
Europa,True,TRAPPIST-1e,,False,0.0,0.0,0.0,0.0,0.0,True,D,125,S
Earth,False,55 Cancri e,16.0,False,2.0,511.0,0.0,0.0,1578.0,False,F,1322,P
Mars,False,TRAPPIST-1e,45.0,False,1781.0,0.0,17.0,0.0,23.0,False,F,1395,S
Earth,False,,40.0,False,0.0,0.0,0.0,7.0,782.0,False,E,478,P
Earth,True,TRAPPIST-1e,11.0,False,0.0,0.0,0.0,0.0,0.0,False,G,330,P
Earth,False,TRAPPIST-1e,23.0,False,13.0,12.0,0.0,762.0,0.0,True,F,99,S
Earth,True,PSO J318.5-22,16.0,False,0.0,0.0,0.0,0.0,,True,G,733,P
Europa,False,TRAPPIST-1e,51.0,False,0.0,980.0,273.0,2775.0,419.0,False,B,240,P
Earth,True,TRAPPIST-1e,23.0,False,0.0,0.0,0.0,0.0,0.0,True,G,214,P
Earth,False,TRAPPIST-1e,11.0,False,0.0,0.0,0.0,0.0,0.0,False,G,974,P
Earth,False,55 Cancri e,20.0,False,0.0,11.0,0.0,136.0,1088.0,False,F,182,S
Mars,False,PSO J318.5-22,33.0,False,33.0,397.0,354.0,,0.0,False,D,116,S
Earth,True,TRAPPIST-1e,17.0,False,0.0,0.0,0.0,0.0,0.0,False,G,650,P
Europa,True,TRAPPIST-1e,25.0,False,0.0,0.0,0.0,0.0,0.0,True,B,178,S
Earth,False,TRAPPIST-1e,11.0,False,0.0,0.0,0.0,0.0,0.0,True,G,546,S
Earth,False,TRAPPIST-1e,30.0,False,27.0,5412.0,86.0,,0.0,True,G,380,S
Mars,False,TRAPPIST-1e,0.0,False,0.0,0.0,0.0,0.0,0.0,True,F,152,S
Earth,False,55 Cancri e,60.0,False,0.0,0.0,0.0,0.0,,False,F,955,P
Earth,True,TRAPPIST-1e,16.0,False,0.0,0.0,0.0,0.0,0.0,False,G,1049,P
Earth,True,TRAPPIST-1e,1.0,False,0.0,0.0,0.0,0.0,0.0,True,G,1046,S
Earth,False,TRAPPIST-1e,20.0,False,0.0,0.0,4.0,9.0,773.0,False,G,156,S
Earth,False,TRAPPIST-1e,38.0,False,0.0,0.0,0.0,0.0,0.0,False,G,131,S
Mars,False,TRAPPIST-1e,34.0,False,5959.0,0.0,3.0,0.0,0.0,False,F,1508,P
Europa,False,TRAPPIST-1e,18.0,False,0.0,3770.0,0.0,287.0,3491.0,False,C,169,P
Earth,True,PSO J318.5-22,20.0,False,0.0,0.0,0.0,0.0,0.0,True,G,1137,S
Earth,False,TRAPPIST-1e,17.0,False,0.0,656.0,295.0,0.0,35.0,False,E,286,P
Earth,False,55 Cancri e,49.0,False,84.0,3.0,401.0,202.0,98.0,False,E,8,P
Europa,False,55 Cancri e,57.0,False,200.0,9.0,0.0,,24133.0,False,B,230,S
Earth,False,TRAPPIST-1e,52.0,False,1.0,13.0,3.0,0.0,700.0,False,F,913,S
Earth,False,TRAPPIST-1e,30.0,False,488.0,0.0,242.0,0.0,79.0,False,G,696,P
Mars,True,55 Cancri e,17.0,False,0.0,0.0,0.0,0.0,0.0,True,F,564,P
Earth,True,TRAPPIST-1e,37.0,False,0.0,0.0,0.0,0.0,0.0,False,G,1192,P
Europa,,TRAPPIST-1e,17.0,False,0.0,0.0,0.0,0.0,0.0,True,B,130,S
Earth,True,PSO J318.5-22,1.0,False,0.0,0.0,,0.0,0.0,True,G,215,P
Europa,True,TRAPPIST-1e,25.0,True,0.0,0.0,0.0,0.0,0.0,True,C,323,S
Mars,False,TRAPPIST-1e,60.0,False,51.0,10.0,754.0,1412.0,137.0,False,F,1150,P
Europa,False,55 Cancri e,25.0,False,0.0,145.0,1359.0,492.0,205.0,False,A,92,P
Earth,False,PSO J318.5-22,24.0,False,160.0,20.0,39.0,552.0,1.0,False,G,924,P
Earth,True,55 Cancri e,20.0,False,0.0,0.0,0.0,0.0,0.0,False,G,1315,P
Earth,False,TRAPPIST-1e,18.0,False,325.0,0.0,477.0,50.0,5.0,False,F,814,P
,,TRAPPIST-1e,24.0,False,0.0,82.0,0.0,1624.0,77.0,False,D,241,P
Earth,False,TRAPPIST-1e,24.0,False,61.0,397.0,185.0,1.0,0.0,True,F,1470,P
Earth,False,TRAPPIST-1e,36.0,False,0.0,10.0,0.0,0.0,,False,F,672,S
Earth,True,TRAPPIST-1e,18.0,False,0.0,0.0,0.0,0.0,0.0,True,G,572,S
Europa,,,33.0,False,0.0,0.0,0.0,,0.0,True,C,237,P
Earth,False,TRAPPIST-1e,19.0,False,0.0,28.0,62.0,24.0,1686.0,False,G,1239,P
Mars,True,TRAPPIST-1e,61.0,False,0.0,0.0,0.0,0.0,0.0,True,F,82,P
Mars,True,TRAPPIST-1e,52.0,False,0.0,0.0,0.0,0.0,0.0,True,F,1195,S
Earth,False,55 Cancri e,17.0,False,0.0,33.0,0.0,56.0,708.0,False,F,554,P
Europa,True,TRAPPIST-1e,29.0,False,0.0,0.0,0.0,0.0,0.0,True,B,291,P
Earth,False,TRAPPIST-1e,20.0,False,810.0,0.0,0.0,0.0,0.0,False,G,1047,S
Europa,False,TRAPPIST-1e,28.0,False,0.0,,0.0,6.0,9837.0,False,C,234,S
Europa,True,TRAPPIST-1e,51.0,False,0.0,0.0,0.0,0.0,0.0,True,E,588,S
Mars,False,TRAPPIST-1e,17.0,False,,0.0,38.0,0.0,2.0,False,D,155,P
Europa,False,55 Cancri e,27.0,,1.0,12804.0,0.0,10.0,52.0,True,C,32,P
Earth,False,TRAPPIST-1e,56.0,False,0.0,335.0,532.0,15.0,26.0,False,G,541,P
Earth,True,PSO J318.5-22,16.0,False,0.0,0.0,0.0,0.0,0.0,True,G,612,S
Earth,False,TRAPPIST-1e,24.0,False,215.0,0.0,0.0,0.0,350.0,False,F,1171,P
Mars,True,,33.0,False,0.0,0.0,0.0,0.0,0.0,True,F,1779,S
Europa,False,TRAPPIST-1e,27.0,False,279.0,605.0,3374.0,286.0,3.0,True,A,1,S
Europa,False,TRAPPIST-1e,56.0,False,0.0,13561.0,0.0,2.0,4088.0,True,B,217,P
Mars,False,TRAPPIST-1e,47.0,False,2044.0,0.0,95.0,0.0,120.0,False,F,814,S
Mars,,TRAPPIST-1e,45.0,False,48.0,1652.0,761.0,138.0,0.0,False,F,702,S
Mars,True,TRAPPIST-1e,35.0,False,0.0,0.0,,0.0,0.0,True,F,1279,S
Earth,False,TRAPPIST-1e,42.0,False,399.0,75.0,38.0,771.0,0.0,False,F,393,S
Earth,False,TRAPPIST-1e,26.0,,758.0,17.0,11.0,0.0,0.0,False,G,249,P
Mars,False,TRAPPIST-1e,45.0,False,878.0,0.0,430.0,0.0,0.0,False,F,1059,P
Europa,True,55 Cancri e,32.0,False,0.0,0.0,0.0,0.0,0.0,True,B,177,P
Earth,True,PSO J318.5-22,21.0,False,0.0,0.0,0.0,0.0,0.0,False,G,729,P
Earth,False,TRAPPIST-1e,41.0,False,0.0,0.0,0.0,0.0,908.0,False,G,1214,P
Earth,False,TRAPPIST-1e,22.0,False,0.0,0.0,0.0,739.0,29.0,False,G,586,P
Earth,True,TRAPPIST-1e,,False,0.0,,0.0,0.0,0.0,False,G,1026,P
Earth,False,TRAPPIST-1e,24.0,False,290.0,64.0,413.0,35.0,0.0,True,F,1009,S
Earth,False,TRAPPIST-1e,12.0,False,0.0,0.0,0.0,0.0,0.0,True,,,
Earth,False,TRAPPIST-1e,6.0,False,0.0,0.0,0.0,0.0,0.0,True,G,994,S
Earth,False,55 Cancri e,29.0,False,0.0,10.0,0.0,0.0,715.0,False,F,733,P
Europa,True,55 Cancri e,60.0,False,0.0,0.0,0.0,0.0,0.0,True,D,68,P
Mars,True,TRAPPIST-1e,23.0,False,0.0,0.0,0.0,0.0,0.0,True,E,586,P
Mars,False,TRAPPIST-1e,25.0,False,948.0,0.0,1.0,170.0,0.0,False,F,1118,P
Earth,False,55 Cancri e,23.0,False,1.0,26.0,1908.0,318.0,0.0,True,F,1776,P
Mars,False,TRAPPIST-1e,30.0,False,699.0,0.0,600.0,0.0,0.0,False,E,595,P
Mars,False,TRAPPIST-1e,47.0,False,378.0,0.0,117.0,1147.0,132.0,False,F,688,P
Earth,False,TRAPPIST-1e,34.0,,0.0,0.0,0.0,156.0,620.0,False,F,1503,S
Europa,False,TRAPPIST-1e,,False,0.0,2.0,64.0,139.0,3831.0,False,E,378,S
Earth,False,TRAPPIST-1e,35.0,False,3.0,0.0,651.0,0.0,78.0,True,F,1356,S
Mars,False,TRAPPIST-1e,10.0,False,0.0,0.0,0.0,0.0,,True,F,151,S
Earth,False,TRAPPIST-1e,15.0,False,0.0,2347.0,0.0,380.0,0.0,True,F,434,S
Mars,True,TRAPPIST-1e,23.0,False,0.0,0.0,0.0,0.0,0.0,False,E,564,P
Earth,True,TRAPPIST-1e,24.0,False,0.0,0.0,0.0,0.0,0.0,False,,,
Earth,True,TRAPPIST-1e,28.0,False,0.0,0.0,0.0,0.0,0.0,False,G,1266,S
Earth,False,55 Cancri e,26.0,False,386.0,0.0,74.0,0.0,1330.0,False,G,51,P
Europa,False,55 Cancri e,47.0,False,16.0,2127.0,1487.0,0.0,196.0,True,C,60,S
Earth,False,TRAPPIST-1e,44.0,False,22.0,1.0,0.0,864.0,0.0,False,G,776,P
Earth,False,TRAPPIST-1e,24.0,False,0.0,,594.0,95.0,0.0,True,F,1680,S
Europa,True,55 Cancri e,37.0,False,0.0,0.0,0.0,0.0,0.0,True,C,91,S
Earth,False,PSO J318.5-22,32.0,False,0.0,0.0,736.0,0.0,0.0,False,F,602,P
Mars,False,TRAPPIST-1e,32.0,False,2.0,416.0,26.0,510.0,0.0,False,E,159,S
Mars,True,TRAPPIST-1e,16.0,False,0.0,0.0,0.0,0.0,0.0,True,D,124,P
Mars,False,PSO J318.5-22,35.0,False,1248.0,0.0,55.0,12.0,0.0,True,F,142,S
Earth,True,TRAPPIST-1e,19.0,False,0.0,0.0,0.0,0.0,0.0,True,G,149,P
Earth,False,TRAPPIST-1e,44.0,False,0.0,0.0,2036.0,2.0,1.0,True,F,1744,P
Mars,True,TRAPPIST-1e,18.0,False,0.0,0.0,0.0,0.0,0.0,True,F,466,S
Earth,False,TRAPPIST-1e,21.0,False,2.0,447.0,81.0,74.0,,False,F,197,S
Mars,True,55 Cancri e,36.0,False,0.0,0.0,0.0,,0.0,True,F,710,P
Mars,True,TRAPPIST-1e,64.0,False,0.0,0.0,0.0,0.0,0.0,True,F,372,P
Europa,False,TRAPPIST-1e,29.0,False,0.0,0.0,0.0,0.0,0.0,True,B,263,P
Mars,False,TRAPPIST-1e,21.0,False,3148.0,0.0,1.0,0.0,0.0,False,F,882,S
Earth,False,TRAPPIST-1e,24.0,False,0.0,,3.0,797.0,5.0,False,F,1352,S
Earth,False,55 Cancri e,24.0,,0.0,30.0,835.0,0.0,0.0,True,E,369,P
Earth,True,TRAPPIST-1e,22.0,False,0.0,0.0,0.0,0.0,,False,G,288,S
Europa,False,55 Cancri e,39.0,False,5645.0,132.0,0.0,1.0,1814.0,False,C,174,P
Earth,False,TRAPPIST-1e,20.0,False,227.0,0.0,1.0,0.0,707.0,False,F,1799,P
Europa,False,TRAPPIST-1e,33.0,False,0.0,2491.0,6.0,1173.0,1059.0,False,B,11,S
Europa,False,TRAPPIST-1e,29.0,False,0.0,7164.0,0.0,58.0,1.0,True,,,
Europa,True,55 Cancri e,48.0,False,0.0,0.0,0.0,0.0,0.0,True,B,178,S
Earth,True,PSO J318.5-22,25.0,False,0.0,0.0,0.0,0.0,0.0,False,G,109,P
Mars,True,TRAPPIST-1e,32.0,False,0.0,0.0,0.0,0.0,0.0,False,E,220,P
Earth,False,TRAPPIST-1e,33.0,False,127.0,745.0,9.0,0.0,0.0,True,G,895,S
Earth,False,TRAPPIST-1e,28.0,False,89.0,3.0,571.0,258.0,0.0,False,F,1075,P
Mars,False,TRAPPIST-1e,8.0,False,0.0,0.0,0.0,0.0,0.0,True,F,211,P
Earth,False,TRAPPIST-1e,20.0,False,1.0,52.0,533.0,0.0,1022.0,False,E,205,P
Earth,False,TRAPPIST-1e,37.0,False,63.0,0.0,0.0,0.0,661.0,False,F,1704,S
Earth,False,TRAPPIST-1e,20.0,False,0.0,409.0,994.0,215.0,0.0,False,E,139,P
Earth,False,TRAPPIST-1e,25.0,False,0.0,9.0,2005.0,0.0,5.0,True,F,552,S
Mars,False,TRAPPIST-1e,35.0,False,4608.0,0.0,926.0,382.0,0.0,False,F,967,S
Mars,True,55 Cancri e,17.0,False,0.0,0.0,0.0,0.0,0.0,True,F,1126,P
Earth,False,TRAPPIST-1e,27.0,False,0.0,0.0,2.0,994.0,0.0,False,E,564,S
Earth,True,55 Cancri e,27.0,False,0.0,0.0,,0.0,,True,G,1427,S
Earth,False,TRAPPIST-1e,10.0,False,0.0,0.0,0.0,0.0,0.0,True,G,1388,S
Earth,False,TRAPPIST-1e,22.0,False,19.0,9.0,0.0,0.0,594.0,True,G,913,S
Earth,False,TRAPPIST-1e,53.0,False,627.0,32.0,0.0,0.0,37.0,False,F,1309,P
Earth,False,TRAPPIST-1e,24.0,False,4.0,314.0,0.0,0.0,428.0,False,F,795,P
Earth,True,TRAPPIST-1e,27.0,False,0.0,0.0,0.0,0.0,0.0,True,G,827,P
Earth,False,PSO J318.5-22,42.0,False,1188.0,39.0,3.0,3.0,0.0,False,F,1172,P
Earth,False,TRAPPIST-1e,22.0,False,624.0,0.0,0.0,0.0,185.0,False,G,344,P
Earth,False,TRAPPIST-1e,25.0,False,141.0,3.0,640.0,0.0,100.0,False,G,724,P
Earth,False,,21.0,False,1.0,0.0,143.0,558.0,1.0,False,F,969,S
Earth,False,TRAPPIST-1e,54.0,False,0.0,0.0,5.0,1268.0,26.0,False,F,1532,S
Earth,True,TRAPPIST-1e,15.0,False,0.0,0.0,0.0,0.0,0.0,False,G,903,P
Mars,False,55 Cancri e,33.0,False,1914.0,5.0,0.0,0.0,228.0,True,D,266,P
Earth,False,TRAPPIST-1e,3.0,False,0.0,0.0,0.0,0.0,0.0,True,G,857,P
Earth,False,TRAPPIST-1e,44.0,,0.0,131.0,267.0,554.0,0.0,False,F,189,S
Earth,False,55 Cancri e,23.0,False,253.0,0.0,1175.0,3.0,,False,F,1105,P
Earth,,TRAPPIST-1e,65.0,False,43.0,21.0,22.0,50.0,731.0,False,F,1485,P
Earth,False,TRAPPIST-1e,0.0,False,0.0,0.0,0.0,0.0,0.0,True,G,630,S
Earth,False,TRAPPIST-1e,52.0,False,2.0,46.0,800.0,0.0,773.0,False,E,436,P
Europa,False,TRAPPIST-1e,24.0,False,3.0,2910.0,0.0,112.0,36.0,True,D,267,S
Europa,False,TRAPPIST-1e,59.0,False,0.0,16521.0,0.0,323.0,0.0,True,C,16,P
Mars,False,55 Cancri e,52.0,False,,0.0,262.0,1425.0,571.0,False,F,1540,S
Europa,False,TRAPPIST-1e,31.0,False,417.0,,7185.0,562.0,792.0,True,E,26,P
Europa,False,55 Cancri e,56.0,False,53.0,3033.0,0.0,140.0,6102.0,False,C,320,S
Earth,True,TRAPPIST-1e,13.0,False,0.0,0.0,,0.0,0.0,False,G,278,P
Europa,False,TRAPPIST-1e,36.0,True,530.0,5085.0,1.0,146.0,872.0,True,C,22,S
Earth,False,TRAPPIST-1e,21.0,False,0.0,13.0,813.0,0.0,0.0,True,G,1093,P
Earth,False,TRAPPIST-1e,25.0,False,0.0,0.0,0.0,6.0,1989.0,False,F,1838,P
Earth,False,TRAPPIST-1e,42.0,False,0.0,0.0,8.0,3409.0,0.0,False,F,1030,S
Earth,True,TRAPPIST-1e,26.0,False,0.0,0.0,0.0,0.0,0.0,True,G,733,S
Earth,True,PSO J318.5-22,32.0,False,0.0,0.0,0.0,0.0,0.0,True,G,1108,P
Mars,False,TRAPPIST-1e,47.0,False,1037.0,0.0,258.0,4.0,0.0,False,E,251,S
Earth,False,55 Cancri e,1.0,False,0.0,0.0,0.0,0.0,0.0,False,G,37,P
Earth,False,TRAPPIST-1e,27.0,False,0.0,55.0,0.0,740.0,85.0,False,F,1622,P
Earth,False,TRAPPIST-1e,23.0,False,0.0,567.0,896.0,0.0,122.0,False,F,279,P
Earth,True,TRAPPIST-1e,22.0,False,0.0,0.0,0.0,0.0,0.0,True,G,1230,S
Earth,True,PSO J318.5-22,21.0,False,0.0,0.0,0.0,0.0,0.0,True,G,613,P
Earth,False,TRAPPIST-1e,16.0,False,0.0,20.0,0.0,300.0,681.0,False,F,601,P
,False,TRAPPIST-1e,13.0,False,1144.0,0.0,6.0,0.0,0.0,False,F,1320,P
Europa,False,TRAPPIST-1e,30.0,False,0.0,95.0,0.0,1202.0,5558.0,False,C,173,P
Earth,True,TRAPPIST-1e,23.0,False,0.0,0.0,0.0,0.0,0.0,True,G,1119,S
Earth,True,55 Cancri e,3.0,False,0.0,0.0,0.0,0.0,0.0,True,G,803,P
Mars,False,55 Cancri e,23.0,False,49.0,0.0,2716.0,0.0,0.0,True,D,147,P
Mars,True,TRAPPIST-1e,35.0,False,0.0,0.0,0.0,0.0,0.0,True,F,393,P
Earth,False,TRAPPIST-1e,62.0,False,0.0,592.0,164.0,0.0,0.0,True,G,1416,P
Europa,False,TRAPPIST-1e,52.0,True,0.0,7452.0,0.0,1158.0,7979.0,False,B,102,P
Europa,True,55 Cancri e,43.0,False,0.0,0.0,0.0,0.0,0.0,True,B,120,S
Mars,True,TRAPPIST-1e,10.0,False,0.0,0.0,0.0,0.0,0.0,True,F,248,S
Earth,False,TRAPPIST-1e,37.0,False,0.0,0.0,0.0,0.0,0.0,True,G,1127,S
Europa,False,TRAPPIST-1e,28.0,False,0.0,1310.0,0.0,221.0,6064.0,False,E,130,S
Europa,False,TRAPPIST-1e,21.0,False,4.0,,137.0,1640.0,455.0,False,B,144,S
Europa,True,TRAPPIST-1e,29.0,False,0.0,0.0,0.0,0.0,0.0,True,B,117,P
Europa,False,55 Cancri e,23.0,False,0.0,395.0,0.0,6.0,,False,C,307,S
Europa,False,TRAPPIST-1e,14.0,False,0.0,946.0,0.0,7860.0,384.0,False,,,
Earth,True,TRAPPIST-1e,14.0,False,0.0,0.0,0.0,0.0,0.0,False,G,299,S
Mars,False,TRAPPIST-1e,35.0,False,750.0,0.0,0.0,0.0,1065.0,False,F,1218,P
Europa,False,TRAPPIST-1e,60.0,False,0.0,307.0,0.0,484.0,1967.0,False,E,475,P
Earth,True,TRAPPIST-1e,22.0,False,0.0,0.0,0.0,0.0,0.0,True,G,668,S
Europa,True,55 Cancri e,54.0,False,0.0,0.0,0.0,0.0,0.0,True,C,119,P
Europa,True,55 Cancri e,27.0,False,0.0,0.0,0.0,0.0,0.0,True,B,115,P
Mars,False,TRAPPIST-1e,25.0,False,519.0,0.0,284.0,0.0,0.0,False,D,127,P
Earth,,TRAPPIST-1e,28.0,False,0.0,0.0,0.0,0.0,0.0,True,G,1234,P
Mars,False,TRAPPIST-1e,54.0,False,1763.0,0.0,11.0,0.0,0.0,False,F,1653,S
Mars,False,TRAPPIST-1e,20.0,False,489.0,126.0,663.0,214.0,0.0,False,F,1131,P
Earth,False,TRAPPIST-1e,35.0,False,858.0,10.0,16.0,0.0,0.0,False,G,1027,P
Europa,True,55 Cancri e,39.0,False,0.0,0.0,0.0,0.0,0.0,True,C,133,S
Mars,False,PSO J318.5-22,31.0,True,629.0,0.0,0.0,150.0,0.0,False,D,25,P
Mars,True,,38.0,False,0.0,0.0,0.0,0.0,0.0,True,F,688,P
Europa,,55 Cancri e,32.0,True,65.0,,0.0,88.0,9811.0,False,C,282,P
Earth,False,PSO J318.5-22,47.0,False,97.0,418.0,126.0,25.0,55.0,False,G,23,S
Mars,False,TRAPPIST-1e,53.0,False,78.0,85.0,859.0,0.0,0.0,True,E,418,S
Earth,False,TRAPPIST-1e,15.0,False,,2.0,15.0,5.0,842.0,False,F,782,S
Europa,False,55 Cancri e,10.0,False,0.0,0.0,0.0,0.0,0.0,True,B,117,S
Mars,True,TRAPPIST-1e,26.0,False,0.0,0.0,,0.0,0.0,True,F,1493,S
Earth,True,TRAPPIST-1e,12.0,False,0.0,0.0,0.0,0.0,0.0,True,G,943,S
Mars,False,TRAPPIST-1e,36.0,False,1103.0,3.0,0.0,0.0,659.0,False,D,240,P
Europa,False,,50.0,False,0.0,1338.0,0.0,40.0,6178.0,False,B,158,P
Earth,False,TRAPPIST-1e,21.0,False,0.0,0.0,114.0,2.0,683.0,False,F,1458,S
Mars,False,TRAPPIST-1e,7.0,False,0.0,0.0,0.0,0.0,0.0,True,F,716,S
Europa,True,TRAPPIST-1e,44.0,False,0.0,0.0,0.0,0.0,0.0,True,B,92,P
Europa,False,TRAPPIST-1e,41.0,False,3103.0,3.0,0.0,31.0,26.0,False,D,32,S
Earth,True,PSO J318.5-22,22.0,False,0.0,0.0,0.0,0.0,0.0,False,G,284,P
Mars,True,TRAPPIST-1e,26.0,False,0.0,0.0,0.0,0.0,0.0,True,F,1454,S
Earth,False,TRAPPIST-1e,16.0,False,507.0,0.0,0.0,0.0,,False,F,196,S
,True,TRAPPIST-1e,21.0,False,0.0,0.0,0.0,0.0,0.0,True,F,664,S
Earth,,TRAPPIST-1e,32.0,False,0.0,0.0,0.0,0.0,0.0,True,G,1490,S
Earth,True,PSO J318.5-22,53.0,False,0.0,,0.0,0.0,0.0,False,G,378,S
Earth,False,TRAPPIST-1e,13.0,False,0.0,2.0,0.0,566.0,208.0,False,F,498,P
Earth,False,55 Cancri e,17.0,False,2000.0,0.0,0.0,0.0,0.0,False,F,504,S
Mars,False,TRAPPIST-1e,22.0,False,28.0,420.0,36.0,6011.0,3.0,False,D,13,S
Earth,True,PSO J318.5-22,25.0,False,0.0,0.0,0.0,0.0,0.0,True,G,407,P
Europa,True,55 Cancri e,18.0,False,0.0,0.0,0.0,0.0,0.0,True,B,16,P
Europa,True,55 Cancri e,22.0,False,0.0,0.0,0.0,0.0,0.0,True,B,35,S
Earth,True,TRAPPIST-1e,31.0,False,0.0,0.0,0.0,0.0,0.0,False,G,1055,P
Earth,False,TRAPPIST-1e,42.0,False,5049.0,477.0,0.0,0.0,0.0,False,G,828,P
Earth,False,TRAPPIST-1e,29.0,False,0.0,4.0,0.0,0.0,904.0,False,G,556,S
Europa,True,55 Cancri e,54.0,,0.0,0.0,0.0,0.0,0.0,True,B,319,S
Mars,False,TRAPPIST-1e,13.0,False,1007.0,0.0,142.0,295.0,0.0,False,F,656,P
Europa,False,TRAPPIST-1e,19.0,False,0.0,1234.0,0.0,1956.0,0.0,False,C,194,P
Mars,True,TRAPPIST-1e,19.0,False,0.0,0.0,0.0,0.0,0.0,True,F,741,P
Europa,False,TRAPPIST-1e,54.0,False,0.0,0.0,0.0,0.0,0.0,True,B,170,S
Mars,True,TRAPPIST-1e,18.0,False,0.0,0.0,0.0,0.0,0.0,True,F,1800,P
Mars,False,TRAPPIST-1e,46.0,False,171.0,0.0,1257.0,5.0,0.0,True,F,459,P
Europa,False,TRAPPIST-1e,35.0,False,,246.0,25.0,42.0,3730.0,False,B,260,P
Earth,False,TRAPPIST-1e,35.0,False,302.0,6.0,0.0,6.0,613.0,True,G,315,P
Europa,True,55 Cancri e,36.0,False,0.0,0.0,0.0,0.0,0.0,True,,,
Europa,True,TRAPPIST-1e,53.0,False,0.0,0.0,0.0,0.0,0.0,True,,,
Earth,False,TRAPPIST-1e,33.0,False,356.0,,0.0,245.0,0.0,False,F,414,P
Earth,False,55 Cancri e,26.0,False,1.0,0.0,0.0,0.0,718.0,True,E,471,P
Mars,False,TRAPPIST-1e,53.0,False,520.0,0.0,442.0,0.0,0.0,True,D,88,P
Earth,False,TRAPPIST-1e,18.0,False,0.0,0.0,0.0,830.0,91.0,False,F,23,S
Earth,True,TRAPPIST-1e,31.0,False,0.0,0.0,0.0,0.0,0.0,True,G,734,S
Mars,False,TRAPPIST-1e,21.0,,0.0,0.0,0.0,0.0,0.0,False,E,269,S
Mars,True,TRAPPIST-1e,46.0,False,0.0,0.0,0.0,0.0,0.0,True,F,648,P
Earth,False,TRAPPIST-1e,19.0,False,0.0,1124.0,4.0,0.0,0.0,True,F,492,S
Earth,True,TRAPPIST-1e,48.0,False,0.0,0.0,0.0,,0.0,True,G,1346,S
Mars,False,TRAPPIST-1e,23.0,False,1.0,0.0,11.0,0.0,2336.0,False,E,521,P
Europa,False,TRAPPIST-1e,15.0,False,31.0,804.0,1.0,4732.0,2577.0,False,D,230,S
Mars,False,TRAPPIST-1e,39.0,False,200.0,0.0,1083.0,65.0,0.0,True,F,1780,P
Europa,True,TRAPPIST-1e,18.0,False,0.0,0.0,,0.0,0.0,True,B,110,P
Earth,False,TRAPPIST-1e,32.0,False,1.0,0.0,0.0,1.0,785.0,False,E,413,P
Earth,False,PSO J318.5-22,19.0,False,10.0,24.0,0.0,0.0,565.0,False,F,1444,S
Earth,False,TRAPPIST-1e,29.0,False,68.0,74.0,713.0,37.0,15.0,True,G,1089,P
Mars,False,TRAPPIST-1e,54.0,False,676.0,0.0,231.0,379.0,0.0,False,F,1212,S
Earth,True,PSO J318.5-22,24.0,False,0.0,0.0,0.0,0.0,0.0,False,G,1353,P
Earth,False,PSO J318.5-22,24.0,,312.0,227.0,50.0,0.0,0.0,False,F,1688,S
Earth,False,PSO J318.5-22,18.0,False,328.0,0.0,0.0,24.0,309.0,False,F,1500,S
Europa,True,55 Cancri e,18.0,False,,0.0,0.0,0.0,0.0,True,B,216,P
Europa,True,TRAPPIST-1e,57.0,False,0.0,0.0,0.0,0.0,0.0,True,C,118,S
Earth,True,PSO J318.5-22,24.0,False,0.0,0.0,0.0,0.0,0.0,True,G,1440,P
Earth,True,TRAPPIST-1e,14.0,False,0.0,0.0,0.0,0.0,0.0,False,G,496,S
Earth,False,55 Cancri e,22.0,,0.0,0.0,30.0,499.0,138.0,False,F,378,S
Earth,False,55 Cancri e,27.0,False,0.0,0.0,0.0,2725.0,73.0,False,F,1163,S
Earth,True,PSO J318.5-22,49.0,False,0.0,0.0,0.0,0.0,0.0,False,G,793,P
Earth,True,TRAPPIST-1e,3.0,False,0.0,0.0,0.0,0.0,0.0,True,G,312,S
Mars,,TRAPPIST-1e,47.0,False,0.0,0.0,0.0,0.0,0.0,True,F,539,S
Europa,False,TRAPPIST-1e,29.0,False,0.0,544.0,7.0,2650.0,1561.0,False,C,86,S
Earth,True,TRAPPIST-1e,18.0,False,0.0,0.0,0.0,0.0,0.0,True,G,929,S
Earth,False,55 Cancri e,29.0,False,75.0,17.0,0.0,211.0,506.0,False,G,406,P
Earth,True,TRAPPIST-1e,58.0,False,0.0,0.0,0.0,0.0,0.0,False,G,148,P
Europa,True,55 Cancri e,18.0,False,0.0,,0.0,0.0,0.0,True,B,269,P
Europa,False,TRAPPIST-1e,19.0,False,0.0,1406.0,0.0,4199.0,2123.0,False,D,268,P
Europa,False,TRAPPIST-1e,26.0,False,0.0,1638.0,0.0,476.0,226.0,False,E,221,S
Earth,True,TRAPPIST-1e,1.0,False,0.0,0.0,0.0,0.0,0.0,False,G,183,S
Earth,False,TRAPPIST-1e,46.0,False,0.0,0.0,1661.0,52.0,8.0,True,G,448,P
Earth,True,TRAPPIST-1e,24.0,False,0.0,0.0,0.0,0.0,0.0,True,G,379,P
Europa,True,TRAPPIST-1e,43.0,False,0.0,0.0,0.0,0.0,0.0,True,B,15,S
Earth,False,TRAPPIST-1e,6.0,False,0.0,0.0,0.0,0.0,0.0,False,G,146,P
Mars,False,TRAPPIST-1e,19.0,False,1507.0,0.0,260.0,0.0,0.0,False,F,257,S
Earth,True,PSO J318.5-22,21.0,False,0.0,0.0,0.0,0.0,0.0,True,G,78,P
Mars,True,TRAPPIST-1e,53.0,False,0.0,0.0,0.0,,0.0,True,F,435,P
Earth,False,TRAPPIST-1e,21.0,False,0.0,128.0,209.0,4.0,383.0,False,F,1102,S
Mars,True,TRAPPIST-1e,46.0,False,0.0,0.0,,0.0,0.0,True,F,1170,S
Earth,True,TRAPPIST-1e,28.0,False,0.0,0.0,0.0,0.0,0.0,True,G,988,P
Mars,True,TRAPPIST-1e,21.0,False,0.0,0.0,0.0,0.0,0.0,True,F,1465,S
Earth,False,TRAPPIST-1e,20.0,False,149.0,25.0,559.0,21.0,33.0,True,E,377,P
Earth,False,TRAPPIST-1e,22.0,False,0.0,125.0,0.0,663.0,0.0,False,E,472,S
Earth,False,TRAPPIST-1e,19.0,False,6.0,,1.0,714.0,0.0,False,G,194,S
Europa,False,TRAPPIST-1e,59.0,False,0.0,0.0,0.0,0.0,0.0,True,A,73,P
Earth,True,TRAPPIST-1e,19.0,False,0.0,0.0,0.0,0.0,0.0,False,G,454,P
Earth,False,55 Cancri e,57.0,False,0.0,0.0,0.0,0.0,642.0,True,E,389,P
Earth,True,PSO J318.5-22,3.0,False,0.0,0.0,0.0,0.0,0.0,True,G,1476,P
Earth,False,TRAPPIST-1e,26.0,False,0.0,0.0,0.0,0.0,0.0,False,,,
Europa,False,TRAPPIST-1e,61.0,False,0.0,4082.0,0.0,265.0,201.0,True,C,125,S
Europa,False,55 Cancri e,28.0,False,0.0,31.0,0.0,1283.0,871.0,True,A,52,S
Europa,False,TRAPPIST-1e,,False,0.0,0.0,0.0,0.0,0.0,True,C,82,P
Earth,,55 Cancri e,13.0,False,0.0,0.0,0.0,0.0,0.0,True,G,647,P
Earth,True,TRAPPIST-1e,33.0,False,0.0,0.0,0.0,0.0,0.0,True,G,855,S
Earth,False,TRAPPIST-1e,20.0,False,75.0,0.0,0.0,1545.0,0.0,False,E,129,P
Mars,False,55 Cancri e,22.0,False,1371.0,0.0,235.0,0.0,0.0,True,F,805,S
Earth,True,TRAPPIST-1e,40.0,False,0.0,0.0,0.0,0.0,0.0,True,G,799,S
Earth,False,,27.0,False,0.0,0.0,775.0,127.0,0.0,True,F,687,P
Earth,False,55 Cancri e,10.0,False,0.0,0.0,0.0,0.0,0.0,False,G,199,S
Earth,True,PSO J318.5-22,0.0,False,0.0,0.0,0.0,0.0,0.0,True,G,377,P
Earth,False,,29.0,False,1.0,0.0,133.0,104.0,574.0,False,G,463,S
Earth,False,TRAPPIST-1e,58.0,False,0.0,0.0,828.0,0.0,96.0,True,F,200,S
Earth,True,TRAPPIST-1e,11.0,False,0.0,0.0,0.0,0.0,0.0,True,G,377,P
Earth,False,TRAPPIST-1e,20.0,False,0.0,358.0,287.0,0.0,,False,F,1015,P
Mars,False,TRAPPIST-1e,26.0,False,665.0,76.0,,1478.0,0.0,False,F,1137,P
Earth,False,TRAPPIST-1e,55.0,False,0.0,242.0,0.0,479.0,3.0,False,F,1210,S
,False,TRAPPIST-1e,43.0,False,1944.0,17.0,657.0,0.0,0.0,True,F,1435,P
Earth,False,55 Cancri e,59.0,False,258.0,377.0,5.0,0.0,0.0,True,E,245,P
Mars,False,TRAPPIST-1e,21.0,False,2611.0,0.0,103.0,4.0,0.0,False,D,234,P
Earth,False,TRAPPIST-1e,63.0,False,1540.0,,0.0,0.0,1.0,False,F,731,S
Earth,False,55 Cancri e,36.0,False,0.0,0.0,0.0,474.0,12.0,False,G,813,P
Earth,False,TRAPPIST-1e,39.0,False,386.0,190.0,0.0,489.0,0.0,False,F,271,S
Mars,True,55 Cancri e,19.0,False,0.0,0.0,0.0,0.0,0.0,True,F,394,P
Europa,True,55 Cancri e,23.0,False,0.0,0.0,,0.0,0.0,True,B,73,P
Earth,False,PSO J318.5-22,40.0,,0.0,228.0,5.0,454.0,1.0,False,F,544,P
Earth,False,55 Cancri e,46.0,False,426.0,37.0,0.0,0.0,568.0,False,F,445,S
Earth,True,TRAPPIST-1e,19.0,False,0.0,0.0,0.0,0.0,0.0,True,G,176,S
Europa,False,55 Cancri e,37.0,False,0.0,90.0,0.0,3282.0,11.0,False,B,239,S
Earth,False,TRAPPIST-1e,38.0,False,0.0,0.0,0.0,1018.0,0.0,False,G,96,P
Earth,False,TRAPPIST-1e,39.0,False,0.0,2.0,0.0,69.0,836.0,False,G,734,S
Mars,False,TRAPPIST-1e,28.0,False,948.0,0.0,64.0,170.0,0.0,False,D,95,S
Europa,False,55 Cancri e,44.0,False,9.0,2311.0,0.0,633.0,1.0,True,B,269,P
Mars,False,TRAPPIST-1e,8.0,False,0.0,0.0,0.0,0.0,0.0,True,F,16,P
Mars,True,TRAPPIST-1e,23.0,False,0.0,0.0,0.0,0.0,0.0,True,F,1544,S
,True,TRAPPIST-1e,4.0,False,0.0,0.0,0.0,0.0,0.0,True,G,492,S
Earth,False,TRAPPIST-1e,26.0,False,0.0,0.0,0.0,22.0,1030.0,False,F,1343,P
Earth,False,TRAPPIST-1e,34.0,False,0.0,9.0,617.0,0.0,281.0,False,G,1261,P
Mars,False,TRAPPIST-1e,4.0,False,0.0,0.0,0.0,0.0,0.0,True,F,1050,P
Mars,False,,44.0,False,485.0,2.0,210.0,0.0,351.0,False,F,276,P
Mars,True,TRAPPIST-1e,48.0,False,0.0,0.0,0.0,0.0,0.0,True,F,1747,P
Earth,False,TRAPPIST-1e,5.0,False,0.0,0.0,0.0,0.0,0.0,True,G,1023,S
Earth,False,TRAPPIST-1e,33.0,False,0.0,0.0,704.0,0.0,0.0,False,F,1408,P
Earth,False,55 Cancri e,23.0,False,348.0,210.0,0.0,0.0,1.0,False,F,1642,S
Europa,False,TRAPPIST-1e,29.0,False,0.0,1127.0,0.0,1867.0,1070.0,False,C,35,P
Europa,,TRAPPIST-1e,23.0,False,0.0,0.0,0.0,0.0,,True,B,130,P
Earth,False,TRAPPIST-1e,23.0,False,0.0,21.0,0.0,0.0,716.0,False,F,1113,S
Earth,False,55 Cancri e,7.0,False,0.0,0.0,0.0,0.0,,True,G,1023,S
Europa,True,55 Cancri e,55.0,False,0.0,0.0,0.0,0.0,0.0,True,D,128,S
Earth,False,55 Cancri e,43.0,False,511.0,233.0,,0.0,144.0,False,G,521,P
Mars,True,TRAPPIST-1e,40.0,False,0.0,0.0,,0.0,,True,D,124,P
Earth,False,55 Cancri e,21.0,False,0.0,0.0,0.0,1.0,594.0,False,F,1200,P
Mars,,TRAPPIST-1e,49.0,,0.0,0.0,0.0,0.0,0.0,True,F,570,P
Earth,False,PSO J318.5-22,20.0,False,127.0,0.0,0.0,542.0,0.0,False,F,314,S
Earth,False,TRAPPIST-1e,38.0,False,77.0,169.0,0.0,0.0,470.0,False,F,586,P
Earth,False,TRAPPIST-1e,23.0,False,765.0,5.0,0.0,0.0,0.0,False,G,897,P
Mars,True,TRAPPIST-1e,55.0,False,0.0,0.0,0.0,0.0,0.0,True,F,716,S
Europa,False,TRAPPIST-1e,60.0,False,0.0,7255.0,5952.0,1537.0,0.0,True,C,11,P
Earth,False,TRAPPIST-1e,27.0,,0.0,0.0,634.0,1.0,23.0,True,F,396,S
Mars,False,TRAPPIST-1e,26.0,False,0.0,25.0,13.0,11.0,998.0,False,E,304,S
Mars,False,TRAPPIST-1e,32.0,False,857.0,158.0,0.0,33.0,0.0,False,E,540,P
Earth,False,TRAPPIST-1e,25.0,False,2.0,45.0,45.0,0.0,815.0,False,G,1496,P
Earth,True,55 Cancri e,6.0,False,0.0,0.0,0.0,0.0,0.0,True,G,706,P
Earth,False,TRAPPIST-1e,31.0,False,32.0,2667.0,0.0,0.0,9.0,True,F,1418,P
Mars,False,TRAPPIST-1e,13.0,False,1112.0,0.0,687.0,0.0,3.0,False,D,60,S
Earth,False,TRAPPIST-1e,0.0,False,0.0,0.0,0.0,0.0,0.0,True,G,183,S
Europa,False,TRAPPIST-1e,29.0,False,3478.0,11153.0,15.0,203.0,15.0,True,C,143,S
Earth,False,TRAPPIST-1e,48.0,False,396.0,0.0,,0.0,297.0,False,G,610,P
Europa,False,TRAPPIST-1e,31.0,False,46.0,1935.0,0.0,995.0,1254.0,False,B,64,P
Earth,True,TRAPPIST-1e,22.0,False,,0.0,0.0,0.0,0.0,True,G,1036,S
Earth,True,55 Cancri e,55.0,False,0.0,0.0,0.0,0.0,0.0,True,G,507,S
Mars,False,TRAPPIST-1e,,False,1054.0,0.0,43.0,85.0,0.0,False,D,74,S
Mars,True,PSO J318.5-22,17.0,False,0.0,,0.0,0.0,0.0,True,E,190,P
Europa,False,55 Cancri e,21.0,False,2.0,4887.0,64.0,4952.0,1734.0,False,B,331,S
Europa,True,TRAPPIST-1e,34.0,False,0.0,0.0,0.0,0.0,0.0,True,B,78,P
Europa,False,TRAPPIST-1e,36.0,True,0.0,0.0,0.0,0.0,0.0,False,B,285,P
Mars,False,55 Cancri e,17.0,False,891.0,0.0,243.0,0.0,5.0,False,F,274,S
Earth,True,TRAPPIST-1e,50.0,False,0.0,0.0,0.0,0.0,0.0,True,G,50,S
Earth,False,TRAPPIST-1e,43.0,False,84.0,726.0,2.0,0.0,0.0,False,G,277,P
Europa,True,TRAPPIST-1e,29.0,False,0.0,0.0,0.0,0.0,0.0,True,B,152,S
Mars,False,TRAPPIST-1e,28.0,False,1909.0,0.0,0.0,0.0,6.0,False,F,1169,P
Earth,False,TRAPPIST-1e,31.0,False,0.0,0.0,187.0,602.0,0.0,False,E,157,S
Europa,False,TRAPPIST-1e,36.0,True,0.0,5600.0,715.0,2868.0,971.0,True,C,342,S
Earth,False,TRAPPIST-1e,35.0,False,194.0,0.0,678.0,0.0,0.0,False,F,487,P
Mars,False,TRAPPIST-1e,30.0,False,1220.0,0.0,49.0,39.0,0.0,False,F,348,P
Earth,False,TRAPPIST-1e,24.0,False,0.0,0.0,0.0,0.0,826.0,True,G,1029,P
Europa,True,55 Cancri e,39.0,False,0.0,0.0,0.0,0.0,0.0,True,,,
Earth,False,PSO J318.5-22,49.0,False,0.0,18.0,0.0,0.0,686.0,False,F,1664,S
Mars,False,PSO J318.5-22,46.0,False,607.0,0.0,41.0,334.0,251.0,False,F,429,S
Earth,False,PSO J318.5-22,47.0,False,83.0,1.0,0.0,654.0,3.0,True,G,835,S
Earth,True,TRAPPIST-1e,64.0,False,0.0,0.0,0.0,0.0,0.0,False,G,143,P
Earth,True,55 Cancri e,14.0,,0.0,0.0,0.0,0.0,0.0,True,G,660,S
Earth,False,55 Cancri e,54.0,False,0.0,704.0,0.0,0.0,0.0,False,F,1293,S
Europa,True,TRAPPIST-1e,21.0,,0.0,0.0,0.0,0.0,0.0,True,B,63,P
Earth,False,PSO J318.5-22,24.0,False,549.0,3.0,201.0,0.0,0.0,False,G,1205,S
Earth,False,TRAPPIST-1e,19.0,False,0.0,0.0,0.0,0.0,0.0,False,G,1329,P
Mars,False,TRAPPIST-1e,19.0,False,160.0,0.0,889.0,0.0,0.0,False,E,294,S
Earth,True,TRAPPIST-1e,25.0,False,0.0,0.0,0.0,0.0,0.0,True,G,330,P
Earth,True,TRAPPIST-1e,25.0,False,0.0,0.0,0.0,0.0,0.0,False,G,309,S
Earth,False,TRAPPIST-1e,22.0,False,2.0,0.0,6.0,101.0,536.0,False,F,316,S
Europa,True,TRAPPIST-1e,35.0,False,0.0,0.0,0.0,0.0,0.0,True,B,156,P
Europa,False,55 Cancri e,26.0,False,606.0,1080.0,0.0,2011.0,0.0,False,E,326,S
Earth,False,PSO J318.5-22,,False,0.0,67.0,661.0,0.0,0.0,True,F,1370,P
Mars,True,55 Cancri e,29.0,,0.0,0.0,0.0,0.0,0.0,True,F,1653,S
Earth,False,TRAPPIST-1e,32.0,False,0.0,235.0,0.0,474.0,0.0,False,G,810,S
Earth,True,55 Cancri e,28.0,False,0.0,0.0,0.0,0.0,0.0,True,G,1086,S
Mars,False,TRAPPIST-1e,25.0,False,1956.0,0.0,161.0,239.0,28.0,False,D,151,P
Europa,True,,47.0,False,0.0,0.0,0.0,0.0,0.0,True,B,161,P
Europa,,55 Cancri e,33.0,False,0.0,1249.0,0.0,4812.0,1116.0,False,E,11,P
Mars,False,TRAPPIST-1e,23.0,False,755.0,0.0,121.0,,0.0,False,F,142,S
Mars,False,TRAPPIST-1e,45.0,False,74.0,0.0,0.0,1130.0,22.0,False,F,1695,S
Mars,False,TRAPPIST-1e,7.0,False,0.0,0.0,0.0,0.0,0.0,True,F,1534,P
Earth,True,PSO J318.5-22,53.0,False,0.0,0.0,0.0,0.0,0.0,False,G,186,S
Earth,True,PSO J318.5-22,19.0,False,0.0,0.0,0.0,0.0,0.0,True,G,955,P
Europa,False,55 Cancri e,73.0,False,181.0,1.0,840.0,2618.0,1949.0,False,A,84,S
Europa,True,TRAPPIST-1e,28.0,False,0.0,,0.0,0.0,0.0,True,C,187,P
Europa,True,TRAPPIST-1e,49.0,False,0.0,0.0,0.0,0.0,0.0,True,B,313,S
Mars,False,TRAPPIST-1e,50.0,False,1584.0,0.0,36.0,104.0,0.0,True,D,270,P
Earth,False,TRAPPIST-1e,32.0,False,0.0,0.0,0.0,0.0,0.0,False,G,960,P
Earth,False,PSO J318.5-22,20.0,False,0.0,0.0,8.0,1.0,1175.0,False,F,1596,P
Earth,True,TRAPPIST-1e,11.0,False,0.0,0.0,0.0,0.0,0.0,True,G,953,P
Earth,False,TRAPPIST-1e,,False,740.0,82.0,6.0,,1.0,False,,,
Earth,True,TRAPPIST-1e,19.0,False,0.0,0.0,0.0,0.0,0.0,True,G,137,S
Europa,,55 Cancri e,37.0,False,0.0,2235.0,7.0,4098.0,89.0,False,B,151,P
Europa,False,55 Cancri e,24.0,False,0.0,2421.0,0.0,725.0,2300.0,False,B,201,P
Earth,True,TRAPPIST-1e,1.0,False,0.0,0.0,0.0,0.0,0.0,True,G,1141,P
Earth,True,TRAPPIST-1e,24.0,False,0.0,0.0,0.0,0.0,0.0,True,G,872,S
Earth,True,TRAPPIST-1e,44.0,False,0.0,0.0,0.0,0.0,,True,G,1046,P
Europa,False,55 Cancri e,45.0,False,0.0,726.0,0.0,281.0,1257.0,True,C,100,S
Europa,False,55 Cancri e,55.0,False,8142.0,8.0,0.0,1481.0,0.0,False,C,226,S
Mars,True,TRAPPIST-1e,38.0,False,0.0,0.0,0.0,0.0,0.0,True,F,660,P
Earth,False,TRAPPIST-1e,18.0,False,55.0,597.0,49.0,0.0,1.0,False,F,27,P
Earth,True,TRAPPIST-1e,37.0,False,0.0,0.0,0.0,0.0,0.0,False,G,103,S
Earth,False,,31.0,False,19.0,509.0,0.0,0.0,177.0,False,E,420,S
Europa,False,TRAPPIST-1e,33.0,False,0.0,1283.0,371.0,3329.0,193.0,False,A,0,S
Europa,True,55 Cancri e,22.0,False,0.0,0.0,0.0,0.0,0.0,True,C,140,P
Earth,False,PSO J318.5-22,23.0,False,0.0,126.0,403.0,0.0,21.0,True,F,1183,S
Europa,True,55 Cancri e,54.0,False,0.0,0.0,0.0,0.0,0.0,True,B,19,S
Mars,True,TRAPPIST-1e,28.0,False,0.0,0.0,0.0,0.0,0.0,True,F,1531,S
Earth,False,PSO J318.5-22,44.0,False,0.0,483.0,0.0,291.0,0.0,True,F,0,P
Earth,False,TRAPPIST-1e,19.0,False,,0.0,0.0,692.0,164.0,False,F,1183,P
Earth,False,TRAPPIST-1e,16.0,False,3.0,0.0,35.0,150.0,478.0,False,F,204,P
Europa,True,55 Cancri e,21.0,False,0.0,0.0,0.0,0.0,0.0,True,D,83,P
Earth,False,PSO J318.5-22,23.0,False,0.0,138.0,4.0,412.0,220.0,False,G,751,P
Europa,True,TRAPPIST-1e,34.0,False,0.0,0.0,0.0,0.0,0.0,True,B,46,S
Earth,False,TRAPPIST-1e,13.0,False,412.0,4.0,0.0,0.0,551.0,False,F,575,P
Europa,False,TRAPPIST-1e,26.0,False,0.0,4810.0,0.0,981.0,2054.0,False,E,16,S
,False,TRAPPIST-1e,54.0,True,1770.0,7.0,228.0,0.0,0.0,False,F,1432,S
Earth,True,PSO J318.5-22,22.0,False,,0.0,0.0,0.0,0.0,True,G,1383,P
Mars,True,TRAPPIST-1e,21.0,False,0.0,0.0,0.0,0.0,0.0,True,,,
Earth,True,TRAPPIST-1e,0.0,False,0.0,0.0,0.0,0.0,0.0,True,G,485,S
Earth,False,TRAPPIST-1e,22.0,False,1417.0,0.0,0.0,0.0,0.0,True,F,827,P
Earth,False,TRAPPIST-1e,23.0,False,0.0,1204.0,40.0,0.0,375.0,False,E,566,P
Earth,False,TRAPPIST-1e,18.0,False,1153.0,0.0,0.0,1409.0,195.0,False,F,498,S
Earth,False,TRAPPIST-1e,35.0,False,227.0,117.0,394.0,9.0,56.0,False,F,778,P
Europa,False,TRAPPIST-1e,28.0,False,0.0,132.0,4.0,1915.0,0.0,False,A,79,P
Mars,False,TRAPPIST-1e,0.0,False,0.0,0.0,0.0,0.0,0.0,True,F,697,S
Mars,True,,41.0,False,0.0,0.0,0.0,0.0,0.0,True,F,530,S
Earth,True,TRAPPIST-1e,48.0,False,0.0,0.0,0.0,0.0,0.0,False,G,1150,P
Europa,False,55 Cancri e,19.0,False,0.0,,0.0,2.0,9.0,True,C,223,S
Mars,False,55 Cancri e,18.0,False,86.0,1164.0,516.0,0.0,0.0,True,D,60,S
Earth,False,TRAPPIST-1e,20.0,False,0.0,0.0,0.0,788.0,16.0,False,F,366,P
,False,55 Cancri e,38.0,False,0.0,2506.0,46.0,11001.0,5.0,False,A,19,P
Earth,False,PSO J318.5-22,24.0,False,,2.0,25.0,,707.0,True,F,601,P
Mars,True,TRAPPIST-1e,22.0,False,0.0,0.0,0.0,0.0,0.0,True,E,551,P
Mars,True,TRAPPIST-1e,13.0,False,0.0,0.0,0.0,0.0,0.0,True,F,276,P
Europa,True,TRAPPIST-1e,56.0,False,0.0,0.0,0.0,0.0,0.0,True,C,133,S
Europa,True,55 Cancri e,22.0,False,0.0,0.0,,0.0,,True,B,127,P
Earth,False,55 Cancri e,27.0,False,30.0,0.0,763.0,0.0,57.0,False,G,1038,P
Earth,False,TRAPPIST-1e,24.0,False,771.0,0.0,22.0,0.0,0.0,False,E,587,S
Earth,False,TRAPPIST-1e,36.0,False,548.0,179.0,24.0,0.0,77.0,False,F,491,S
Mars,False,TRAPPIST-1e,24.0,False,600.0,593.0,1404.0,0.0,1.0,False,F,417,P
Earth,False,PSO J318.5-22,23.0,False,0.0,552.0,44.0,0.0,661.0,True,F,711,S
Mars,True,TRAPPIST-1e,25.0,False,0.0,0.0,0.0,0.0,0.0,False,E,139,S
Mars,True,TRAPPIST-1e,24.0,False,0.0,0.0,0.0,0.0,0.0,True,F,1531,S
Europa,True,TRAPPIST-1e,54.0,False,0.0,0.0,0.0,0.0,0.0,True,B,193,P
Earth,False,TRAPPIST-1e,35.0,False,198.0,44.0,97.0,30.0,510.0,False,F,558,S
Earth,True,PSO J318.5-22,20.0,False,0.0,0.0,0.0,0.0,0.0,True,G,975,S
Earth,False,,21.0,False,33.0,126.0,0.0,461.0,0.0,False,G,465,P
Earth,True,TRAPPIST-1e,36.0,False,0.0,0.0,0.0,0.0,0.0,False,G,431,P
Earth,True,TRAPPIST-1e,0.0,False,0.0,0.0,0.0,0.0,0.0,True,G,1477,S
Mars,True,TRAPPIST-1e,18.0,False,0.0,0.0,0.0,0.0,0.0,True,F,1357,S
Earth,,TRAPPIST-1e,24.0,False,185.0,0.0,478.0,29.0,0.0,True,F,1510,P
Europa,True,TRAPPIST-1e,65.0,False,0.0,0.0,0.0,0.0,0.0,True,B,267,P
Earth,True,TRAPPIST-1e,13.0,False,,0.0,0.0,0.0,0.0,True,G,700,P
Earth,True,PSO J318.5-22,34.0,False,0.0,0.0,0.0,0.0,0.0,False,G,814,P
Earth,True,PSO J318.5-22,20.0,False,0.0,0.0,0.0,0.0,0.0,True,F,1246,S
Earth,True,TRAPPIST-1e,0.0,False,,0.0,0.0,0.0,0.0,False,G,251,P
Earth,True,TRAPPIST-1e,35.0,False,0.0,0.0,0.0,0.0,0.0,False,G,732,S
Earth,False,TRAPPIST-1e,44.0,False,0.0,714.0,174.0,0.0,0.0,True,G,1097,S
Europa,False,TRAPPIST-1e,33.0,False,0.0,2012.0,1.0,9124.0,4.0,False,D,77,S
Earth,False,TRAPPIST-1e,32.0,False,27.0,393.0,1061.0,27.0,0.0,True,F,237,S
Earth,False,TRAPPIST-1e,22.0,False,0.0,0.0,637.0,0.0,50.0,True,E,563,P
Europa,False,TRAPPIST-1e,33.0,False,0.0,1.0,0.0,8620.0,1063.0,False,C,10,S
Earth,False,TRAPPIST-1e,19.0,False,190.0,0.0,5.0,1.0,726.0,False,F,13,P
Earth,False,55 Cancri e,20.0,False,1842.0,0.0,0.0,0.0,0.0,True,F,1668,P
Europa,False,TRAPPIST-1e,64.0,False,0.0,4.0,0.0,6200.0,622.0,False,B,74,S
Europa,False,TRAPPIST-1e,2.0,False,0.0,0.0,0.0,0.0,0.0,True,A,80,S
Mars,False,TRAPPIST-1e,18.0,True,733.0,0.0,688.0,1.0,0.0,False,F,729,P
Earth,False,TRAPPIST-1e,56.0,False,3.0,,768.0,0.0,,True,F,798,P
Mars,,TRAPPIST-1e,37.0,False,0.0,0.0,0.0,0.0,0.0,True,F,1383,P
,False,TRAPPIST-1e,16.0,False,2083.0,0.0,10.0,0.0,0.0,False,F,938,S
Earth,False,TRAPPIST-1e,62.0,False,240.0,0.0,0.0,586.0,10.0,False,G,1190,P
Earth,False,TRAPPIST-1e,19.0,False,0.0,14.0,730.0,0.0,0.0,True,G,17,P
Earth,False,55 Cancri e,39.0,False,1663.0,0.0,262.0,229.0,0.0,False,F,1560,S
Europa,True,TRAPPIST-1e,24.0,False,0.0,0.0,0.0,0.0,0.0,False,B,217,P
Earth,False,PSO J318.5-22,29.0,False,0.0,173.0,0.0,0.0,1155.0,True,F,1093,S
Earth,False,TRAPPIST-1e,22.0,False,926.0,0.0,0.0,0.0,78.0,True,F,275,P
Mars,False,TRAPPIST-1e,29.0,False,860.0,305.0,18.0,1415.0,0.0,False,F,418,P
Earth,False,TRAPPIST-1e,6.0,False,0.0,0.0,0.0,0.0,0.0,True,G,1418,S
Earth,False,TRAPPIST-1e,38.0,False,22.0,9.0,40.0,732.0,0.0,False,F,1805,P
Earth,False,TRAPPIST-1e,14.0,False,0.0,600.0,0.0,204.0,0.0,True,F,435,S
Europa,False,TRAPPIST-1e,,False,9.0,2031.0,0.0,20.0,1837.0,False,B,193,S
Mars,False,TRAPPIST-1e,29.0,False,3564.0,0.0,802.0,0.0,0.0,False,D,192,P
Europa,True,TRAPPIST-1e,21.0,False,0.0,0.0,0.0,0.0,0.0,True,E,607,S
Earth,False,TRAPPIST-1e,42.0,False,0.0,,1519.0,0.0,4.0,False,E,222,S
Earth,False,TRAPPIST-1e,39.0,False,0.0,21.0,63.0,677.0,0.0,False,F,1628,S
Europa,False,55 Cancri e,52.0,False,360.0,1314.0,8.0,641.0,66.0,True,A,78,P
Earth,False,TRAPPIST-1e,43.0,False,21.0,0.0,863.0,0.0,0.0,False,G,1364,S
Europa,True,55 Cancri e,43.0,False,0.0,0.0,0.0,0.0,0.0,True,B,320,S
Earth,False,55 Cancri e,19.0,False,616.0,0.0,46.0,0.0,14.0,False,,,
Earth,,TRAPPIST-1e,32.0,False,258.0,500.0,3.0,15.0,128.0,True,F,1798,P
Earth,False,55 Cancri e,18.0,False,425.0,779.0,0.0,0.0,74.0,False,F,1188,S
Europa,False,TRAPPIST-1e,27.0,,69.0,2878.0,0.0,4232.0,3798.0,False,D,208,S
Earth,False,TRAPPIST-1e,31.0,False,517.0,1.0,301.0,60.0,4.0,False,G,476,S
Earth,False,55 Cancri e,18.0,False,6.0,0.0,,12.0,704.0,True,E,57,P
Mars,True,TRAPPIST-1e,50.0,False,0.0,0.0,0.0,0.0,0.0,True,F,331,S
Earth,True,TRAPPIST-1e,20.0,False,,0.0,0.0,0.0,0.0,False,G,878,P
Earth,False,TRAPPIST-1e,43.0,False,0.0,0.0,1.0,,0.0,False,F,1134,P
Mars,False,TRAPPIST-1e,32.0,False,4702.0,0.0,449.0,190.0,0.0,False,F,1021,S
Earth,False,TRAPPIST-1e,22.0,False,514.0,0.0,2.0,129.0,583.0,False,F,1109,S
Earth,True,TRAPPIST-1e,34.0,False,0.0,0.0,0.0,0.0,0.0,True,G,1177,S
Mars,False,TRAPPIST-1e,23.0,False,197.0,76.0,5635.0,7.0,0.0,True,F,936,S
Earth,True,55 Cancri e,14.0,False,0.0,0.0,0.0,,0.0,True,G,1171,S
Mars,False,TRAPPIST-1e,30.0,False,1770.0,0.0,0.0,13.0,0.0,False,D,14,S
Earth,False,55 Cancri e,19.0,False,355.0,0.0,0.0,0.0,284.0,False,F,1547,S
Mars,True,TRAPPIST-1e,45.0,,,0.0,0.0,0.0,0.0,True,F,731,P
Europa,True,55 Cancri e,18.0,False,0.0,0.0,,0.0,0.0,True,C,80,P
Mars,True,,5.0,False,0.0,0.0,0.0,0.0,0.0,True,F,830,S
Earth,False,55 Cancri e,14.0,False,8.0,0.0,,0.0,176.0,False,G,785,P
Earth,False,TRAPPIST-1e,22.0,False,0.0,0.0,332.0,442.0,0.0,False,G,82,S
Mars,False,TRAPPIST-1e,20.0,False,859.0,3.0,0.0,939.0,0.0,False,F,1050,P
Earth,True,PSO J318.5-22,36.0,False,0.0,0.0,0.0,0.0,0.0,False,G,7,S
Mars,False,TRAPPIST-1e,15.0,False,1264.0,0.0,2.0,23.0,0.0,False,F,141,P
Earth,False,TRAPPIST-1e,44.0,False,695.0,1.0,16.0,0.0,0.0,False,F,74,P
Europa,False,TRAPPIST-1e,33.0,False,0.0,0.0,0.0,0.0,0.0,False,B,93,P
Mars,True,TRAPPIST-1e,,False,0.0,0.0,0.0,0.0,0.0,True,F,1176,S
Mars,False,TRAPPIST-1e,10.0,False,0.0,0.0,0.0,0.0,0.0,True,F,262,S
Mars,False,TRAPPIST-1e,52.0,False,1231.0,2.0,8.0,0.0,0.0,False,F,1735,S
Mars,False,TRAPPIST-1e,16.0,False,1285.0,,14.0,1386.0,0.0,False,F,958,S
Mars,False,TRAPPIST-1e,29.0,False,1443.0,1108.0,47.0,0.0,0.0,False,F,442,P
Europa,False,55 Cancri e,32.0,False,70.0,764.0,724.0,547.0,1297.0,False,A,52,P
Earth,False,TRAPPIST-1e,40.0,False,2.0,147.0,0.0,1695.0,1147.0,False,F,1526,P
Earth,False,TRAPPIST-1e,22.0,False,658.0,0.0,0.0,161.0,3.0,True,F,1053,S
Mars,False,TRAPPIST-1e,,False,179.0,0.0,1805.0,131.0,0.0,False,E,293,P
Europa,False,TRAPPIST-1e,30.0,False,0.0,690.0,0.0,49.0,2264.0,False,B,124,P
Europa,False,55 Cancri e,39.0,False,3.0,83.0,0.0,805.0,2983.0,False,D,141,S
Mars,True,TRAPPIST-1e,21.0,False,,0.0,0.0,0.0,0.0,True,D,96,P
Mars,False,TRAPPIST-1e,28.0,False,3559.0,0.0,,13.0,2.0,False,D,150,P
Mars,False,TRAPPIST-1e,23.0,False,3211.0,4.0,243.0,0.0,0.0,False,E,437,P
Earth,False,TRAPPIST-1e,23.0,False,0.0,0.0,4.0,145.0,,False,F,1061,S
Earth,True,PSO J318.5-22,13.0,False,0.0,0.0,0.0,0.0,0.0,False,G,399,P
Mars,True,TRAPPIST-1e,70.0,False,0.0,0.0,0.0,0.0,0.0,True,F,466,S
Earth,False,TRAPPIST-1e,17.0,False,0.0,823.0,0.0,1168.0,14.0,False,F,1163,P
Earth,True,PSO J318.5-22,18.0,False,0.0,0.0,0.0,0.0,0.0,False,G,1409,P
Earth,False,TRAPPIST-1e,26.0,False,0.0,,0.0,543.0,,False,G,398,S
Earth,False,PSO J318.5-22,21.0,False,0.0,434.0,0.0,75.0,135.0,True,E,492,S
Mars,True,TRAPPIST-1e,18.0,False,0.0,0.0,0.0,0.0,0.0,True,F,1477,S
Earth,False,TRAPPIST-1e,57.0,False,0.0,1409.0,29.0,0.0,0.0,True,G,1014,P
Earth,False,TRAPPIST-1e,1.0,False,0.0,0.0,0.0,0.0,0.0,False,G,292,S
Europa,True,TRAPPIST-1e,26.0,False,0.0,0.0,0.0,0.0,0.0,True,C,175,P
Europa,False,TRAPPIST-1e,30.0,False,63.0,9314.0,249.0,2624.0,4538.0,False,C,79,S
Europa,,55 Cancri e,31.0,True,8243.0,280.0,0.0,3220.0,2285.0,False,C,281,P
Mars,True,TRAPPIST-1e,9.0,False,0.0,0.0,0.0,0.0,0.0,True,F,635,S
Europa,True,55 Cancri e,21.0,False,0.0,0.0,0.0,0.0,0.0,True,C,93,S
Earth,False,PSO J318.5-22,12.0,False,0.0,0.0,0.0,0.0,0.0,True,G,81,S
Mars,False,TRAPPIST-1e,38.0,False,1717.0,16.0,39.0,0.0,48.0,False,F,1399,P
Earth,True,PSO J318.5-22,31.0,False,0.0,0.0,0.0,0.0,0.0,False,G,1154,P
Europa,False,TRAPPIST-1e,4.0,False,0.0,,0.0,,0.0,True,C,306,S
Earth,False,TRAPPIST-1e,47.0,False,0.0,61.0,805.0,0.0,6.0,True,F,1535,P
Earth,False,,51.0,False,201.0,574.0,40.0,0.0,11.0,False,F,1217,P
Earth,True,TRAPPIST-1e,16.0,False,0.0,0.0,0.0,0.0,0.0,True,G,1150,S
Mars,True,TRAPPIST-1e,20.0,False,0.0,0.0,0.0,0.0,0.0,True,F,859,P
Mars,True,TRAPPIST-1e,34.0,False,0.0,0.0,0.0,0.0,0.0,True,F,1731,S
Mars,False,TRAPPIST-1e,26.0,True,1033.0,172.0,26.0,0.0,518.0,False,F,1021,P
Mars,True,TRAPPIST-1e,18.0,False,0.0,0.0,0.0,0.0,0.0,True,F,1132,S
Europa,False,TRAPPIST-1e,47.0,False,187.0,268.0,977.0,3441.0,236.0,False,E,566,S
Earth,False,TRAPPIST-1e,29.0,False,18.0,7.0,0.0,0.0,779.0,False,F,1672,P
Earth,False,PSO J318.5-22,5.0,False,0.0,0.0,0.0,0.0,0.0,False,G,550,P
Mars,False,TRAPPIST-1e,11.0,False,0.0,0.0,0.0,0.0,0.0,True,E,475,S
Europa,True,TRAPPIST-1e,39.0,False,0.0,0.0,0.0,0.0,0.0,True,B,144,P
Earth,False,TRAPPIST-1e,29.0,False,776.0,0.0,4.0,0.0,23.0,False,F,414,S
Europa,True,TRAPPIST-1e,33.0,False,0.0,0.0,0.0,0.0,0.0,True,D,25,S
Europa,True,TRAPPIST-1e,26.0,False,0.0,0.0,0.0,0.0,0.0,True,B,146,P
Europa,False,TRAPPIST-1e,34.0,False,0.0,3488.0,0.0,4343.0,38.0,False,C,27,S
Mars,False,55 Cancri e,31.0,False,1997.0,0.0,0.0,0.0,0.0,False,F,1625,S
Earth,False,TRAPPIST-1e,17.0,False,0.0,0.0,0.0,0.0,804.0,False,F,398,P
Earth,True,TRAPPIST-1e,27.0,False,0.0,0.0,0.0,0.0,0.0,True,G,575,P
Europa,False,TRAPPIST-1e,67.0,False,,230.0,0.0,4476.0,241.0,False,,,
Europa,False,TRAPPIST-1e,30.0,False,1.0,6398.0,0.0,2.0,295.0,True,D,56,P
Earth,False,PSO J318.5-22,11.0,False,0.0,0.0,0.0,0.0,0.0,False,G,505,S
Earth,False,TRAPPIST-1e,20.0,False,962.0,0.0,4581.0,105.0,0.0,True,E,294,P
Mars,True,TRAPPIST-1e,44.0,False,0.0,0.0,0.0,0.0,0.0,True,F,202,P
Europa,True,TRAPPIST-1e,24.0,False,0.0,0.0,0.0,0.0,0.0,True,C,307,S
Mars,True,55 Cancri e,26.0,False,0.0,0.0,0.0,0.0,0.0,True,F,1217,S
Mars,True,TRAPPIST-1e,40.0,False,0.0,0.0,0.0,0.0,0.0,True,F,700,S
Earth,False,TRAPPIST-1e,24.0,False,552.0,1.0,0.0,231.0,0.0,True,G,1043,S
Earth,True,PSO J318.5-22,29.0,False,0.0,0.0,,0.0,0.0,False,G,1375,S
Europa,True,55 Cancri e,26.0,False,0.0,0.0,0.0,0.0,0.0,True,B,244,P
Europa,True,PSO J318.5-22,30.0,False,0.0,0.0,0.0,0.0,0.0,True,C,293,S
Europa,True,TRAPPIST-1e,31.0,False,0.0,,0.0,0.0,0.0,True,B,326,S
Earth,False,TRAPPIST-1e,29.0,False,0.0,0.0,0.0,0.0,645.0,False,F,146,S
Earth,False,55 Cancri e,43.0,False,0.0,0.0,642.0,0.0,8.0,True,F,1378,P
Earth,False,TRAPPIST-1e,50.0,False,0.0,0.0,0.0,785.0,19.0,False,F,394,S
Mars,True,TRAPPIST-1e,25.0,False,0.0,0.0,0.0,0.0,0.0,True,F,808,S
Europa,False,TRAPPIST-1e,36.0,False,0.0,2177.0,0.0,1097.0,144.0,True,A,48,S
Europa,True,55 Cancri e,47.0,False,0.0,0.0,0.0,0.0,0.0,True,B,143,P
Earth,False,55 Cancri e,20.0,False,719.0,0.0,10.0,0.0,0.0,False,F,839,P
Europa,False,55 Cancri e,45.0,False,0.0,313.0,1791.0,414.0,1675.0,False,C,209,P
Europa,False,55 Cancri e,37.0,False,0.0,2337.0,0.0,204.0,76.0,True,B,181,S
Europa,False,TRAPPIST-1e,28.0,False,0.0,1014.0,0.0,2463.0,517.0,False,B,227,S
Mars,False,TRAPPIST-1e,61.0,,1143.0,0.0,580.0,0.0,0.0,False,D,198,S
Earth,False,TRAPPIST-1e,24.0,False,14.0,702.0,0.0,0.0,0.0,False,F,578,P
Europa,,TRAPPIST-1e,33.0,False,0.0,4017.0,,,2260.0,True,B,175,S
Europa,True,TRAPPIST-1e,60.0,,0.0,0.0,0.0,0.0,0.0,True,B,120,S
Earth,False,TRAPPIST-1e,20.0,False,0.0,20.0,1.0,696.0,0.0,False,F,1307,P
Europa,False,TRAPPIST-1e,31.0,False,0.0,1565.0,0.0,97.0,1678.0,True,C,137,S
Mars,False,TRAPPIST-1e,45.0,False,3309.0,0.0,10.0,0.0,0.0,False,D,98,S
Mars,True,55 Cancri e,21.0,False,0.0,0.0,0.0,0.0,0.0,True,D,176,S
Europa,False,TRAPPIST-1e,61.0,False,328.0,5193.0,0.0,20.0,533.0,True,B,145,S
Earth,False,TRAPPIST-1e,28.0,False,62.0,202.0,542.0,0.0,,True,F,1390,P
Earth,True,55 Cancri e,,False,0.0,0.0,0.0,0.0,0.0,True,G,27,S
Earth,False,TRAPPIST-1e,18.0,False,0.0,0.0,0.0,484.0,320.0,False,F,1433,S
Earth,False,55 Cancri e,0.0,False,0.0,0.0,0.0,0.0,0.0,False,G,842,P
Mars,False,TRAPPIST-1e,16.0,False,0.0,0.0,0.0,0.0,0.0,False,E,137,P
Earth,False,TRAPPIST-1e,6.0,False,0.0,0.0,0.0,0.0,0.0,True,E,136,P
Earth,True,,35.0,False,0.0,0.0,0.0,0.0,0.0,True,G,1332,S
Europa,False,TRAPPIST-1e,31.0,False,0.0,1216.0,0.0,897.0,478.0,False,E,234,S
Earth,True,PSO J318.5-22,20.0,False,0.0,0.0,0.0,,0.0,True,G,835,P
Earth,False,55 Cancri e,20.0,False,0.0,0.0,847.0,0.0,0.0,True,G,804,S
Europa,False,55 Cancri e,33.0,True,0.0,1473.0,1089.0,5700.0,1466.0,False,B,185,P
Earth,False,TRAPPIST-1e,18.0,False,490.0,0.0,54.0,195.0,0.0,False,F,1746,P
Europa,True,55 Cancri e,40.0,False,0.0,0.0,0.0,0.0,0.0,True,C,283,S
Earth,False,TRAPPIST-1e,18.0,False,1157.0,28.0,50.0,0.0,0.0,False,F,1688,P
Earth,False,TRAPPIST-1e,20.0,False,25.0,0.0,796.0,44.0,44.0,False,G,742,P
Europa,True,55 Cancri e,29.0,False,0.0,0.0,0.0,0.0,0.0,True,B,183,S
Earth,False,PSO J318.5-22,26.0,False,4.0,770.0,0.0,0.0,0.0,False,G,216,S
Earth,True,TRAPPIST-1e,21.0,False,0.0,0.0,0.0,0.0,,False,G,347,P
Mars,True,TRAPPIST-1e,21.0,False,0.0,0.0,0.0,0.0,0.0,True,F,984,P
Mars,False,55 Cancri e,,False,1722.0,4.0,937.0,0.0,0.0,False,F,551,P
Mars,False,TRAPPIST-1e,24.0,False,,0.0,299.0,814.0,0.0,False,F,1539,P
Earth,False,TRAPPIST-1e,14.0,False,360.0,0.0,2116.0,1.0,8.0,False,F,283,P
Earth,False,TRAPPIST-1e,20.0,False,0.0,802.0,0.0,16.0,0.0,False,G,1183,P
Mars,False,TRAPPIST-1e,25.0,False,68.0,0.0,3700.0,0.0,0.0,True,D,208,P
Earth,False,TRAPPIST-1e,21.0,False,737.0,4.0,27.0,8.0,0.0,False,F,278,P
Earth,True,TRAPPIST-1e,31.0,False,0.0,0.0,0.0,0.0,0.0,True,G,1505,P
Earth,True,PSO J318.5-22,36.0,False,0.0,0.0,0.0,0.0,0.0,True,G,1185,S
Europa,False,55 Cancri e,30.0,False,1569.0,,0.0,,2252.0,False,C,308,P
Europa,True,TRAPPIST-1e,15.0,False,0.0,0.0,0.0,0.0,0.0,True,B,329,S
Mars,False,55 Cancri e,28.0,False,49.0,0.0,0.0,2.0,1136.0,False,D,252,P
Europa,False,TRAPPIST-1e,1.0,False,0.0,0.0,0.0,0.0,0.0,True,C,82,P
Mars,False,TRAPPIST-1e,26.0,False,17.0,0.0,746.0,394.0,0.0,False,F,979,P
Europa,True,55 Cancri e,28.0,False,0.0,0.0,0.0,0.0,0.0,True,C,79,P
Earth,False,,12.0,False,0.0,0.0,0.0,0.0,0.0,False,G,805,P
Earth,False,TRAPPIST-1e,29.0,False,715.0,0.0,,698.0,106.0,False,F,879,P
Earth,False,55 Cancri e,42.0,False,0.0,279.0,30.0,409.0,0.0,True,E,483,P
Earth,True,TRAPPIST-1e,42.0,False,0.0,0.0,0.0,0.0,0.0,True,E,97,S
Earth,True,PSO J318.5-22,13.0,False,0.0,0.0,0.0,0.0,0.0,True,,,
Mars,False,TRAPPIST-1e,0.0,False,0.0,0.0,,0.0,0.0,True,F,1437,S
Mars,True,TRAPPIST-1e,28.0,False,0.0,0.0,0.0,0.0,0.0,True,F,753,P
Earth,False,TRAPPIST-1e,30.0,False,479.0,12.0,25.0,643.0,283.0,False,F,575,S
Earth,False,TRAPPIST-1e,24.0,False,5.0,1.0,7.0,0.0,895.0,False,G,814,P
Mars,False,55 Cancri e,43.0,False,528.0,13.0,1583.0,11.0,0.0,False,E,440,P
Europa,False,TRAPPIST-1e,34.0,False,15.0,3578.0,0.0,,473.0,True,B,82,S
Earth,False,TRAPPIST-1e,0.0,False,0.0,0.0,0.0,0.0,0.0,True,G,837,P
Earth,True,55 Cancri e,16.0,False,0.0,0.0,0.0,0.0,0.0,True,G,1352,S
Earth,True,PSO J318.5-22,17.0,False,0.0,0.0,0.0,0.0,0.0,True,G,535,P
Europa,True,55 Cancri e,46.0,False,0.0,0.0,0.0,0.0,0.0,True,A,5,S
Earth,False,TRAPPIST-1e,30.0,False,335.0,695.0,541.0,0.0,0.0,False,F,53,P
Europa,True,TRAPPIST-1e,29.0,False,0.0,0.0,,0.0,0.0,True,C,42,P
Earth,True,PSO J318.5-22,23.0,False,0.0,0.0,0.0,0.0,0.0,False,G,342,P
Europa,False,TRAPPIST-1e,48.0,False,0.0,9633.0,0.0,1.0,2.0,True,B,184,S
Europa,True,TRAPPIST-1e,36.0,False,0.0,0.0,0.0,0.0,0.0,True,,,
Mars,False,55 Cancri e,24.0,False,469.0,0.0,,196.0,0.0,True,E,275,S
Mars,False,TRAPPIST-1e,42.0,False,836.0,0.0,51.0,304.0,0.0,False,F,151,S
Earth,False,TRAPPIST-1e,33.0,False,0.0,763.0,1.0,66.0,84.0,False,G,372,P
Mars,True,55 Cancri e,0.0,False,0.0,0.0,0.0,0.0,0.0,True,F,981,P
Earth,True,TRAPPIST-1e,18.0,False,0.0,0.0,0.0,0.0,0.0,True,G,108,S
Europa,True,55 Cancri e,,False,0.0,0.0,0.0,0.0,0.0,True,D,9,S
Europa,False,TRAPPIST-1e,18.0,False,4.0,1337.0,0.0,0.0,182.0,False,B,222,P
Mars,False,TRAPPIST-1e,31.0,False,2436.0,0.0,147.0,16.0,0.0,False,F,317,S
Mars,True,TRAPPIST-1e,41.0,False,0.0,0.0,0.0,0.0,0.0,True,F,1477,S
Europa,True,TRAPPIST-1e,49.0,False,0.0,,0.0,0.0,0.0,True,C,245,S
Earth,False,TRAPPIST-1e,24.0,False,25.0,284.0,0.0,330.0,64.0,False,F,696,S
Earth,False,TRAPPIST-1e,24.0,False,0.0,1220.0,0.0,140.0,0.0,False,F,438,S
Earth,False,TRAPPIST-1e,51.0,False,0.0,0.0,0.0,101.0,1357.0,False,F,374,S
Mars,False,TRAPPIST-1e,21.0,False,74.0,0.0,713.0,0.0,502.0,True,F,930,S
Earth,False,TRAPPIST-1e,23.0,False,0.0,2891.0,0.0,6.0,0.0,True,F,1084,P
Mars,True,TRAPPIST-1e,29.0,False,0.0,,0.0,0.0,0.0,True,,,
Europa,False,55 Cancri e,35.0,False,4.0,3857.0,324.0,899.0,375.0,False,B,201,P
Mars,False,TRAPPIST-1e,27.0,False,244.0,0.0,492.0,297.0,23.0,True,D,252,S
Europa,False,TRAPPIST-1e,34.0,False,47.0,287.0,0.0,4302.0,0.0,False,B,27,S
Earth,False,TRAPPIST-1e,38.0,False,139.0,9.0,0.0,0.0,582.0,False,F,1689,S
Earth,False,PSO J318.5-22,24.0,False,0.0,0.0,40.0,0.0,575.0,False,G,1453,P
Earth,True,TRAPPIST-1e,43.0,False,0.0,0.0,0.0,0.0,0.0,False,G,352,S
Earth,True,TRAPPIST-1e,35.0,False,0.0,0.0,0.0,0.0,0.0,True,G,1030,S
Earth,False,PSO J318.5-22,20.0,False,0.0,,0.0,0.0,1318.0,False,F,1447,P
Mars,False,TRAPPIST-1e,41.0,False,688.0,31.0,1880.0,0.0,,False,F,1611,P
Earth,True,55 Cancri e,,False,0.0,0.0,0.0,0.0,0.0,False,G,1245,P
Earth,False,PSO J318.5-22,25.0,False,458.0,240.0,0.0,239.0,0.0,True,F,1073,S
Mars,True,TRAPPIST-1e,18.0,False,0.0,0.0,0.0,0.0,0.0,True,F,838,S
Europa,False,TRAPPIST-1e,13.0,False,0.0,3680.0,0.0,1529.0,3854.0,False,B,270,P
Earth,True,PSO J318.5-22,24.0,False,0.0,0.0,0.0,0.0,0.0,False,G,829,P
Mars,False,TRAPPIST-1e,43.0,False,336.0,11.0,796.0,15.0,0.0,True,F,609,P
Earth,True,TRAPPIST-1e,0.0,False,,0.0,0.0,0.0,0.0,False,G,1418,S
Earth,False,PSO J318.5-22,20.0,False,11.0,725.0,0.0,0.0,0.0,True,F,1457,S
Earth,True,TRAPPIST-1e,53.0,False,0.0,0.0,0.0,0.0,0.0,False,G,1248,S
Europa,True,55 Cancri e,34.0,False,0.0,0.0,0.0,0.0,0.0,True,C,56,P
Mars,False,TRAPPIST-1e,61.0,False,1711.0,0.0,0.0,0.0,8.0,False,D,232,P
Europa,False,TRAPPIST-1e,29.0,False,0.0,584.0,5468.0,7.0,661.0,True,C,195,P
Europa,True,TRAPPIST-1e,46.0,False,0.0,0.0,0.0,0.0,0.0,True,C,65,S
Europa,True,55 Cancri e,25.0,False,0.0,0.0,0.0,0.0,0.0,True,C,284,P
Mars,False,TRAPPIST-1e,25.0,False,1228.0,0.0,132.0,0.0,0.0,False,E,180,P
Mars,True,TRAPPIST-1e,27.0,False,0.0,0.0,0.0,0.0,0.0,True,F,423,P
Europa,False,55 Cancri e,35.0,False,0.0,1135.0,0.0,0.0,3880.0,True,C,191,S
Mars,True,TRAPPIST-1e,19.0,False,0.0,0.0,0.0,0.0,0.0,True,F,1001,P
,True,TRAPPIST-1e,22.0,False,0.0,0.0,0.0,0.0,0.0,True,F,1729,S
Mars,False,TRAPPIST-1e,32.0,True,2484.0,429.0,102.0,0.0,0.0,False,D,15,P
Mars,True,TRAPPIST-1e,31.0,False,0.0,0.0,0.0,0.0,0.0,True,F,96,P
Earth,False,TRAPPIST-1e,24.0,False,0.0,86.0,704.0,0.0,1.0,True,E,36,S
Earth,True,55 Cancri e,3.0,False,0.0,0.0,0.0,0.0,0.0,True,G,1418,S
Europa,False,TRAPPIST-1e,22.0,False,0.0,297.0,3.0,676.0,2924.0,False,C,82,P
Earth,False,TRAPPIST-1e,26.0,False,21.0,0.0,499.0,568.0,0.0,True,F,343,P
Mars,True,TRAPPIST-1e,21.0,False,0.0,0.0,0.0,0.0,0.0,True,F,1825,P
Earth,True,55 Cancri e,34.0,False,0.0,0.0,0.0,0.0,0.0,True,G,970,S
Earth,True,PSO J318.5-22,17.0,False,,0.0,0.0,0.0,0.0,True,G,825,P
Earth,False,TRAPPIST-1e,17.0,False,0.0,810.0,66.0,0.0,0.0,True,F,1808,P
Europa,,TRAPPIST-1e,16.0,False,0.0,1417.0,3.0,27.0,186.0,True,C,272,S
Earth,False,TRAPPIST-1e,23.0,False,1277.0,84.0,0.0,240.0,598.0,True,F,861,P
Earth,True,TRAPPIST-1e,17.0,False,0.0,0.0,0.0,0.0,0.0,True,G,925,S
Earth,False,TRAPPIST-1e,40.0,False,0.0,901.0,0.0,0.0,89.0,False,E,291,S
Europa,True,55 Cancri e,33.0,False,0.0,0.0,0.0,0.0,0.0,True,B,260,P
Earth,False,TRAPPIST-1e,29.0,False,0.0,10.0,0.0,594.0,120.0,False,F,1014,S
Mars,False,TRAPPIST-1e,57.0,False,368.0,0.0,636.0,1082.0,512.0,False,F,1289,P
Europa,True,TRAPPIST-1e,35.0,False,0.0,0.0,0.0,0.0,0.0,True,D,200,S
Mars,True,TRAPPIST-1e,24.0,False,0.0,0.0,0.0,0.0,0.0,False,E,372,S
Mars,True,TRAPPIST-1e,35.0,False,0.0,0.0,0.0,0.0,0.0,True,F,52,P
Earth,True,55 Cancri e,15.0,False,0.0,0.0,0.0,0.0,0.0,True,G,377,P
Earth,True,55 Cancri e,20.0,False,0.0,0.0,0.0,0.0,0.0,True,G,554,P
Mars,False,PSO J318.5-22,56.0,False,233.0,0.0,1356.0,0.0,171.0,False,F,964,P
Earth,False,TRAPPIST-1e,23.0,False,382.0,0.0,398.0,8.0,0.0,False,E,121,P
Mars,False,TRAPPIST-1e,18.0,False,556.0,0.0,0.0,852.0,6.0,True,F,206,S
,True,TRAPPIST-1e,29.0,False,0.0,0.0,0.0,0.0,0.0,False,F,1490,S
Earth,False,PSO J318.5-22,37.0,False,0.0,0.0,559.0,11.0,0.0,True,F,1047,S
Earth,True,TRAPPIST-1e,2.0,False,0.0,0.0,0.0,0.0,0.0,True,G,857,P
Earth,False,TRAPPIST-1e,21.0,False,7.0,0.0,622.0,0.0,0.0,False,F,1644,P
Mars,True,TRAPPIST-1e,24.0,False,0.0,0.0,0.0,0.0,0.0,True,F,1640,P
Europa,False,TRAPPIST-1e,32.0,False,0.0,179.0,0.0,0.0,5152.0,False,B,30,S
Europa,True,55 Cancri e,30.0,False,0.0,0.0,0.0,0.0,0.0,True,B,101,P
Europa,True,55 Cancri e,14.0,False,0.0,0.0,0.0,0.0,0.0,True,B,1,P
Earth,False,PSO J318.5-22,25.0,False,60.0,0.0,0.0,0.0,777.0,False,G,1135,S
Earth,False,TRAPPIST-1e,24.0,False,121.0,20.0,0.0,68.0,506.0,False,F,407,S
Earth,False,TRAPPIST-1e,43.0,False,0.0,0.0,0.0,1200.0,17.0,False,F,391,P
Mars,False,TRAPPIST-1e,21.0,False,0.0,1.0,2832.0,0.0,0.0,True,F,1045,P
Earth,True,PSO J318.5-22,29.0,False,0.0,0.0,0.0,0.0,0.0,True,G,46,P
Mars,False,PSO J318.5-22,43.0,False,244.0,0.0,358.0,160.0,800.0,True,E,485,P
Mars,True,TRAPPIST-1e,28.0,,0.0,0.0,0.0,0.0,0.0,True,F,1151,S
Earth,False,,52.0,False,935.0,779.0,0.0,0.0,0.0,True,G,777,S
Earth,False,TRAPPIST-1e,14.0,False,30.0,59.0,0.0,572.0,0.0,False,F,740,P
Earth,False,TRAPPIST-1e,33.0,False,201.0,819.0,0.0,0.0,0.0,True,G,1327,S
Earth,False,55 Cancri e,16.0,False,876.0,0.0,5.0,1.0,16.0,False,F,330,P
Europa,False,TRAPPIST-1e,47.0,False,3865.0,3810.0,0.0,12.0,196.0,False,A,27,P
Earth,True,TRAPPIST-1e,27.0,,0.0,0.0,0.0,0.0,0.0,False,G,152,S
Earth,False,TRAPPIST-1e,51.0,False,3.0,33.0,12.0,38.0,896.0,False,E,487,S
Earth,True,TRAPPIST-1e,50.0,False,0.0,0.0,0.0,0.0,0.0,True,G,1393,S
Europa,False,TRAPPIST-1e,55.0,False,0.0,846.0,0.0,263.0,2024.0,False,A,22,P
Earth,False,TRAPPIST-1e,22.0,False,0.0,0.0,6.0,0.0,733.0,False,F,1620,S
Earth,False,TRAPPIST-1e,19.0,False,14.0,614.0,0.0,160.0,0.0,False,E,432,S
,False,TRAPPIST-1e,34.0,False,0.0,3195.0,0.0,102.0,1469.0,True,C,209,S
Earth,True,TRAPPIST-1e,19.0,False,0.0,0.0,0.0,0.0,0.0,False,G,910,P
Earth,True,TRAPPIST-1e,4.0,False,0.0,0.0,0.0,0.0,0.0,True,G,1267,S
Mars,False,TRAPPIST-1e,18.0,False,3591.0,0.0,158.0,0.0,120.0,False,E,493,P
Europa,False,TRAPPIST-1e,27.0,False,0.0,2897.0,659.0,485.0,11.0,True,E,450,P
Earth,True,TRAPPIST-1e,36.0,False,0.0,0.0,0.0,0.0,0.0,True,G,1037,S
Europa,True,TRAPPIST-1e,27.0,False,0.0,0.0,0.0,0.0,0.0,True,C,131,P
Earth,False,TRAPPIST-1e,16.0,False,0.0,1.0,0.0,,61.0,False,F,1054,P
Earth,False,TRAPPIST-1e,33.0,False,0.0,0.0,232.0,0.0,622.0,False,G,722,S
Earth,True,TRAPPIST-1e,14.0,False,0.0,0.0,0.0,0.0,0.0,True,G,862,S
Europa,False,,47.0,False,0.0,5252.0,0.0,124.0,300.0,True,C,113,S
Europa,True,TRAPPIST-1e,42.0,False,0.0,0.0,0.0,0.0,0.0,True,C,21,P
Earth,False,TRAPPIST-1e,40.0,False,634.0,60.0,134.0,0.0,0.0,False,F,1630,P
Earth,False,TRAPPIST-1e,22.0,False,0.0,1145.0,0.0,0.0,371.0,False,F,1529,S
Earth,True,55 Cancri e,39.0,False,0.0,0.0,0.0,0.0,0.0,True,G,479,P
Earth,False,55 Cancri e,11.0,False,0.0,0.0,0.0,0.0,0.0,True,G,655,P
Europa,False,TRAPPIST-1e,28.0,False,0.0,1883.0,0.0,1.0,4560.0,False,A,54,S
Mars,False,TRAPPIST-1e,,False,1030.0,0.0,158.0,0.0,28.0,False,F,1386,S
Earth,False,TRAPPIST-1e,21.0,False,621.0,0.0,0.0,0.0,0.0,False,G,941,P
Earth,False,55 Cancri e,13.0,False,1.0,212.0,843.0,78.0,10.0,True,F,232,S
Earth,False,TRAPPIST-1e,49.0,False,1020.0,0.0,2.0,2.0,0.0,True,G,879,S
Europa,False,TRAPPIST-1e,31.0,False,0.0,1382.0,0.0,1795.0,588.0,False,A,57,S
Earth,False,TRAPPIST-1e,22.0,False,0.0,581.0,226.0,74.0,0.0,True,G,107,S
Europa,True,TRAPPIST-1e,41.0,False,0.0,0.0,,0.0,0.0,True,B,317,S
Earth,True,TRAPPIST-1e,32.0,False,0.0,0.0,0.0,0.0,0.0,True,G,533,P
Earth,False,TRAPPIST-1e,48.0,False,0.0,111.0,0.0,1508.0,0.0,False,E,24,P
Earth,False,TRAPPIST-1e,11.0,False,0.0,0.0,0.0,0.0,0.0,False,G,872,P
Mars,False,TRAPPIST-1e,13.0,False,760.0,2.0,2.0,,0.0,False,F,581,S
Europa,True,TRAPPIST-1e,45.0,False,0.0,0.0,0.0,0.0,0.0,True,C,114,S
Earth,True,TRAPPIST-1e,4.0,False,0.0,0.0,0.0,0.0,0.0,True,G,220,P
Europa,False,TRAPPIST-1e,37.0,False,31.0,9307.0,0.0,904.0,11213.0,False,,,
Europa,,,19.0,False,0.0,0.0,0.0,0.0,0.0,True,B,288,S
Mars,False,TRAPPIST-1e,23.0,False,455.0,10.0,591.0,232.0,0.0,False,F,1758,S
Europa,True,55 Cancri e,18.0,False,0.0,0.0,0.0,0.0,0.0,True,B,19,S
Earth,False,55 Cancri e,27.0,False,688.0,307.0,779.0,0.0,19.0,False,G,470,P
Mars,False,TRAPPIST-1e,26.0,False,1178.0,7.0,0.0,7.0,0.0,False,F,743,P
Earth,False,55 Cancri e,24.0,False,2.0,644.0,0.0,0.0,0.0,False,F,1766,P
Earth,True,PSO J318.5-22,18.0,False,0.0,0.0,0.0,0.0,0.0,True,G,640,S
Earth,True,TRAPPIST-1e,30.0,False,0.0,0.0,0.0,0.0,0.0,True,G,231,P
Earth,True,TRAPPIST-1e,33.0,False,0.0,0.0,0.0,0.0,0.0,True,G,632,P
Earth,False,,22.0,False,804.0,0.0,0.0,0.0,0.0,False,F,1696,S
Earth,True,55 Cancri e,49.0,False,0.0,0.0,0.0,0.0,0.0,True,G,906,S
Earth,True,TRAPPIST-1e,50.0,,0.0,0.0,0.0,0.0,0.0,False,G,969,P
Earth,False,TRAPPIST-1e,19.0,False,0.0,0.0,0.0,484.0,344.0,False,F,755,P
Mars,False,TRAPPIST-1e,47.0,False,405.0,0.0,193.0,458.0,0.0,False,D,46,S
Europa,False,TRAPPIST-1e,37.0,False,0.0,4616.0,339.0,2008.0,175.0,True,C,243,S
Earth,False,TRAPPIST-1e,19.0,False,0.0,0.0,1761.0,0.0,36.0,True,F,1671,P
Earth,False,PSO J318.5-22,22.0,False,2.0,257.0,348.0,2.0,0.0,True,F,711,S
Earth,False,PSO J318.5-22,24.0,,0.0,73.0,617.0,0.0,0.0,True,F,1238,P
Europa,False,TRAPPIST-1e,28.0,,0.0,4585.0,0.0,2.0,35.0,True,C,229,S
Earth,True,TRAPPIST-1e,0.0,False,0.0,0.0,0.0,0.0,0.0,True,E,97,S
Earth,True,TRAPPIST-1e,3.0,False,0.0,0.0,0.0,0.0,0.0,True,G,994,S
Earth,True,TRAPPIST-1e,19.0,False,0.0,0.0,0.0,0.0,0.0,True,G,916,P
Earth,False,TRAPPIST-1e,8.0,False,0.0,0.0,0.0,0.0,0.0,False,G,1476,P
Mars,True,TRAPPIST-1e,35.0,False,0.0,0.0,0.0,0.0,0.0,True,F,860,S
Earth,False,TRAPPIST-1e,23.0,False,1.0,0.0,778.0,8.0,,True,F,666,S
Earth,False,TRAPPIST-1e,20.0,False,4.0,353.0,193.0,241.0,0.0,False,E,197,P
Earth,False,TRAPPIST-1e,23.0,False,0.0,10.0,159.0,,125.0,True,F,916,P
Earth,True,TRAPPIST-1e,16.0,False,0.0,0.0,0.0,0.0,0.0,True,G,898,P
Earth,False,TRAPPIST-1e,46.0,False,1.0,0.0,898.0,0.0,96.0,True,E,326,P
Europa,True,TRAPPIST-1e,64.0,False,0.0,0.0,0.0,0.0,0.0,True,B,82,S
Europa,True,TRAPPIST-1e,25.0,False,0.0,0.0,0.0,0.0,0.0,True,E,426,P
Earth,False,TRAPPIST-1e,54.0,False,1.0,0.0,109.0,,1.0,False,G,1174,S
Earth,False,TRAPPIST-1e,4.0,False,0.0,0.0,0.0,0.0,0.0,False,G,1455,P
Earth,False,TRAPPIST-1e,22.0,False,1.0,702.0,0.0,0.0,0.0,False,F,1768,S
Europa,False,TRAPPIST-1e,27.0,True,0.0,3341.0,,80.0,654.0,True,C,76,P
Earth,False,TRAPPIST-1e,20.0,False,0.0,420.0,210.0,0.0,0.0,True,F,31,S
Earth,False,55 Cancri e,22.0,False,654.0,2.0,83.0,0.0,0.0,False,F,1159,P
Europa,True,TRAPPIST-1e,13.0,False,0.0,0.0,0.0,0.0,0.0,True,C,210,S
Europa,False,55 Cancri e,35.0,True,8030.0,300.0,0.0,0.0,1436.0,False,,,
Earth,False,TRAPPIST-1e,35.0,False,12.0,687.0,46.0,2.0,0.0,False,F,166,S
Europa,False,TRAPPIST-1e,69.0,True,0.0,269.0,0.0,190.0,9033.0,False,B,269,P
Earth,False,TRAPPIST-1e,44.0,False,857.0,0.0,1.0,8.0,17.0,False,G,1428,P
Earth,,TRAPPIST-1e,4.0,False,0.0,0.0,0.0,0.0,,True,G,250,S
Europa,False,TRAPPIST-1e,43.0,False,105.0,368.0,268.0,842.0,13.0,True,B,55,S
Mars,True,TRAPPIST-1e,31.0,False,0.0,0.0,0.0,0.0,0.0,True,F,95,S
Earth,False,TRAPPIST-1e,24.0,False,191.0,497.0,0.0,0.0,16.0,False,G,746,P
Earth,False,TRAPPIST-1e,22.0,False,0.0,752.0,18.0,0.0,18.0,True,E,456,S
Mars,False,TRAPPIST-1e,20.0,False,1146.0,0.0,0.0,0.0,3.0,False,F,422,P
Mars,False,TRAPPIST-1e,,False,473.0,0.0,575.0,0.0,0.0,False,E,459,S
Earth,,TRAPPIST-1e,15.0,False,10.0,0.0,99.0,,2031.0,False,F,627,S
Mars,False,TRAPPIST-1e,13.0,,6726.0,0.0,1605.0,1266.0,0.0,False,,,
Earth,False,TRAPPIST-1e,63.0,False,3.0,801.0,0.0,0.0,5.0,True,G,229,P
Europa,True,TRAPPIST-1e,21.0,False,0.0,0.0,0.0,0.0,,True,B,36,P
Mars,False,TRAPPIST-1e,33.0,False,705.0,0.0,1905.0,13.0,0.0,True,F,1071,P
Earth,True,TRAPPIST-1e,14.0,False,0.0,0.0,0.0,0.0,0.0,True,G,71,S
Mars,False,TRAPPIST-1e,26.0,False,1967.0,0.0,116.0,,0.0,False,F,1450,P
Europa,False,TRAPPIST-1e,55.0,,916.0,1056.0,0.0,1677.0,593.0,False,C,229,S
Europa,True,TRAPPIST-1e,31.0,False,0.0,0.0,0.0,0.0,0.0,True,B,341,S
Earth,False,TRAPPIST-1e,17.0,False,103.0,2183.0,0.0,16.0,0.0,True,F,822,P
Europa,False,55 Cancri e,36.0,False,0.0,847.0,,4664.0,89.0,False,E,95,S
Europa,False,TRAPPIST-1e,29.0,False,6.0,5.0,0.0,6235.0,434.0,False,C,159,P
Europa,True,55 Cancri e,29.0,False,0.0,,0.0,0.0,0.0,True,E,326,S
Mars,False,PSO J318.5-22,20.0,True,14.0,0.0,59.0,1777.0,0.0,False,F,936,P
Earth,False,TRAPPIST-1e,48.0,False,0.0,21.0,0.0,0.0,786.0,True,F,713,S
,False,55 Cancri e,21.0,False,1720.0,2337.0,0.0,1.0,335.0,False,,,
Earth,False,TRAPPIST-1e,23.0,False,27.0,0.0,32.0,725.0,0.0,False,G,720,S
Earth,True,TRAPPIST-1e,42.0,False,0.0,0.0,0.0,0.0,0.0,True,G,630,S
Mars,False,TRAPPIST-1e,20.0,False,574.0,1.0,792.0,11.0,0.0,False,E,602,S
Europa,True,55 Cancri e,42.0,False,0.0,0.0,0.0,0.0,0.0,True,,,
Europa,False,55 Cancri e,31.0,True,0.0,2461.0,0.0,51.0,2141.0,False,A,40,P
Europa,False,TRAPPIST-1e,36.0,False,0.0,4756.0,0.0,7818.0,96.0,False,D,81,S
Earth,False,PSO J318.5-22,43.0,False,635.0,53.0,0.0,3.0,0.0,True,E,355,P
Earth,False,TRAPPIST-1e,24.0,False,0.0,7.0,548.0,4.0,0.0,True,F,658,P
Europa,False,TRAPPIST-1e,37.0,False,26.0,2898.0,9.0,0.0,40.0,True,D,219,P
Europa,True,55 Cancri e,56.0,False,0.0,0.0,0.0,0.0,0.0,True,C,73,S
Mars,True,TRAPPIST-1e,,False,0.0,0.0,0.0,0.0,0.0,True,F,774,P
Earth,False,TRAPPIST-1e,,False,0.0,0.0,0.0,0.0,0.0,False,G,1284,P
Europa,True,TRAPPIST-1e,25.0,False,0.0,0.0,0.0,0.0,0.0,True,B,105,P
Earth,True,55 Cancri e,33.0,False,0.0,0.0,,0.0,0.0,True,G,215,S
Europa,False,TRAPPIST-1e,27.0,False,267.0,2802.0,0.0,54.0,77.0,True,C,144,P
Earth,False,TRAPPIST-1e,15.0,False,0.0,10.0,0.0,595.0,381.0,False,E,531,S
Europa,True,TRAPPIST-1e,48.0,False,0.0,0.0,0.0,0.0,,True,B,340,S
Earth,True,PSO J318.5-22,63.0,False,0.0,0.0,0.0,0.0,0.0,True,G,960,S
Europa,False,55 Cancri e,28.0,True,19.0,22.0,2974.0,3603.0,158.0,False,B,251,S
Europa,True,TRAPPIST-1e,32.0,False,0.0,,0.0,0.0,0.0,True,C,62,S
Europa,True,TRAPPIST-1e,27.0,False,0.0,0.0,0.0,0.0,0.0,True,B,88,P
Europa,True,TRAPPIST-1e,41.0,False,0.0,0.0,0.0,0.0,0.0,True,C,338,S
Europa,False,TRAPPIST-1e,29.0,False,0.0,841.0,0.0,1733.0,11.0,False,E,426,P
Earth,False,TRAPPIST-1e,51.0,False,0.0,1.0,0.0,51.0,945.0,False,E,79,P
Europa,False,55 Cancri e,27.0,False,332.0,918.0,0.0,5.0,4817.0,False,C,179,P
Earth,True,TRAPPIST-1e,16.0,False,0.0,0.0,0.0,0.0,0.0,True,G,261,P
Earth,False,TRAPPIST-1e,37.0,False,1442.0,4.0,0.0,3.0,0.0,False,F,1434,S
Mars,False,TRAPPIST-1e,48.0,False,1200.0,0.0,38.0,48.0,0.0,False,F,564,P
Mars,True,TRAPPIST-1e,19.0,False,0.0,0.0,0.0,0.0,0.0,True,F,207,P
Earth,False,TRAPPIST-1e,63.0,False,0.0,243.0,0.0,777.0,0.0,False,G,1244,P
Europa,False,TRAPPIST-1e,32.0,True,527.0,1863.0,0.0,417.0,2905.0,False,A,75,P
Earth,False,TRAPPIST-1e,23.0,False,0.0,7.0,0.0,190.0,501.0,False,F,991,S
Europa,True,TRAPPIST-1e,14.0,False,0.0,0.0,0.0,0.0,0.0,True,E,461,P
Earth,True,TRAPPIST-1e,18.0,False,0.0,0.0,0.0,0.0,0.0,True,G,1378,S
Europa,True,TRAPPIST-1e,40.0,False,0.0,0.0,0.0,0.0,0.0,True,B,152,P
Earth,True,55 Cancri e,28.0,False,0.0,0.0,0.0,0.0,0.0,True,G,912,P
Mars,True,TRAPPIST-1e,75.0,False,0.0,0.0,0.0,0.0,0.0,True,,,
Earth,False,TRAPPIST-1e,38.0,False,0.0,0.0,0.0,0.0,0.0,True,,,
Earth,False,TRAPPIST-1e,15.0,False,0.0,0.0,0.0,938.0,44.0,False,E,460,S
Europa,False,TRAPPIST-1e,33.0,False,0.0,1513.0,5.0,63.0,144.0,True,A,71,S
Europa,False,55 Cancri e,,False,0.0,8162.0,1044.0,699.0,46.0,True,B,211,S
Earth,False,TRAPPIST-1e,57.0,False,0.0,839.0,1.0,0.0,2.0,True,G,1368,P
Europa,True,TRAPPIST-1e,25.0,False,0.0,0.0,0.0,0.0,0.0,True,D,77,S
Europa,False,TRAPPIST-1e,53.0,False,0.0,143.0,1632.0,3.0,756.0,True,B,46,S
Earth,True,PSO J318.5-22,22.0,False,0.0,0.0,0.0,0.0,0.0,True,G,184,P
Earth,False,TRAPPIST-1e,20.0,False,9.0,0.0,1462.0,94.0,54.0,True,E,260,S
Mars,False,TRAPPIST-1e,,False,279.0,11.0,40.0,718.0,0.0,False,E,525,P
Mars,,55 Cancri e,22.0,False,0.0,0.0,0.0,0.0,0.0,True,F,1134,S
Europa,False,TRAPPIST-1e,24.0,False,812.0,5450.0,0.0,1.0,262.0,True,C,286,S
Earth,True,TRAPPIST-1e,31.0,False,0.0,0.0,0.0,0.0,0.0,True,G,779,S
Earth,False,55 Cancri e,20.0,False,748.0,0.0,0.0,0.0,487.0,False,F,1485,S
Earth,False,TRAPPIST-1e,23.0,False,0.0,491.0,0.0,61.0,0.0,True,F,1085,P
Earth,True,TRAPPIST-1e,0.0,False,0.0,0.0,0.0,0.0,0.0,True,G,1498,P
Earth,False,TRAPPIST-1e,26.0,False,0.0,0.0,827.0,1.0,0.0,False,F,1077,P
Europa,False,55 Cancri e,33.0,False,0.0,1001.0,2280.0,,29.0,True,C,101,P
Europa,True,TRAPPIST-1e,27.0,False,0.0,0.0,,0.0,0.0,True,B,27,S
,False,TRAPPIST-1e,24.0,False,13.0,193.0,0.0,0.0,591.0,False,F,557,P
Europa,False,TRAPPIST-1e,41.0,False,0.0,412.0,0.0,4030.0,0.0,False,C,178,S
Europa,False,TRAPPIST-1e,28.0,False,0.0,3627.0,0.0,31.0,3263.0,False,C,140,P
Earth,False,55 Cancri e,3.0,False,0.0,0.0,0.0,0.0,0.0,True,G,1402,P
Earth,False,TRAPPIST-1e,42.0,False,815.0,19.0,2.0,11.0,17.0,False,F,1754,S
Earth,True,TRAPPIST-1e,17.0,False,0.0,0.0,0.0,0.0,0.0,True,G,62,S
Earth,False,TRAPPIST-1e,42.0,False,1132.0,0.0,0.0,77.0,608.0,False,G,1231,P
Europa,True,55 Cancri e,38.0,False,0.0,0.0,0.0,0.0,0.0,True,B,348,S
Europa,False,TRAPPIST-1e,31.0,False,588.0,1261.0,0.0,228.0,6.0,False,A,58,S
Earth,False,TRAPPIST-1e,24.0,False,181.0,224.0,0.0,195.0,191.0,False,E,89,P
Mars,True,TRAPPIST-1e,13.0,False,0.0,0.0,0.0,0.0,0.0,True,F,1713,S
Earth,True,55 Cancri e,23.0,False,0.0,0.0,0.0,0.0,0.0,True,G,1011,P
Europa,True,55 Cancri e,31.0,False,0.0,0.0,0.0,0.0,0.0,True,B,181,P
Mars,True,55 Cancri e,25.0,False,0.0,0.0,0.0,0.0,0.0,True,F,654,P
Mars,False,TRAPPIST-1e,41.0,False,1.0,0.0,808.0,0.0,0.0,False,D,189,P
Earth,False,TRAPPIST-1e,27.0,False,1.0,355.0,757.0,0.0,,False,E,246,P
Earth,False,,22.0,False,0.0,0.0,889.0,0.0,0.0,True,G,604,S
Earth,,TRAPPIST-1e,1.0,False,0.0,0.0,0.0,0.0,0.0,False,G,1267,P
Europa,False,TRAPPIST-1e,28.0,False,0.0,2896.0,46.0,5248.0,8169.0,False,C,233,P
Europa,False,55 Cancri e,34.0,False,0.0,22.0,,3028.0,3768.0,False,C,81,P
Mars,False,TRAPPIST-1e,,False,848.0,1497.0,2.0,0.0,0.0,False,E,343,P
Earth,False,TRAPPIST-1e,39.0,False,0.0,829.0,0.0,1.0,0.0,True,F,1036,S
Earth,True,PSO J318.5-22,36.0,False,0.0,0.0,0.0,0.0,0.0,True,G,268,P
Europa,True,55 Cancri e,28.0,False,0.0,0.0,0.0,0.0,0.0,True,B,167,S
Earth,False,TRAPPIST-1e,12.0,False,0.0,0.0,0.0,0.0,0.0,False,G,183,S
Mars,True,TRAPPIST-1e,70.0,False,0.0,0.0,0.0,0.0,0.0,True,F,573,S
Earth,False,TRAPPIST-1e,24.0,False,180.0,264.0,0.0,1225.0,0.0,False,E,212,S
Earth,False,TRAPPIST-1e,31.0,False,0.0,243.0,1.0,559.0,0.0,False,F,558,P
,False,TRAPPIST-1e,0.0,False,0.0,0.0,0.0,0.0,0.0,False,G,1022,P
Europa,False,55 Cancri e,25.0,False,0.0,16016.0,1025.0,189.0,1037.0,True,C,285,S
Earth,True,TRAPPIST-1e,0.0,False,0.0,0.0,0.0,0.0,0.0,False,G,117,S
Europa,True,TRAPPIST-1e,31.0,False,0.0,0.0,0.0,0.0,0.0,True,B,318,S
Mars,True,TRAPPIST-1e,40.0,False,0.0,0.0,0.0,0.0,0.0,True,,,
Earth,True,TRAPPIST-1e,11.0,False,0.0,0.0,0.0,0.0,0.0,True,G,64,S
Earth,True,PSO J318.5-22,7.0,False,0.0,0.0,0.0,0.0,0.0,True,G,991,S
Earth,False,55 Cancri e,4.0,False,0.0,0.0,0.0,0.0,0.0,True,G,1319,S
Mars,False,PSO J318.5-22,37.0,True,381.0,0.0,3.0,447.0,0.0,False,D,31,S
Europa,True,55 Cancri e,48.0,False,0.0,0.0,0.0,0.0,0.0,True,B,113,P
Mars,False,TRAPPIST-1e,36.0,False,3002.0,21.0,150.0,0.0,0.0,False,D,136,S
Europa,,55 Cancri e,28.0,True,5.0,4288.0,0.0,745.0,5.0,True,B,15,S
Earth,False,TRAPPIST-1e,20.0,False,415.0,479.0,0.0,1019.0,239.0,False,F,1476,P
Earth,False,TRAPPIST-1e,39.0,False,9.0,18.0,0.0,2.0,878.0,False,G,359,P
Earth,False,55 Cancri e,18.0,False,42.0,103.0,0.0,498.0,0.0,False,F,752,P
Europa,,TRAPPIST-1e,15.0,False,0.0,0.0,0.0,0.0,0.0,True,C,226,S
Europa,False,TRAPPIST-1e,51.0,False,0.0,16455.0,885.0,0.0,363.0,True,B,170,S
Earth,False,TRAPPIST-1e,24.0,False,703.0,0.0,0.0,0.0,0.0,False,F,876,S
Earth,False,55 Cancri e,21.0,False,499.0,0.0,193.0,1.0,1.0,False,F,1579,S
Earth,False,TRAPPIST-1e,54.0,False,0.0,0.0,0.0,0.0,908.0,True,G,173,P
Europa,False,,0.0,False,0.0,,0.0,0.0,0.0,True,C,133,P
Earth,False,55 Cancri e,15.0,False,0.0,40.0,0.0,0.0,839.0,False,F,1221,P
Earth,True,55 Cancri e,18.0,False,0.0,0.0,0.0,0.0,0.0,True,G,1391,P
Earth,False,PSO J318.5-22,19.0,False,5.0,0.0,0.0,716.0,0.0,False,F,1194,P
Mars,True,55 Cancri e,26.0,False,0.0,0.0,0.0,0.0,0.0,True,F,1156,S
Earth,False,TRAPPIST-1e,16.0,,24.0,0.0,13.0,717.0,0.0,False,G,477,P
Earth,False,TRAPPIST-1e,44.0,False,0.0,0.0,5.0,30.0,777.0,False,G,869,P
Mars,True,TRAPPIST-1e,41.0,False,0.0,0.0,0.0,0.0,0.0,True,F,796,S
Earth,True,TRAPPIST-1e,21.0,False,0.0,0.0,0.0,0.0,0.0,False,,,
Europa,False,TRAPPIST-1e,24.0,False,0.0,2921.0,5.0,795.0,3155.0,False,,,
Europa,True,TRAPPIST-1e,26.0,,0.0,0.0,0.0,0.0,0.0,True,C,67,S
Earth,False,TRAPPIST-1e,20.0,False,157.0,0.0,0.0,544.0,3.0,False,G,138,S
Earth,False,55 Cancri e,28.0,False,32.0,0.0,304.0,291.0,2.0,True,E,423,P
Earth,False,TRAPPIST-1e,20.0,False,1.0,0.0,0.0,32.0,875.0,False,G,1007,P
Earth,False,TRAPPIST-1e,19.0,False,1.0,0.0,0.0,450.0,254.0,False,E,192,P
Mars,False,TRAPPIST-1e,19.0,False,1301.0,0.0,31.0,1.0,0.0,True,F,1000,P
Earth,False,TRAPPIST-1e,20.0,False,4.0,790.0,0.0,15.0,0.0,False,G,432,P
Earth,False,TRAPPIST-1e,26.0,False,814.0,0.0,29.0,16.0,181.0,False,F,1517,P
Mars,True,TRAPPIST-1e,36.0,False,0.0,0.0,0.0,0.0,0.0,True,F,1512,S
Earth,True,PSO J318.5-22,,False,0.0,0.0,0.0,0.0,0.0,True,G,502,P
Earth,False,TRAPPIST-1e,23.0,,26.0,266.0,404.0,0.0,0.0,True,E,451,P
Mars,True,TRAPPIST-1e,39.0,False,0.0,0.0,0.0,0.0,0.0,True,F,1286,P
Europa,True,TRAPPIST-1e,4.0,False,0.0,,0.0,0.0,0.0,True,C,151,P
Europa,False,TRAPPIST-1e,36.0,False,0.0,9532.0,0.0,2326.0,461.0,False,D,229,S
Europa,True,TRAPPIST-1e,21.0,False,0.0,,0.0,0.0,0.0,True,B,260,S
Earth,False,TRAPPIST-1e,27.0,False,0.0,0.0,,2.0,1215.0,False,F,550,P
Earth,False,PSO J318.5-22,41.0,False,0.0,0.0,0.0,0.0,628.0,False,F,1332,S
Mars,False,TRAPPIST-1e,35.0,False,174.0,0.0,381.0,0.0,62.0,False,F,448,S
Earth,False,TRAPPIST-1e,0.0,False,0.0,0.0,0.0,0.0,0.0,True,G,893,S
Earth,False,TRAPPIST-1e,0.0,False,0.0,0.0,0.0,0.0,0.0,True,G,469,S
Europa,False,55 Cancri e,55.0,False,1.0,2670.0,34.0,542.0,1339.0,True,B,299,S
Earth,False,TRAPPIST-1e,20.0,False,0.0,0.0,717.0,0.0,0.0,True,F,710,S
Europa,False,55 Cancri e,28.0,False,0.0,11026.0,0.0,0.0,12.0,True,C,66,S
Earth,False,TRAPPIST-1e,37.0,False,452.0,0.0,234.0,19.0,1290.0,False,F,849,S
Earth,False,PSO J318.5-22,19.0,False,0.0,463.0,269.0,0.0,4.0,True,F,700,P
Earth,False,TRAPPIST-1e,18.0,False,1.0,1.0,0.0,226.0,488.0,False,F,1788,P
Earth,False,PSO J318.5-22,20.0,False,120.0,321.0,0.0,932.0,175.0,False,F,1541,P
Mars,True,TRAPPIST-1e,21.0,False,0.0,0.0,0.0,0.0,0.0,True,F,125,P
Earth,False,TRAPPIST-1e,50.0,False,444.0,0.0,408.0,0.0,0.0,False,G,718,P
Mars,False,TRAPPIST-1e,8.0,False,0.0,0.0,0.0,0.0,0.0,True,F,745,P
Earth,True,TRAPPIST-1e,,False,0.0,0.0,0.0,0.0,0.0,True,G,1278,S
Mars,False,TRAPPIST-1e,28.0,False,629.0,0.0,659.0,607.0,0.0,False,F,745,S
Mars,False,TRAPPIST-1e,23.0,False,2648.0,0.0,1092.0,0.0,0.0,False,D,22,P
Earth,False,TRAPPIST-1e,26.0,False,0.0,786.0,0.0,11.0,83.0,True,F,1160,P
Earth,True,PSO J318.5-22,19.0,False,0.0,0.0,0.0,0.0,0.0,True,G,1358,P
Mars,True,TRAPPIST-1e,43.0,False,0.0,0.0,0.0,0.0,0.0,True,F,98,S
Earth,True,TRAPPIST-1e,3.0,False,0.0,0.0,0.0,0.0,0.0,False,G,178,S
Earth,False,55 Cancri e,21.0,False,112.0,0.0,0.0,0.0,1333.0,False,F,338,S
Earth,True,TRAPPIST-1e,19.0,False,0.0,0.0,0.0,0.0,0.0,True,G,329,S
Earth,False,TRAPPIST-1e,35.0,False,503.0,236.0,2.0,0.0,68.0,False,G,1456,P
Earth,True,55 Cancri e,31.0,False,0.0,0.0,0.0,0.0,0.0,True,G,181,P
Earth,True,TRAPPIST-1e,7.0,False,0.0,0.0,0.0,0.0,0.0,True,G,499,P
Earth,True,TRAPPIST-1e,3.0,,0.0,0.0,0.0,0.0,0.0,True,G,1023,S
Europa,True,55 Cancri e,38.0,False,0.0,0.0,0.0,0.0,0.0,True,B,286,P
Earth,False,TRAPPIST-1e,19.0,False,1.0,1.0,,0.0,1755.0,False,G,886,P
Earth,True,55 Cancri e,52.0,False,0.0,0.0,0.0,0.0,0.0,True,G,133,S
Earth,False,TRAPPIST-1e,33.0,False,0.0,116.0,412.0,379.0,0.0,True,G,1432,S
Earth,False,PSO J318.5-22,56.0,False,1309.0,0.0,69.0,1.0,0.0,False,F,965,S
Europa,False,TRAPPIST-1e,25.0,False,6899.0,265.0,0.0,2234.0,2090.0,False,C,335,S
Earth,False,TRAPPIST-1e,44.0,False,86.0,525.0,16.0,49.0,39.0,True,F,140,P
Earth,False,TRAPPIST-1e,,False,282.0,8.0,337.0,0.0,0.0,False,G,775,S
Earth,False,TRAPPIST-1e,46.0,False,438.0,283.0,944.0,0.0,355.0,False,,,
Earth,False,TRAPPIST-1e,15.0,False,114.0,161.0,22.0,419.0,0.0,False,F,1647,S
Earth,False,PSO J318.5-22,40.0,False,420.0,0.0,345.0,1.0,0.0,False,F,1439,S
Europa,True,PSO J318.5-22,35.0,False,0.0,0.0,0.0,0.0,0.0,True,C,271,S
Mars,True,TRAPPIST-1e,30.0,False,0.0,0.0,0.0,0.0,0.0,True,F,835,S
Earth,False,55 Cancri e,25.0,False,0.0,1435.0,0.0,0.0,0.0,True,G,1209,P
Earth,False,TRAPPIST-1e,0.0,False,0.0,0.0,0.0,0.0,0.0,True,G,143,S
Europa,True,55 Cancri e,16.0,False,0.0,0.0,0.0,0.0,0.0,True,B,176,P
Earth,True,TRAPPIST-1e,66.0,False,0.0,0.0,0.0,0.0,0.0,True,G,921,S
Earth,False,55 Cancri e,26.0,False,0.0,406.0,0.0,0.0,503.0,True,G,900,S
Earth,False,TRAPPIST-1e,16.0,False,303.0,70.0,151.0,565.0,2.0,True,F,1,S
Earth,False,55 Cancri e,20.0,False,2598.0,927.0,0.0,866.0,2.0,False,G,538,P
Mars,False,TRAPPIST-1e,32.0,False,158.0,0.0,139.0,752.0,0.0,False,E,384,P
Earth,True,PSO J318.5-22,20.0,False,0.0,0.0,0.0,0.0,0.0,True,G,537,S
Earth,False,PSO J318.5-22,21.0,False,970.0,0.0,213.0,8.0,86.0,False,F,555,P
Earth,False,TRAPPIST-1e,23.0,False,15.0,1.0,777.0,3.0,3.0,False,F,847,P
Earth,True,55 Cancri e,7.0,False,0.0,0.0,0.0,0.0,0.0,True,G,823,P
Europa,True,TRAPPIST-1e,25.0,False,0.0,0.0,0.0,0.0,0.0,True,A,85,P
Earth,False,TRAPPIST-1e,10.0,False,0.0,0.0,0.0,0.0,0.0,True,G,1108,P
Earth,False,TRAPPIST-1e,20.0,False,402.0,25.0,9.0,373.0,0.0,False,G,1079,P
Earth,False,TRAPPIST-1e,40.0,False,0.0,1.0,195.0,560.0,0.0,False,G,180,P
Mars,False,TRAPPIST-1e,4.0,False,0.0,,0.0,0.0,0.0,True,F,124,P
,False,TRAPPIST-1e,2.0,False,0.0,0.0,0.0,0.0,0.0,True,G,661,S
Mars,False,TRAPPIST-1e,16.0,False,546.0,90.0,23.0,513.0,0.0,False,E,288,S
Earth,False,PSO J318.5-22,26.0,False,18.0,84.0,93.0,886.0,289.0,False,F,190,P
Europa,False,TRAPPIST-1e,27.0,False,135.0,3103.0,9.0,424.0,629.0,False,A,74,S
Earth,False,55 Cancri e,24.0,False,0.0,893.0,0.0,4.0,8.0,True,E,446,P
Earth,False,TRAPPIST-1e,48.0,False,410.0,2108.0,0.0,0.0,0.0,True,F,1315,P
Europa,True,55 Cancri e,23.0,False,0.0,0.0,0.0,0.0,0.0,True,,,
Earth,False,TRAPPIST-1e,,False,22.0,226.0,0.0,0.0,633.0,False,G,1406,S
Earth,True,TRAPPIST-1e,26.0,False,0.0,0.0,0.0,0.0,0.0,True,G,1133,P
Mars,False,TRAPPIST-1e,55.0,False,1281.0,0.0,7.0,1.0,0.0,False,F,522,P
Europa,True,TRAPPIST-1e,56.0,False,0.0,0.0,0.0,0.0,0.0,True,E,317,P
Mars,False,TRAPPIST-1e,19.0,False,0.0,0.0,0.0,0.0,0.0,False,E,545,P
Mars,False,TRAPPIST-1e,38.0,False,1046.0,0.0,1553.0,0.0,0.0,False,F,667,P
Mars,False,TRAPPIST-1e,0.0,False,0.0,0.0,0.0,0.0,0.0,True,F,1140,S
Europa,True,55 Cancri e,45.0,False,0.0,0.0,0.0,0.0,0.0,True,C,272,S
Earth,True,PSO J318.5-22,38.0,False,0.0,0.0,0.0,0.0,0.0,True,G,319,P
Earth,False,TRAPPIST-1e,32.0,False,18.0,0.0,0.0,1382.0,0.0,False,F,1312,P
Europa,True,55 Cancri e,22.0,False,0.0,0.0,0.0,0.0,0.0,True,C,21,P
Earth,True,TRAPPIST-1e,24.0,False,0.0,0.0,0.0,0.0,0.0,False,G,493,P
Europa,False,TRAPPIST-1e,58.0,False,0.0,1073.0,,803.0,988.0,True,C,230,S
Europa,False,55 Cancri e,58.0,True,2.0,3862.0,0.0,1482.0,73.0,False,B,203,P
Mars,False,TRAPPIST-1e,39.0,False,332.0,0.0,728.0,2.0,86.0,True,F,1602,P
Earth,False,TRAPPIST-1e,21.0,False,9.0,0.0,0.0,25.0,811.0,False,G,1264,P
Earth,True,TRAPPIST-1e,12.0,False,0.0,0.0,0.0,0.0,0.0,False,G,1305,P
Europa,True,TRAPPIST-1e,55.0,False,0.0,0.0,0.0,0.0,0.0,True,C,325,S
Earth,True,55 Cancri e,4.0,False,0.0,0.0,0.0,0.0,0.0,True,G,123,S
Europa,False,55 Cancri e,26.0,False,0.0,304.0,0.0,3998.0,,False,D,47,P
Europa,False,TRAPPIST-1e,38.0,False,0.0,10346.0,1.0,14970.0,2111.0,False,B,2,S
Europa,False,55 Cancri e,33.0,False,988.0,0.0,0.0,2274.0,3098.0,False,C,313,S
Earth,False,,19.0,False,0.0,165.0,0.0,699.0,0.0,False,F,615,S
Mars,False,TRAPPIST-1e,73.0,False,27.0,2.0,71.0,1208.0,0.0,False,F,352,P
Europa,False,TRAPPIST-1e,32.0,False,401.0,3724.0,5.0,422.0,62.0,True,C,154,S
Earth,False,TRAPPIST-1e,24.0,False,24.0,174.0,0.0,509.0,15.0,False,F,1652,P
Europa,True,TRAPPIST-1e,43.0,False,0.0,0.0,,0.0,0.0,True,C,148,S
Earth,False,PSO J318.5-22,20.0,False,0.0,689.0,0.0,0.0,0.0,False,F,557,S
Earth,True,PSO J318.5-22,15.0,False,0.0,0.0,0.0,0.0,0.0,True,G,323,S
Earth,False,TRAPPIST-1e,3.0,False,0.0,0.0,0.0,0.0,0.0,True,G,943,S
Mars,False,TRAPPIST-1e,46.0,False,21.0,0.0,2155.0,422.0,,True,F,123,P
Earth,False,TRAPPIST-1e,44.0,False,143.0,47.0,0.0,717.0,87.0,False,E,473,S
Mars,False,TRAPPIST-1e,47.0,,5.0,1027.0,0.0,24.0,0.0,True,D,188,S
Mars,False,TRAPPIST-1e,13.0,False,3037.0,10.0,43.0,0.0,0.0,False,D,62,P
,False,TRAPPIST-1e,8.0,False,0.0,0.0,0.0,0.0,0.0,False,G,1438,P
Earth,True,TRAPPIST-1e,37.0,False,0.0,0.0,0.0,0.0,0.0,True,G,596,P
Earth,False,TRAPPIST-1e,25.0,False,19.0,0.0,0.0,1679.0,0.0,False,G,584,P
Earth,,TRAPPIST-1e,44.0,False,1030.0,1015.0,0.0,11.0,,True,F,1893,P
Earth,True,TRAPPIST-1e,0.0,False,0.0,0.0,0.0,0.0,0.0,True,G,1041,P
Earth,False,55 Cancri e,58.0,False,52.0,0.0,5.0,517.0,0.0,False,F,606,S
Europa,True,TRAPPIST-1e,46.0,False,0.0,0.0,0.0,0.0,0.0,True,,,
Earth,False,TRAPPIST-1e,13.0,False,192.0,0.0,0.0,51.0,739.0,False,E,9,P
Earth,False,TRAPPIST-1e,30.0,False,0.0,0.0,0.0,2.0,827.0,False,,,
Earth,False,TRAPPIST-1e,19.0,False,0.0,714.0,2.0,0.0,0.0,False,,,
Mars,False,TRAPPIST-1e,26.0,False,887.0,6.0,15.0,148.0,0.0,False,D,276,S
Earth,False,TRAPPIST-1e,37.0,False,614.0,0.0,50.0,11.0,319.0,False,E,43,S
Mars,False,TRAPPIST-1e,29.0,False,5715.0,2.0,211.0,1476.0,0.0,False,F,62,S
Mars,False,55 Cancri e,2.0,False,0.0,0.0,0.0,0.0,0.0,True,F,697,S
Europa,True,TRAPPIST-1e,57.0,False,0.0,0.0,0.0,0.0,0.0,True,A,95,P
Europa,True,55 Cancri e,13.0,False,0.0,0.0,0.0,0.0,0.0,True,,,
Earth,True,55 Cancri e,5.0,False,0.0,0.0,0.0,0.0,0.0,False,G,601,P
Earth,False,TRAPPIST-1e,55.0,False,412.0,97.0,3.0,0.0,,False,G,177,S
Earth,True,PSO J318.5-22,3.0,False,0.0,0.0,0.0,0.0,0.0,False,G,380,P
,False,TRAPPIST-1e,42.0,False,1227.0,773.0,14.0,0.0,0.0,False,F,1502,S
Europa,True,55 Cancri e,15.0,False,0.0,0.0,0.0,0.0,0.0,True,B,339,S
Earth,True,PSO J318.5-22,22.0,False,0.0,0.0,0.0,0.0,0.0,True,G,1330,P
Earth,True,TRAPPIST-1e,36.0,False,0.0,0.0,0.0,0.0,0.0,True,G,806,S
Europa,False,TRAPPIST-1e,39.0,False,19.0,3603.0,0.0,421.0,517.0,True,C,306,S
Europa,False,55 Cancri e,25.0,True,0.0,3978.0,0.0,266.0,597.0,True,B,280,P
Europa,False,TRAPPIST-1e,29.0,False,3215.0,1211.0,4.0,7.0,417.0,True,C,222,S
Earth,False,PSO J318.5-22,22.0,False,27.0,0.0,0.0,663.0,0.0,False,F,1546,P
Earth,True,TRAPPIST-1e,30.0,False,0.0,0.0,0.0,0.0,0.0,False,G,843,P
,False,TRAPPIST-1e,18.0,False,313.0,1.0,691.0,283.0,0.0,False,F,46,S
Europa,False,55 Cancri e,28.0,False,5.0,2052.0,0.0,3340.0,,False,C,118,P
Earth,False,TRAPPIST-1e,28.0,False,,0.0,887.0,0.0,0.0,True,G,1013,S
Earth,False,TRAPPIST-1e,19.0,False,238.0,1.0,28.0,207.0,119.0,False,F,769,P
Earth,True,TRAPPIST-1e,0.0,False,0.0,0.0,0.0,0.0,0.0,False,G,283,S
Mars,True,TRAPPIST-1e,29.0,False,0.0,0.0,0.0,0.0,0.0,True,F,1511,P
Mars,False,TRAPPIST-1e,38.0,True,936.0,0.0,363.0,0.0,0.0,False,E,79,S
Mars,False,TRAPPIST-1e,31.0,False,3471.0,0.0,232.0,0.0,0.0,False,F,700,S
Earth,False,PSO J318.5-22,21.0,False,0.0,2202.0,9.0,71.0,100.0,True,G,1387,S
,False,TRAPPIST-1e,13.0,False,39.0,0.0,1085.0,24.0,0.0,False,F,1892,P
Mars,True,TRAPPIST-1e,11.0,False,,0.0,0.0,0.0,0.0,True,F,963,S
Europa,False,TRAPPIST-1e,53.0,False,50.0,11552.0,0.0,2998.0,4334.0,False,C,189,S
Europa,False,TRAPPIST-1e,28.0,True,,0.0,,0.0,0.0,False,A,14,S
Earth,True,TRAPPIST-1e,47.0,False,0.0,0.0,0.0,0.0,0.0,False,G,1026,P
Earth,True,PSO J318.5-22,41.0,False,0.0,0.0,0.0,0.0,0.0,True,G,697,P
Earth,True,PSO J318.5-22,13.0,False,0.0,0.0,0.0,0.0,0.0,False,G,845,P
Mars,False,TRAPPIST-1e,20.0,False,845.0,0.0,46.0,123.0,0.0,False,E,309,S
Mars,False,TRAPPIST-1e,55.0,False,1236.0,0.0,52.0,0.0,0.0,False,F,1523,P
,False,TRAPPIST-1e,15.0,False,0.0,677.0,0.0,179.0,3186.0,True,C,225,S
Europa,True,TRAPPIST-1e,25.0,False,0.0,0.0,0.0,0.0,0.0,True,E,574,P
Earth,True,TRAPPIST-1e,18.0,False,0.0,0.0,0.0,0.0,0.0,True,G,150,P
Earth,False,TRAPPIST-1e,52.0,False,809.0,0.0,0.0,0.0,0.0,True,F,586,S
Mars,False,TRAPPIST-1e,65.0,False,1420.0,0.0,84.0,0.0,0.0,False,F,959,P
Earth,False,55 Cancri e,7.0,False,0.0,0.0,0.0,0.0,0.0,False,G,857,P
Europa,False,55 Cancri e,17.0,False,454.0,19.0,0.0,,3219.0,False,E,211,S
Mars,False,TRAPPIST-1e,45.0,True,773.0,82.0,0.0,6.0,0.0,False,D,80,S
Earth,,TRAPPIST-1e,27.0,False,0.0,0.0,570.0,2.0,131.0,False,F,21,P
Earth,True,PSO J318.5-22,19.0,False,0.0,0.0,0.0,0.0,0.0,True,G,1488,P
Earth,False,TRAPPIST-1e,15.0,False,746.0,0.0,2.0,0.0,11.0,False,F,528,S
Earth,False,PSO J318.5-22,18.0,False,0.0,0.0,0.0,391.0,283.0,True,F,1747,S
Europa,True,55 Cancri e,27.0,False,0.0,0.0,0.0,0.0,0.0,True,A,55,S
Earth,False,TRAPPIST-1e,23.0,False,16.0,687.0,1.0,1.0,0.0,True,G,959,S
Earth,False,TRAPPIST-1e,21.0,False,0.0,0.0,0.0,2.0,807.0,False,G,287,P
,False,TRAPPIST-1e,20.0,False,0.0,564.0,25.0,158.0,62.0,False,G,1061,P
Earth,False,TRAPPIST-1e,18.0,False,0.0,0.0,827.0,0.0,0.0,True,G,1088,S
Europa,False,55 Cancri e,48.0,False,0.0,342.0,929.0,10887.0,0.0,False,C,189,S
Europa,False,TRAPPIST-1e,23.0,False,0.0,592.0,0.0,345.0,810.0,False,E,76,P
Earth,False,TRAPPIST-1e,43.0,False,9.0,0.0,1079.0,0.0,729.0,False,G,391,S
Mars,False,TRAPPIST-1e,47.0,False,2267.0,0.0,117.0,0.0,0.0,False,D,108,P
Europa,False,55 Cancri e,26.0,,1432.0,1283.0,0.0,178.0,5034.0,False,C,296,S
Europa,True,55 Cancri e,44.0,False,0.0,0.0,0.0,,0.0,True,B,290,S
Europa,True,55 Cancri e,13.0,False,0.0,0.0,0.0,0.0,0.0,True,C,125,S
,True,TRAPPIST-1e,36.0,False,0.0,0.0,,0.0,0.0,True,F,915,S
Europa,True,55 Cancri e,59.0,False,0.0,0.0,0.0,0.0,0.0,True,E,375,S
Earth,False,TRAPPIST-1e,27.0,False,0.0,280.0,119.0,646.0,5.0,True,F,440,P
Earth,False,TRAPPIST-1e,48.0,False,0.0,586.0,784.0,4.0,21.0,True,F,1858,P
Earth,False,55 Cancri e,19.0,False,0.0,0.0,0.0,0.0,828.0,False,F,55,S
Europa,False,TRAPPIST-1e,51.0,False,0.0,0.0,0.0,0.0,0.0,True,C,156,S
Mars,True,TRAPPIST-1e,30.0,False,0.0,0.0,0.0,0.0,0.0,True,F,1220,P
,False,TRAPPIST-1e,44.0,False,3.0,0.0,33.0,769.0,0.0,True,F,1331,S
Europa,False,55 Cancri e,29.0,False,1.0,764.0,1.0,265.0,1539.0,True,A,90,P
Europa,,55 Cancri e,20.0,False,0.0,0.0,0.0,0.0,0.0,True,A,104,S
Mars,False,TRAPPIST-1e,46.0,False,731.0,0.0,288.0,0.0,2.0,False,E,117,P
Mars,False,PSO J318.5-22,30.0,True,600.0,31.0,1.0,659.0,191.0,False,F,963,S
Earth,False,TRAPPIST-1e,2.0,False,0.0,0.0,0.0,0.0,0.0,False,G,412,P
Earth,False,TRAPPIST-1e,16.0,False,4.0,1666.0,0.0,35.0,40.0,True,G,1156,S
Europa,False,TRAPPIST-1e,58.0,,0.0,1012.0,0.0,1120.0,20.0,False,E,401,S
Mars,False,TRAPPIST-1e,26.0,False,1751.0,0.0,0.0,0.0,0.0,False,F,410,S
Earth,False,TRAPPIST-1e,1.0,False,0.0,0.0,0.0,0.0,0.0,False,G,510,S
Earth,False,PSO J318.5-22,54.0,False,3.0,0.0,56.0,633.0,0.0,False,F,375,S
Earth,False,TRAPPIST-1e,65.0,False,5.0,317.0,,0.0,123.0,False,G,290,S
Earth,True,TRAPPIST-1e,18.0,False,0.0,0.0,0.0,0.0,0.0,True,G,494,S
Earth,False,TRAPPIST-1e,35.0,False,522.0,0.0,1.0,324.0,60.0,False,G,1442,P
Earth,False,55 Cancri e,21.0,False,770.0,0.0,0.0,40.0,0.0,False,G,341,S
Earth,True,TRAPPIST-1e,29.0,False,0.0,0.0,0.0,0.0,0.0,True,G,1117,P
Europa,False,55 Cancri e,25.0,False,0.0,772.0,0.0,125.0,5913.0,False,B,247,P
Earth,False,TRAPPIST-1e,11.0,False,0.0,0.0,0.0,0.0,0.0,False,G,478,S
Mars,False,TRAPPIST-1e,34.0,False,1973.0,0.0,97.0,41.0,3.0,False,E,48,S
Mars,False,TRAPPIST-1e,27.0,,1893.0,487.0,4.0,0.0,0.0,False,D,91,S
Europa,True,TRAPPIST-1e,31.0,False,0.0,0.0,0.0,0.0,0.0,True,B,180,S
Europa,True,TRAPPIST-1e,34.0,False,0.0,0.0,0.0,0.0,,True,B,221,P
Earth,False,TRAPPIST-1e,13.0,False,12.0,0.0,0.0,0.0,1963.0,False,F,410,P
Europa,True,55 Cancri e,49.0,False,0.0,0.0,0.0,0.0,0.0,True,C,282,S
Earth,False,TRAPPIST-1e,0.0,False,0.0,0.0,0.0,0.0,0.0,True,G,37,P
Mars,False,55 Cancri e,23.0,False,218.0,0.0,2267.0,497.0,0.0,False,F,1595,S
Earth,False,55 Cancri e,28.0,False,2840.0,0.0,0.0,0.0,0.0,False,F,599,S
Earth,False,TRAPPIST-1e,22.0,False,3.0,214.0,0.0,0.0,591.0,False,G,1392,P
Europa,True,55 Cancri e,57.0,False,0.0,,0.0,0.0,0.0,True,D,86,S
Europa,True,,53.0,False,0.0,0.0,0.0,0.0,0.0,True,C,148,P
Mars,True,TRAPPIST-1e,28.0,False,0.0,0.0,0.0,0.0,0.0,True,F,846,S
Earth,True,TRAPPIST-1e,15.0,False,0.0,0.0,0.0,0.0,0.0,True,G,37,P
Earth,False,55 Cancri e,8.0,False,0.0,0.0,0.0,0.0,0.0,True,G,616,P
Mars,True,TRAPPIST-1e,20.0,False,0.0,0.0,0.0,0.0,0.0,True,F,1010,S
Mars,True,TRAPPIST-1e,6.0,,0.0,0.0,0.0,0.0,0.0,True,F,1220,P
Earth,False,TRAPPIST-1e,26.0,False,0.0,0.0,0.0,213.0,1078.0,False,F,1172,S
Earth,False,55 Cancri e,18.0,False,0.0,0.0,454.0,0.0,263.0,False,F,358,P
Earth,False,TRAPPIST-1e,27.0,False,508.0,585.0,9.0,,0.0,True,F,1059,S
Earth,True,55 Cancri e,8.0,False,0.0,0.0,0.0,0.0,0.0,True,G,904,S
Mars,False,TRAPPIST-1e,12.0,,0.0,0.0,0.0,0.0,0.0,True,F,1319,S
Mars,False,TRAPPIST-1e,25.0,False,410.0,32.0,14.0,1239.0,10.0,False,F,1766,S
Europa,False,TRAPPIST-1e,27.0,False,3.0,4654.0,0.0,657.0,214.0,True,B,238,S
Earth,False,TRAPPIST-1e,23.0,False,1254.0,0.0,45.0,0.0,0.0,False,F,1798,P
Earth,True,PSO J318.5-22,44.0,False,0.0,0.0,0.0,0.0,0.0,False,G,139,S
Mars,True,TRAPPIST-1e,42.0,False,0.0,0.0,0.0,0.0,0.0,True,F,963,S
Earth,False,TRAPPIST-1e,14.0,False,7.0,781.0,0.0,0.0,0.0,True,E,53,S
Mars,False,TRAPPIST-1e,23.0,False,355.0,0.0,764.0,0.0,0.0,True,F,751,S
Earth,False,55 Cancri e,20.0,False,1.0,808.0,0.0,0.0,0.0,True,G,281,P
Earth,False,TRAPPIST-1e,13.0,False,406.0,0.0,52.0,0.0,387.0,False,G,1261,S
Europa,False,55 Cancri e,43.0,False,1.0,2060.0,,1.0,2764.0,False,C,263,P
Europa,False,TRAPPIST-1e,57.0,False,205.0,4415.0,0.0,1589.0,305.0,False,C,127,P
Earth,False,TRAPPIST-1e,2.0,False,0.0,0.0,0.0,0.0,0.0,False,G,208,S
Earth,False,55 Cancri e,25.0,False,0.0,12.0,851.0,19.0,103.0,False,E,464,S
Europa,True,TRAPPIST-1e,25.0,False,0.0,0.0,0.0,0.0,0.0,True,B,82,S
Europa,False,TRAPPIST-1e,52.0,False,5.0,3514.0,31.0,601.0,13.0,True,D,170,S
Europa,False,55 Cancri e,37.0,False,6498.0,1470.0,0.0,416.0,4174.0,False,B,126,P
Earth,True,PSO J318.5-22,5.0,False,0.0,0.0,0.0,0.0,0.0,False,G,570,S
Europa,True,TRAPPIST-1e,25.0,False,0.0,0.0,0.0,0.0,0.0,True,E,99,P
Earth,False,PSO J318.5-22,58.0,False,487.0,0.0,195.0,0.0,7.0,True,E,547,P
Earth,,TRAPPIST-1e,23.0,False,426.0,0.0,362.0,0.0,0.0,False,E,129,P
Mars,False,TRAPPIST-1e,21.0,False,505.0,0.0,1952.0,0.0,0.0,False,F,123,S
Earth,False,55 Cancri e,52.0,False,0.0,704.0,0.0,0.0,,True,F,759,S
Earth,False,TRAPPIST-1e,38.0,False,0.0,172.0,615.0,0.0,0.0,True,G,768,S
Earth,True,PSO J318.5-22,18.0,False,0.0,0.0,0.0,0.0,0.0,True,G,957,S
Earth,True,TRAPPIST-1e,,False,0.0,0.0,0.0,0.0,0.0,True,G,967,S
Earth,False,PSO J318.5-22,30.0,False,0.0,34.0,143.0,275.0,0.0,False,G,1300,S
Mars,True,55 Cancri e,59.0,False,0.0,0.0,0.0,0.0,0.0,True,F,1279,P
Mars,True,TRAPPIST-1e,31.0,False,0.0,0.0,0.0,0.0,0.0,True,E,475,S
Earth,False,,19.0,False,189.0,510.0,0.0,0.0,0.0,True,E,105,S
Earth,True,PSO J318.5-22,17.0,False,0.0,0.0,0.0,0.0,0.0,True,G,1276,P
Mars,False,TRAPPIST-1e,27.0,False,1379.0,0.0,414.0,0.0,805.0,False,F,1135,S
Mars,False,TRAPPIST-1e,18.0,False,0.0,0.0,0.0,0.0,0.0,False,E,134,S
Mars,True,55 Cancri e,21.0,False,0.0,0.0,0.0,0.0,0.0,True,D,176,S
Earth,True,TRAPPIST-1e,1.0,False,0.0,0.0,0.0,0.0,0.0,False,G,636,P
Earth,False,TRAPPIST-1e,44.0,False,0.0,0.0,744.0,62.0,3.0,False,G,459,S
Mars,False,TRAPPIST-1e,32.0,False,2031.0,0.0,28.0,519.0,0.0,False,D,196,P
Earth,False,55 Cancri e,6.0,False,0.0,0.0,0.0,0.0,0.0,False,G,546,S
Earth,False,TRAPPIST-1e,20.0,False,0.0,0.0,2330.0,120.0,0.0,True,F,1458,P
Mars,False,TRAPPIST-1e,27.0,False,0.0,0.0,0.0,0.0,0.0,True,E,64,P
Earth,False,TRAPPIST-1e,34.0,False,1242.0,444.0,0.0,22.0,0.0,False,G,803,S
Europa,True,TRAPPIST-1e,24.0,False,0.0,0.0,0.0,0.0,0.0,True,E,237,S
Earth,False,55 Cancri e,37.0,False,164.0,603.0,0.0,0.0,11.0,True,F,349,P
Earth,False,TRAPPIST-1e,35.0,False,0.0,0.0,885.0,0.0,0.0,True,G,1189,S
Earth,False,TRAPPIST-1e,33.0,False,1288.0,2.0,0.0,0.0,1.0,True,F,1287,S
Europa,False,TRAPPIST-1e,60.0,False,19.0,7316.0,0.0,0.0,1781.0,True,C,265,P
,False,TRAPPIST-1e,6.0,False,0.0,0.0,0.0,0.0,0.0,False,G,292,S
Mars,False,TRAPPIST-1e,30.0,True,1960.0,0.0,638.0,0.0,0.0,False,F,1215,S
Europa,False,TRAPPIST-1e,6.0,False,0.0,0.0,0.0,0.0,0.0,True,B,185,P
Earth,True,TRAPPIST-1e,37.0,False,0.0,0.0,0.0,0.0,0.0,False,G,1279,P
Earth,False,TRAPPIST-1e,66.0,False,1187.0,1.0,,6.0,0.0,False,G,475,S
Europa,False,55 Cancri e,30.0,False,0.0,7992.0,0.0,507.0,25.0,True,B,39,S
Earth,True,TRAPPIST-1e,3.0,False,0.0,0.0,0.0,0.0,0.0,True,G,1368,P
Mars,False,TRAPPIST-1e,28.0,False,641.0,0.0,372.0,0.0,16.0,False,E,97,P
Earth,False,TRAPPIST-1e,53.0,False,2.0,794.0,425.0,0.0,397.0,False,E,487,P
Earth,False,TRAPPIST-1e,20.0,False,749.0,16.0,0.0,0.0,29.0,False,F,1578,S
Earth,True,PSO J318.5-22,38.0,False,0.0,0.0,0.0,0.0,0.0,True,G,1027,S
Earth,False,TRAPPIST-1e,20.0,False,0.0,9.0,82.0,14.0,704.0,False,G,880,P
Mars,True,TRAPPIST-1e,21.0,False,0.0,0.0,0.0,0.0,0.0,True,E,13,S
Mars,False,TRAPPIST-1e,34.0,False,2130.0,0.0,1.0,1.0,0.0,False,F,972,P
Earth,True,55 Cancri e,29.0,False,0.0,0.0,0.0,0.0,0.0,True,G,1194,S
Earth,False,TRAPPIST-1e,47.0,False,2916.0,0.0,14.0,63.0,0.0,False,F,1519,P
Europa,True,TRAPPIST-1e,49.0,False,0.0,0.0,0.0,0.0,0.0,True,C,18,P
Earth,False,55 Cancri e,21.0,False,102.0,9.0,21.0,464.0,104.0,False,F,1509,S
Earth,False,TRAPPIST-1e,60.0,,437.0,2.0,0.0,0.0,365.0,False,F,224,P
Earth,False,TRAPPIST-1e,19.0,False,169.0,399.0,,97.0,0.0,True,F,843,P
Earth,True,55 Cancri e,40.0,,0.0,0.0,0.0,0.0,0.0,True,,,
Mars,False,TRAPPIST-1e,32.0,False,1781.0,0.0,654.0,580.0,0.0,False,D,174,P
Europa,False,55 Cancri e,54.0,False,0.0,1821.0,2370.0,949.0,46.0,False,A,104,S
Earth,True,PSO J318.5-22,48.0,False,0.0,0.0,0.0,0.0,0.0,True,G,467,S
Earth,False,55 Cancri e,26.0,False,0.0,0.0,0.0,0.0,,False,G,428,P
Earth,False,PSO J318.5-22,27.0,False,2647.0,0.0,0.0,42.0,32.0,False,F,1604,P
Europa,True,TRAPPIST-1e,73.0,True,0.0,0.0,0.0,,0.0,True,C,111,P
Europa,False,55 Cancri e,28.0,False,,3751.0,0.0,5025.0,11741.0,False,C,300,P
Earth,True,TRAPPIST-1e,47.0,False,0.0,0.0,0.0,0.0,0.0,True,G,1084,S
Earth,True,PSO J318.5-22,28.0,False,0.0,0.0,0.0,0.0,0.0,True,G,546,P
Mars,False,TRAPPIST-1e,31.0,False,127.0,76.0,976.0,118.0,0.0,False,E,436,S
Earth,False,55 Cancri e,34.0,False,71.0,0.0,242.0,393.0,0.0,False,G,627,S
Mars,False,TRAPPIST-1e,28.0,False,,0.0,129.0,0.0,,False,F,1199,S
Mars,False,TRAPPIST-1e,17.0,False,1483.0,10.0,0.0,0.0,0.0,False,F,76,S
Europa,False,TRAPPIST-1e,42.0,,159.0,4387.0,2.0,3.0,485.0,True,C,228,P
Europa,False,TRAPPIST-1e,28.0,False,0.0,0.0,0.0,0.0,0.0,True,B,230,S
Europa,False,55 Cancri e,54.0,True,0.0,7996.0,0.0,4549.0,10206.0,False,B,214,S
Europa,False,TRAPPIST-1e,44.0,False,0.0,351.0,0.0,3.0,3447.0,False,B,89,P
Earth,False,PSO J318.5-22,20.0,False,38.0,220.0,495.0,0.0,,False,F,431,P
Earth,True,55 Cancri e,20.0,False,0.0,0.0,0.0,0.0,0.0,True,G,940,P
Earth,False,TRAPPIST-1e,13.0,False,911.0,1.0,0.0,74.0,0.0,False,E,166,P
Earth,True,PSO J318.5-22,19.0,False,0.0,0.0,0.0,0.0,0.0,False,G,1377,S
Mars,False,TRAPPIST-1e,,False,793.0,0.0,2.0,253.0,0.0,False,E,4,S
Earth,False,TRAPPIST-1e,20.0,False,546.0,0.0,228.0,0.0,0.0,False,G,354,S
Earth,True,TRAPPIST-1e,27.0,False,0.0,0.0,0.0,0.0,0.0,False,G,900,P
Mars,False,TRAPPIST-1e,54.0,False,1144.0,140.0,2.0,2.0,0.0,False,F,1603,P
Europa,True,TRAPPIST-1e,28.0,False,0.0,0.0,0.0,0.0,0.0,True,B,351,S
Earth,False,,20.0,False,0.0,1.0,34.0,0.0,774.0,False,G,1085,P
Mars,False,TRAPPIST-1e,29.0,False,523.0,0.0,21.0,4.0,811.0,False,E,330,S
Europa,False,55 Cancri e,41.0,False,717.0,641.0,2.0,1559.0,4828.0,False,C,163,P
Earth,False,TRAPPIST-1e,38.0,False,55.0,741.0,0.0,0.0,13.0,True,G,136,P
Earth,True,TRAPPIST-1e,36.0,False,0.0,0.0,0.0,0.0,0.0,False,G,1467,S
Earth,False,TRAPPIST-1e,23.0,False,29.0,0.0,,332.0,270.0,False,F,1627,S
Earth,False,TRAPPIST-1e,43.0,False,473.0,1390.0,0.0,0.0,0.0,True,F,1502,P
Earth,True,PSO J318.5-22,17.0,False,0.0,0.0,0.0,0.0,0.0,False,G,1376,P
Earth,False,TRAPPIST-1e,40.0,False,3.0,0.0,61.0,0.0,742.0,True,F,1414,P
Europa,False,TRAPPIST-1e,32.0,False,0.0,13.0,0.0,2148.0,319.0,False,D,260,P
Earth,False,TRAPPIST-1e,31.0,False,0.0,1.0,0.0,16.0,843.0,False,F,207,S
Earth,True,TRAPPIST-1e,2.0,False,0.0,0.0,0.0,0.0,0.0,True,,,
Europa,True,55 Cancri e,20.0,False,0.0,0.0,0.0,0.0,0.0,True,C,39,P
Mars,,TRAPPIST-1e,17.0,False,250.0,0.0,2179.0,0.0,0.0,True,F,858,S
Earth,False,TRAPPIST-1e,37.0,False,17.0,146.0,426.0,0.0,232.0,True,F,36,S
Europa,False,TRAPPIST-1e,32.0,True,0.0,792.0,0.0,1.0,1335.0,False,A,57,P
Earth,False,TRAPPIST-1e,13.0,False,305.0,582.0,12.0,19.0,0.0,False,F,1506,P
Earth,False,TRAPPIST-1e,21.0,False,129.0,106.0,280.0,183.0,18.0,False,F,1755,P
Europa,True,55 Cancri e,16.0,False,0.0,0.0,0.0,0.0,0.0,True,B,129,P
Earth,False,,19.0,False,0.0,0.0,0.0,641.0,0.0,True,E,61,P
Earth,False,TRAPPIST-1e,27.0,False,0.0,0.0,0.0,0.0,1765.0,False,G,540,P
Europa,False,55 Cancri e,29.0,False,2686.0,0.0,0.0,2854.0,2553.0,False,C,263,P
Europa,True,55 Cancri e,50.0,False,0.0,0.0,0.0,0.0,0.0,True,C,151,S
Earth,False,TRAPPIST-1e,34.0,False,1.0,89.0,0.0,793.0,0.0,False,G,261,S
Mars,False,TRAPPIST-1e,21.0,False,2.0,0.0,898.0,148.0,0.0,False,E,231,S
Earth,False,PSO J318.5-22,20.0,False,0.0,571.0,82.0,0.0,0.0,False,F,1812,P
Mars,True,TRAPPIST-1e,59.0,False,0.0,0.0,0.0,0.0,0.0,True,F,169,P
Europa,False,TRAPPIST-1e,9.0,False,0.0,0.0,0.0,0.0,0.0,True,B,247,P
Earth,,TRAPPIST-1e,64.0,False,0.0,623.0,1827.0,0.0,0.0,True,F,1209,P
Earth,True,55 Cancri e,34.0,False,0.0,0.0,0.0,0.0,0.0,True,G,1067,P
Earth,False,55 Cancri e,20.0,False,30.0,132.0,1121.0,0.0,0.0,True,F,1551,P
Earth,False,55 Cancri e,17.0,False,0.0,0.0,0.0,863.0,0.0,False,F,536,S
Mars,True,TRAPPIST-1e,35.0,False,0.0,0.0,0.0,0.0,0.0,True,F,1536,S
Earth,True,TRAPPIST-1e,25.0,False,0.0,0.0,0.0,0.0,0.0,False,F,1745,S
Earth,False,TRAPPIST-1e,23.0,False,0.0,0.0,0.0,558.0,1.0,False,F,1195,P
Mars,False,TRAPPIST-1e,58.0,False,12.0,0.0,186.0,2436.0,4.0,False,F,856,P
Earth,False,PSO J318.5-22,,False,0.0,2.0,0.0,0.0,867.0,False,,,
Mars,True,TRAPPIST-1e,35.0,False,0.0,0.0,0.0,0.0,0.0,True,F,323,P
,False,TRAPPIST-1e,67.0,False,0.0,761.0,0.0,1.0,0.0,True,F,271,P
Mars,True,TRAPPIST-1e,,False,0.0,0.0,0.0,0.0,0.0,True,F,1700,P
Earth,False,55 Cancri e,43.0,False,0.0,6.0,730.0,1.0,0.0,False,F,400,P
Earth,,TRAPPIST-1e,21.0,False,457.0,79.0,1134.0,0.0,0.0,False,E,308,P
Earth,True,PSO J318.5-22,20.0,False,0.0,0.0,0.0,0.0,0.0,True,G,517,S
Europa,False,TRAPPIST-1e,33.0,False,0.0,28.0,0.0,6841.0,543.0,False,T,2,P
Mars,False,TRAPPIST-1e,17.0,False,848.0,0.0,307.0,182.0,0.0,False,F,44,P
Earth,True,TRAPPIST-1e,22.0,False,0.0,0.0,0.0,,0.0,False,G,482,P
Earth,False,PSO J318.5-22,25.0,False,0.0,0.0,619.0,0.0,70.0,False,F,439,P
Mars,False,TRAPPIST-1e,40.0,False,963.0,14.0,320.0,1.0,0.0,False,E,537,P
Mars,False,,31.0,False,1511.0,0.0,310.0,0.0,0.0,False,F,568,P
,False,55 Cancri e,38.0,,28.0,1208.0,973.0,207.0,0.0,True,F,1792,S
Earth,False,TRAPPIST-1e,0.0,False,0.0,0.0,0.0,0.0,0.0,True,G,1095,P
Earth,False,TRAPPIST-1e,46.0,False,105.0,335.0,0.0,72.0,388.0,False,F,757,P
Earth,True,TRAPPIST-1e,0.0,False,0.0,0.0,0.0,0.0,,True,G,791,S
Mars,True,TRAPPIST-1e,15.0,False,0.0,0.0,0.0,0.0,0.0,True,F,242,S
Europa,False,TRAPPIST-1e,11.0,False,0.0,0.0,0.0,0.0,0.0,True,B,258,S
Mars,True,55 Cancri e,30.0,False,0.0,0.0,0.0,0.0,0.0,True,D,162,S
Earth,True,PSO J318.5-22,18.0,False,0.0,0.0,0.0,0.0,0.0,True,G,920,S
Earth,False,TRAPPIST-1e,,False,900.0,0.0,0.0,0.0,1.0,False,F,537,P
Europa,True,TRAPPIST-1e,26.0,False,0.0,0.0,0.0,0.0,0.0,True,E,477,P
Mars,False,TRAPPIST-1e,,False,1227.0,42.0,1.0,0.0,0.0,False,F,151,S
Earth,False,TRAPPIST-1e,51.0,False,28.0,94.0,0.0,34.0,638.0,False,F,342,S
Earth,False,55 Cancri e,58.0,False,0.0,0.0,620.0,0.0,0.0,False,G,1433,S
Earth,True,PSO J318.5-22,32.0,False,0.0,0.0,0.0,0.0,0.0,True,G,969,S
Europa,False,55 Cancri e,30.0,False,818.0,44.0,2.0,2956.0,2311.0,False,D,156,P
Europa,True,55 Cancri e,18.0,False,0.0,0.0,0.0,0.0,0.0,True,B,19,S
Europa,False,TRAPPIST-1e,26.0,False,0.0,0.0,0.0,0.0,0.0,True,B,255,S
Earth,,TRAPPIST-1e,18.0,False,14.0,2.0,144.0,610.0,0.0,True,G,988,S
Mars,False,TRAPPIST-1e,50.0,,690.0,0.0,30.0,762.0,428.0,False,F,1063,S
Earth,False,PSO J318.5-22,22.0,False,158.0,0.0,476.0,0.0,26.0,False,F,1194,P
Mars,False,TRAPPIST-1e,34.0,False,379.0,0.0,1626.0,0.0,0.0,False,F,191,P
Europa,False,55 Cancri e,28.0,False,7.0,489.0,0.0,4.0,6027.0,False,C,253,P
